customer_key,customer_id,customer_city,customer_state,customer_country,customer_segment
1,20755,Caguas,PR,Puerto Rico,Consumer
2,19492,Caguas,PR,Puerto Rico,Consumer
3,19491,San Jose,CA,EE. UU.,Consumer
4,19490,Los Angeles,CA,EE. UU.,Home Office
5,19489,Caguas,PR,Puerto Rico,Corporate
6,19488,Tonawanda,NY,EE. UU.,Consumer
7,19487,Caguas,PR,Puerto Rico,Home Office
8,19486,Miami,FL,EE. UU.,Corporate
9,19485,Caguas,PR,Puerto Rico,Corporate
10,19484,San Ramon,CA,EE. UU.,Corporate
11,19483,Caguas,PR,Puerto Rico,Corporate
12,19482,Freeport,NY,EE. UU.,Consumer
13,19481,Salinas,CA,EE. UU.,Corporate
14,19480,Caguas,PR,Puerto Rico,Corporate
15,19479,Peabody,MA,EE. UU.,Corporate
16,19478,Caguas,PR,Puerto Rico,Corporate
17,19477,Canovanas,PR,Puerto Rico,Corporate
18,19476,Paramount,CA,EE. UU.,Corporate
19,19475,Caguas,PR,Puerto Rico,Consumer
20,19474,Mount Prospect,IL,EE. UU.,Consumer
21,19473,Long Beach,CA,EE. UU.,Corporate
22,19472,Caguas,PR,Puerto Rico,Corporate
23,19471,Rancho Cordova,CA,EE. UU.,Corporate
24,19470,Caguas,PR,Puerto Rico,Corporate
25,19469,Billings,MT,EE. UU.,Corporate
26,19468,Caguas,PR,Puerto Rico,Corporate
27,19467,Wilkes Barre,PA,EE. UU.,Consumer
28,19466,Caguas,PR,Puerto Rico,Corporate
29,19465,Roseville,MI,EE. UU.,Corporate
30,19464,Bellflower,CA,EE. UU.,Consumer
31,19463,Caguas,PR,Puerto Rico,Consumer
32,19462,Wheaton,IL,EE. UU.,Consumer
33,19461,Caguas,PR,Puerto Rico,Consumer
34,19460,Detroit,MI,EE. UU.,Consumer
35,19459,Dallas,TX,EE. UU.,Consumer
36,19458,Caguas,PR,Puerto Rico,Corporate
37,19457,Carlisle,PA,EE. UU.,Corporate
38,19456,Dallas,TX,EE. UU.,Corporate
39,19455,Caguas,PR,Puerto Rico,Consumer
40,19454,Newark,DE,EE. UU.,Consumer
41,19453,Panorama City,CA,EE. UU.,Consumer
42,19452,Caguas,PR,Puerto Rico,Home Office
43,19451,Atlanta,GA,EE. UU.,Home Office
44,19450,Caguas,PR,Puerto Rico,Home Office
45,19449,Fremont,CA,EE. UU.,Consumer
46,19448,Caguas,PR,Puerto Rico,Corporate
47,19447,Rochester,NY,EE. UU.,Corporate
48,19446,Dallas,TX,EE. UU.,Corporate
49,9083,Bayamon,PR,Puerto Rico,Home Office
50,4741,Caguas,PR,Puerto Rico,Home Office
51,639,Caguas,PR,Puerto Rico,Home Office
52,9702,Caguas,PR,Puerto Rico,Home Office
53,9114,Caguas,PR,Puerto Rico,Home Office
54,1362,Caguas,PR,Puerto Rico,Home Office
55,8011,Caguas,PR,Puerto Rico,Home Office
56,3296,Caguas,PR,Puerto Rico,Home Office
57,3182,Caguas,PR,Puerto Rico,Home Office
58,7864,Caguas,PR,Puerto Rico,Home Office
59,11169,Caguas,PR,Puerto Rico,Home Office
60,5197,Caguas,PR,Puerto Rico,Home Office
61,1535,Caguas,PR,Puerto Rico,Home Office
62,6122,Caguas,PR,Puerto Rico,Home Office
63,9451,Caguas,PR,Puerto Rico,Home Office
64,542,Caguas,PR,Puerto Rico,Home Office
65,11329,Caguas,PR,Puerto Rico,Home Office
66,3570,Caguas,PR,Puerto Rico,Home Office
67,650,Caguas,PR,Puerto Rico,Home Office
68,9353,Caguas,PR,Puerto Rico,Home Office
69,54,Caguas,PR,Puerto Rico,Home Office
70,12151,Caguas,PR,Puerto Rico,Home Office
71,10018,Caguas,PR,Puerto Rico,Home Office
72,4936,Caguas,PR,Puerto Rico,Home Office
73,8707,Caguas,PR,Puerto Rico,Home Office
74,1025,Caguas,PR,Puerto Rico,Home Office
75,8831,Caguas,PR,Puerto Rico,Home Office
76,10679,Caguas,PR,Puerto Rico,Home Office
77,5007,Caguas,PR,Puerto Rico,Home Office
78,9854,Caguas,PR,Puerto Rico,Home Office
79,376,Caguas,PR,Puerto Rico,Home Office
80,5417,Caguas,PR,Puerto Rico,Home Office
81,10759,Caguas,PR,Puerto Rico,Home Office
82,8541,Caguas,PR,Puerto Rico,Home Office
83,3752,Caguas,PR,Puerto Rico,Home Office
84,4673,Caguas,PR,Puerto Rico,Home Office
85,5367,Caguas,PR,Puerto Rico,Home Office
86,10485,Caguas,PR,Puerto Rico,Home Office
87,9272,Caguas,PR,Puerto Rico,Home Office
88,647,Caguas,PR,Puerto Rico,Consumer
89,6398,Caguas,PR,Puerto Rico,Consumer
90,4209,Caguas,PR,Puerto Rico,Consumer
91,8917,Caguas,PR,Puerto Rico,Consumer
92,7784,Caguas,PR,Puerto Rico,Consumer
93,1425,Caguas,PR,Puerto Rico,Consumer
94,2737,Caguas,PR,Puerto Rico,Consumer
95,6428,Caguas,PR,Puerto Rico,Consumer
96,6543,Caguas,PR,Puerto Rico,Consumer
97,3990,Guayama,PR,Puerto Rico,Consumer
98,8524,Caguas,PR,Puerto Rico,Consumer
99,9204,Caguas,PR,Puerto Rico,Consumer
100,11761,Caguas,PR,Puerto Rico,Consumer
101,9554,Caguas,PR,Puerto Rico,Consumer
102,5118,Caguas,PR,Puerto Rico,Consumer
103,5506,Caguas,PR,Puerto Rico,Consumer
104,1423,Caguas,PR,Puerto Rico,Consumer
105,138,Caguas,PR,Puerto Rico,Consumer
106,6360,Caguas,PR,Puerto Rico,Consumer
107,2053,Caguas,PR,Puerto Rico,Consumer
108,10344,Juana Diaz,PR,Puerto Rico,Consumer
109,3375,Caguas,PR,Puerto Rico,Consumer
110,1339,Caguas,PR,Puerto Rico,Consumer
111,7247,Caguas,PR,Puerto Rico,Consumer
112,1273,Caguas,PR,Puerto Rico,Consumer
113,6277,Caguas,PR,Puerto Rico,Consumer
114,7701,Caguas,PR,Puerto Rico,Consumer
115,4126,Caguas,PR,Puerto Rico,Consumer
116,9528,Caguas,PR,Puerto Rico,Consumer
117,1853,Caguas,PR,Puerto Rico,Consumer
118,11149,Caguas,PR,Puerto Rico,Consumer
119,5828,Caguas,PR,Puerto Rico,Consumer
120,6887,Caguas,PR,Puerto Rico,Consumer
121,4781,Caguas,PR,Puerto Rico,Consumer
122,10668,Caguas,PR,Puerto Rico,Consumer
123,5421,Caguas,PR,Puerto Rico,Consumer
124,10200,Caguas,PR,Puerto Rico,Consumer
125,11254,Caguas,PR,Puerto Rico,Consumer
126,11106,Caguas,PR,Puerto Rico,Consumer
127,8456,Caguas,PR,Puerto Rico,Consumer
128,6149,Caguas,PR,Puerto Rico,Consumer
129,1473,Caguas,PR,Puerto Rico,Consumer
130,1840,Caguas,PR,Puerto Rico,Consumer
131,6757,Caguas,PR,Puerto Rico,Consumer
132,3972,Caguas,PR,Puerto Rico,Consumer
133,9316,Caguas,PR,Puerto Rico,Consumer
134,11213,Caguas,PR,Puerto Rico,Consumer
135,3474,Caguas,PR,Puerto Rico,Consumer
136,14630,Caguas,PR,Puerto Rico,Consumer
137,13256,Caguas,PR,Puerto Rico,Consumer
138,14665,Caguas,PR,Puerto Rico,Consumer
139,13363,Caguas,PR,Puerto Rico,Consumer
140,14645,Caguas,PR,Puerto Rico,Consumer
141,13163,Caguas,PR,Puerto Rico,Consumer
142,14553,Caguas,PR,Puerto Rico,Consumer
143,14287,Caguas,PR,Puerto Rico,Consumer
144,13179,Caguas,PR,Puerto Rico,Consumer
145,13035,Caguas,PR,Puerto Rico,Consumer
146,14322,Caguas,PR,Puerto Rico,Consumer
147,13196,Caguas,PR,Puerto Rico,Consumer
148,14604,Caguas,PR,Puerto Rico,Consumer
149,12961,Caguas,PR,Puerto Rico,Consumer
150,14676,Caguas,PR,Puerto Rico,Consumer
151,14087,Caguas,PR,Puerto Rico,Consumer
152,13194,Caguas,PR,Puerto Rico,Consumer
153,14513,Caguas,PR,Puerto Rico,Consumer
154,13461,Caguas,PR,Puerto Rico,Consumer
155,14510,Caguas,PR,Puerto Rico,Consumer
156,13190,Caguas,PR,Puerto Rico,Consumer
157,14508,Caguas,PR,Puerto Rico,Consumer
158,14472,Caguas,PR,Puerto Rico,Consumer
159,14562,Caguas,PR,Puerto Rico,Consumer
160,13206,Caguas,PR,Puerto Rico,Consumer
161,13080,Caguas,PR,Puerto Rico,Consumer
162,14633,Caguas,PR,Puerto Rico,Consumer
163,14097,Caguas,PR,Puerto Rico,Consumer
164,13024,Caguas,PR,Puerto Rico,Consumer
165,778,Caguas,PR,Puerto Rico,Consumer
166,7146,Caguas,PR,Puerto Rico,Consumer
167,6365,Caguas,PR,Puerto Rico,Consumer
168,8422,Caguas,PR,Puerto Rico,Consumer
169,3784,Caguas,PR,Puerto Rico,Consumer
170,10519,Caguas,PR,Puerto Rico,Consumer
171,7132,Caguas,PR,Puerto Rico,Consumer
172,3709,Caguas,PR,Puerto Rico,Consumer
173,1509,Freeport,NY,EE. UU.,Consumer
174,1636,Fort Washington,MD,EE. UU.,Consumer
175,2784,Bakersfield,CA,EE. UU.,Consumer
176,9174,Corona,NY,EE. UU.,Consumer
177,122,Cincinnati,OH,EE. UU.,Consumer
178,3800,Germantown,MD,EE. UU.,Consumer
179,10029,Carrollton,TX,EE. UU.,Consumer
180,2805,Houston,TX,EE. UU.,Consumer
181,12253,Carlisle,PA,EE. UU.,Consumer
182,3528,Los Angeles,CA,EE. UU.,Consumer
183,11018,Ewa Beach,HI,EE. UU.,Consumer
184,3222,Lakewood,NJ,EE. UU.,Consumer
185,6246,Rome,NY,EE. UU.,Consumer
186,8741,Vista,CA,EE. UU.,Consumer
187,8050,Fort Worth,TX,EE. UU.,Consumer
188,5474,Fond Du Lac,WI,EE. UU.,Consumer
189,474,Philadelphia,PA,EE. UU.,Consumer
190,12255,Ontario,CA,EE. UU.,Consumer
191,10288,Oviedo,FL,EE. UU.,Consumer
192,4717,Buffalo,NY,EE. UU.,Consumer
193,4799,Honolulu,HI,EE. UU.,Consumer
194,4533,Oceanside,CA,EE. UU.,Consumer
195,12383,North Tonawanda,NY,EE. UU.,Consumer
196,3518,Clovis,CA,EE. UU.,Consumer
197,4674,Jamaica,NY,EE. UU.,Consumer
198,8519,Granite City,IL,EE. UU.,Consumer
199,5302,Medford,MA,EE. UU.,Consumer
200,3594,Pomona,CA,EE. UU.,Consumer
201,9890,Tempe,AZ,EE. UU.,Consumer
202,1410,Santa Ana,CA,EE. UU.,Consumer
203,7521,York,PA,EE. UU.,Consumer
204,2106,Aurora,CO,EE. UU.,Consumer
205,8144,Simi Valley,CA,EE. UU.,Consumer
206,5643,Silver Spring,MD,EE. UU.,Consumer
207,2041,Saint Paul,MN,EE. UU.,Consumer
208,7537,San Antonio,TX,EE. UU.,Consumer
209,3056,Philadelphia,PA,EE. UU.,Consumer
210,7967,Philadelphia,PA,EE. UU.,Consumer
211,1758,Bronx,NY,EE. UU.,Consumer
212,7884,Greenville,NC,EE. UU.,Corporate
213,289,Morristown,NJ,EE. UU.,Corporate
214,10081,San Diego,CA,EE. UU.,Corporate
215,1169,Oxnard,CA,EE. UU.,Corporate
216,1182,Miami,FL,EE. UU.,Corporate
217,717,Albuquerque,NM,EE. UU.,Corporate
218,20423,Amarillo,TX,EE. UU.,Corporate
219,5801,Lutz,FL,EE. UU.,Corporate
220,702,Bend,OR,EE. UU.,Corporate
221,6951,East Brunswick,NJ,EE. UU.,Corporate
222,6780,Lancaster,SC,EE. UU.,Corporate
223,6422,Ontario,CA,EE. UU.,Corporate
224,5384,Houston,TX,EE. UU.,Corporate
225,2985,Hampton,VA,EE. UU.,Corporate
226,18349,New York,NY,EE. UU.,Corporate
227,11286,Porterville,CA,EE. UU.,Corporate
228,489,Portland,OR,EE. UU.,Corporate
229,4510,Strongsville,OH,EE. UU.,Corporate
230,9626,El Paso,TX,EE. UU.,Corporate
231,9494,Del Rio,TX,EE. UU.,Corporate
232,1718,Buffalo,NY,EE. UU.,Corporate
233,5295,Bountiful,UT,EE. UU.,Corporate
234,3984,Kent,WA,EE. UU.,Corporate
235,5270,Chicago,IL,EE. UU.,Corporate
236,10966,Plymouth,MA,EE. UU.,Corporate
237,1868,Far Rockaway,NY,EE. UU.,Corporate
238,17446,Houston,TX,EE. UU.,Corporate
239,10071,Philadelphia,PA,EE. UU.,Corporate
240,1271,Simi Valley,CA,EE. UU.,Corporate
241,11930,Detroit,MI,EE. UU.,Corporate
242,20529,Garden Grove,CA,EE. UU.,Corporate
243,8358,San Diego,CA,EE. UU.,Corporate
244,7705,Chicago,IL,EE. UU.,Corporate
245,17392,Placentia,CA,EE. UU.,Corporate
246,18276,San Jose,CA,EE. UU.,Corporate
247,7795,Honolulu,HI,EE. UU.,Corporate
248,20655,Mentor,OH,EE. UU.,Corporate
249,2454,Santa Clara,CA,EE. UU.,Corporate
250,150,Union,NJ,EE. UU.,Corporate
251,10671,Long Beach,CA,EE. UU.,Corporate
252,11924,Westminster,CA,EE. UU.,Corporate
253,16086,Pompano Beach,FL,EE. UU.,Corporate
254,4398,Azusa,CA,EE. UU.,Consumer
255,5687,Fort Lauderdale,FL,EE. UU.,Consumer
256,8534,San Antonio,TX,EE. UU.,Consumer
257,3372,Princeton,NJ,EE. UU.,Consumer
258,10927,Perth Amboy,NJ,EE. UU.,Consumer
259,3597,Miami,FL,EE. UU.,Consumer
260,2052,Loveland,OH,EE. UU.,Consumer
261,4399,Virginia Beach,VA,EE. UU.,Consumer
262,185,Louisville,KY,EE. UU.,Consumer
263,3441,Lockport,NY,EE. UU.,Consumer
264,11947,Chicago,IL,EE. UU.,Consumer
265,1555,Staten Island,NY,EE. UU.,Consumer
266,9399,Tucson,AZ,EE. UU.,Consumer
267,2792,Plymouth,MA,EE. UU.,Consumer
268,10118,Cleveland,OH,EE. UU.,Consumer
269,8544,Bronx,NY,EE. UU.,Consumer
270,4296,Webster,NY,EE. UU.,Consumer
271,4391,Stockton,CA,EE. UU.,Consumer
272,2882,Amarillo,TX,EE. UU.,Consumer
273,3283,Martinsburg,WV,EE. UU.,Consumer
274,397,Cumberland,MD,EE. UU.,Consumer
275,4104,Pekin,IL,EE. UU.,Consumer
276,12214,Tallahassee,FL,EE. UU.,Consumer
277,10699,Jacksonville,FL,EE. UU.,Consumer
278,2091,Woonsocket,RI,EE. UU.,Consumer
279,10474,Stockton,CA,EE. UU.,Consumer
280,7504,Lithonia,GA,EE. UU.,Consumer
281,7518,Oak Lawn,IL,EE. UU.,Consumer
282,1738,Detroit,MI,EE. UU.,Consumer
283,1622,Alhambra,CA,EE. UU.,Consumer
284,1325,New Haven,CT,EE. UU.,Consumer
285,5505,North Tonawanda,NY,EE. UU.,Consumer
286,4210,Phoenix,AZ,EE. UU.,Consumer
287,11229,Kenner,LA,EE. UU.,Consumer
288,9385,Washington,PA,EE. UU.,Consumer
289,900,Holland,MI,EE. UU.,Consumer
290,6217,Morrisville,PA,EE. UU.,Consumer
291,9466,Memphis,TN,EE. UU.,Consumer
292,4596,Federal Way,WA,EE. UU.,Consumer
293,5206,San Diego,CA,EE. UU.,Consumer
294,2823,Chicago,IL,EE. UU.,Consumer
295,10408,Los Angeles,CA,EE. UU.,Consumer
296,11011,Bronx,NY,EE. UU.,Consumer
297,40,Long Beach,CA,EE. UU.,Consumer
298,11636,Chicago,IL,EE. UU.,Consumer
299,7454,West Covina,CA,EE. UU.,Corporate
300,5138,Ventura,CA,EE. UU.,Corporate
301,8696,Washington,DC,EE. UU.,Corporate
302,2329,Valrico,FL,EE. UU.,Corporate
303,12431,Kaneohe,HI,EE. UU.,Corporate
304,10860,Ventura,CA,EE. UU.,Corporate
305,12094,Brooklyn,NY,EE. UU.,Corporate
306,5088,Oceanside,CA,EE. UU.,Corporate
307,2200,Fort Worth,TX,EE. UU.,Corporate
308,3997,Brooklyn,NY,EE. UU.,Corporate
309,8746,Cleveland,OH,EE. UU.,Corporate
310,3687,Philadelphia,PA,EE. UU.,Corporate
311,9162,Lodi,CA,EE. UU.,Corporate
312,8993,Bakersfield,CA,EE. UU.,Corporate
313,5875,Philadelphia,PA,EE. UU.,Corporate
314,2502,Long Beach,CA,EE. UU.,Corporate
315,9563,San Jose,CA,EE. UU.,Corporate
316,7259,Murfreesboro,TN,EE. UU.,Corporate
317,3131,Carlsbad,CA,EE. UU.,Corporate
318,4140,Hamilton,OH,EE. UU.,Corporate
319,4539,Houston,TX,EE. UU.,Corporate
320,6071,New York,NY,EE. UU.,Corporate
321,8730,Hayward,CA,EE. UU.,Corporate
322,9634,Bridgeton,NJ,EE. UU.,Corporate
323,8010,Martinsburg,WV,EE. UU.,Corporate
324,3484,Bay Shore,NY,EE. UU.,Corporate
325,7307,Palatine,IL,EE. UU.,Corporate
326,1975,Smyrna,GA,EE. UU.,Corporate
327,629,Van Nuys,CA,EE. UU.,Corporate
328,11753,Opa Locka,FL,EE. UU.,Corporate
329,5375,Los Angeles,CA,EE. UU.,Corporate
330,1695,Saint Paul,MN,EE. UU.,Corporate
331,9884,Edison,NJ,EE. UU.,Corporate
332,8498,Baytown,TX,EE. UU.,Corporate
333,7534,Sylmar,CA,EE. UU.,Corporate
334,123,Bend,OR,EE. UU.,Corporate
335,8925,Opa Locka,FL,EE. UU.,Corporate
336,5981,Burnsville,MN,EE. UU.,Corporate
337,7347,Huntington Station,NY,EE. UU.,Corporate
338,19445,Caguas,PR,Puerto Rico,Corporate
339,19444,Sunnyvale,CA,EE. UU.,Corporate
340,19443,Sugar Land,TX,EE. UU.,Corporate
341,19442,Caguas,PR,Puerto Rico,Corporate
342,19441,Brighton,MA,EE. UU.,Corporate
343,19440,Caguas,PR,Puerto Rico,Corporate
344,19439,Garden Grove,CA,EE. UU.,Corporate
345,19438,Caguas,PR,Puerto Rico,Home Office
346,19437,Bismarck,ND,EE. UU.,Corporate
347,19436,Caguas,PR,Puerto Rico,Home Office
348,19435,Gaithersburg,MD,EE. UU.,Consumer
349,19434,Caguas,PR,Puerto Rico,Corporate
350,19433,Bismarck,ND,EE. UU.,Corporate
351,19432,Honolulu,HI,EE. UU.,Corporate
352,19431,Lilburn,GA,EE. UU.,Corporate
353,19430,Caguas,PR,Puerto Rico,Corporate
354,19429,Virginia Beach,VA,EE. UU.,Consumer
355,19428,Azusa,CA,EE. UU.,Consumer
356,19427,Long Beach,CA,EE. UU.,Corporate
357,19426,Bronx,NY,EE. UU.,Consumer
358,19425,Caguas,PR,Puerto Rico,Consumer
359,19424,Provo,UT,EE. UU.,Consumer
360,19423,Columbia,TN,EE. UU.,Consumer
361,19422,Caguas,PR,Puerto Rico,Consumer
362,19421,Stockton,CA,EE. UU.,Consumer
363,19420,Marietta,GA,EE. UU.,Home Office
364,19419,Caguas,PR,Puerto Rico,Home Office
365,19418,Holland,MI,EE. UU.,Consumer
366,19417,Rio Grande,PR,Puerto Rico,Home Office
367,19416,Brooklyn,NY,EE. UU.,Home Office
368,19415,Caguas,PR,Puerto Rico,Consumer
369,19414,Denver,CO,EE. UU.,Corporate
370,19413,Taylor,MI,EE. UU.,Corporate
371,19412,Caguas,PR,Puerto Rico,Corporate
372,19411,Chicago,IL,EE. UU.,Corporate
373,19410,Caguas,PR,Puerto Rico,Corporate
374,19409,Detroit,MI,EE. UU.,Corporate
375,19408,Caguas,PR,Puerto Rico,Consumer
376,19407,Murfreesboro,TN,EE. UU.,Consumer
377,19406,Caguas,PR,Puerto Rico,Consumer
378,19405,Cleveland,OH,EE. UU.,Corporate
379,19404,Caguas,PR,Puerto Rico,Consumer
380,19403,Lockport,NY,EE. UU.,Corporate
381,19402,Caguas,PR,Puerto Rico,Corporate
382,19401,Saint Charles,MO,EE. UU.,Corporate
383,19400,Los Angeles,CA,EE. UU.,Corporate
384,19399,Cupertino,CA,EE. UU.,Home Office
385,19398,Caguas,PR,Puerto Rico,Home Office
386,19397,Springfield,MO,EE. UU.,Home Office
387,19396,Caguas,PR,Puerto Rico,Home Office
388,19395,Mission Viejo,CA,EE. UU.,Home Office
389,19394,Los Angeles,CA,EE. UU.,Home Office
390,19393,Caguas,PR,Puerto Rico,Home Office
391,19392,Roswell,GA,EE. UU.,Home Office
392,19391,Caguas,PR,Puerto Rico,Corporate
393,19390,Ypsilanti,MI,EE. UU.,Home Office
394,19389,Brooklyn,NY,EE. UU.,Corporate
395,19388,Caguas,PR,Puerto Rico,Corporate
396,19387,Peoria,AZ,EE. UU.,Corporate
397,19386,Caguas,PR,Puerto Rico,Corporate
398,19385,Garden Grove,CA,EE. UU.,Corporate
399,19384,Caguas,PR,Puerto Rico,Home Office
400,19383,Clementon,NJ,EE. UU.,Corporate
401,19382,Memphis,TN,EE. UU.,Corporate
402,19381,Antioch,TN,EE. UU.,Consumer
403,19380,Caguas,PR,Puerto Rico,Consumer
404,19379,Salt Lake City,UT,EE. UU.,Home Office
405,19378,Caguas,PR,Puerto Rico,Consumer
406,19377,Bakersfield,CA,EE. UU.,Consumer
407,19376,Caguas,PR,Puerto Rico,Corporate
408,19375,Granada Hills,CA,EE. UU.,Consumer
409,19374,Caguas,PR,Puerto Rico,Consumer
410,19373,Tallahassee,FL,EE. UU.,Home Office
411,19372,Caguas,PR,Puerto Rico,Home Office
412,19371,Hempstead,NY,EE. UU.,Home Office
413,19370,Caguas,PR,Puerto Rico,Corporate
414,19369,Astoria,NY,EE. UU.,Corporate
415,19368,Gilroy,CA,EE. UU.,Consumer
416,19367,Caguas,PR,Puerto Rico,Consumer
417,19366,Azusa,CA,EE. UU.,Consumer
418,19365,Caguas,PR,Puerto Rico,Consumer
419,19364,Lenoir,NC,EE. UU.,Consumer
420,19363,Columbus,OH,EE. UU.,Consumer
421,19362,Albany,OR,EE. UU.,Consumer
422,19361,Humacao,PR,Puerto Rico,Consumer
423,19360,Caguas,PR,Puerto Rico,Corporate
424,19359,Lindenhurst,NY,EE. UU.,Corporate
425,19358,Elyria,OH,EE. UU.,Corporate
426,19357,Caguas,PR,Puerto Rico,Corporate
427,19356,Riverside,CA,EE. UU.,Consumer
428,19355,Caguas,PR,Puerto Rico,Corporate
429,19354,Carson,CA,EE. UU.,Home Office
430,19353,Mesa,AZ,EE. UU.,Consumer
431,19352,Caguas,PR,Puerto Rico,Home Office
432,19351,Honolulu,HI,EE. UU.,Home Office
433,19350,Caguas,PR,Puerto Rico,Consumer
434,12069,Caguas,PR,Puerto Rico,Home Office
435,9597,Caguas,PR,Puerto Rico,Home Office
436,9467,Caguas,PR,Puerto Rico,Home Office
437,2546,Caguas,PR,Puerto Rico,Home Office
438,2240,Caguas,PR,Puerto Rico,Home Office
439,11650,Caguas,PR,Puerto Rico,Home Office
440,10368,Caguas,PR,Puerto Rico,Home Office
441,6489,Caguas,PR,Puerto Rico,Home Office
442,10533,Caguas,PR,Puerto Rico,Home Office
443,11292,Caguas,PR,Puerto Rico,Home Office
444,47,Caguas,PR,Puerto Rico,Home Office
445,6405,Caguas,PR,Puerto Rico,Home Office
446,2426,Caguas,PR,Puerto Rico,Home Office
447,8133,Caguas,PR,Puerto Rico,Home Office
448,1429,Caguas,PR,Puerto Rico,Home Office
449,9120,Caguas,PR,Puerto Rico,Home Office
450,12221,Caguas,PR,Puerto Rico,Home Office
451,9415,Caguas,PR,Puerto Rico,Home Office
452,724,Caguas,PR,Puerto Rico,Home Office
453,8897,Caguas,PR,Puerto Rico,Home Office
454,7112,Caguas,PR,Puerto Rico,Home Office
455,1086,Caguas,PR,Puerto Rico,Home Office
456,2916,Caguas,PR,Puerto Rico,Home Office
457,11339,Caguas,PR,Puerto Rico,Home Office
458,10166,Caguas,PR,Puerto Rico,Home Office
459,3091,Caguas,PR,Puerto Rico,Home Office
460,1070,Caguas,PR,Puerto Rico,Home Office
461,6871,Caguas,PR,Puerto Rico,Home Office
462,2339,Caguas,PR,Puerto Rico,Home Office
463,4232,Caguas,PR,Puerto Rico,Home Office
464,8986,Caguas,PR,Puerto Rico,Home Office
465,6491,Caguas,PR,Puerto Rico,Home Office
466,5564,Caguas,PR,Puerto Rico,Home Office
467,7955,Caguas,PR,Puerto Rico,Home Office
468,5728,Caguas,PR,Puerto Rico,Home Office
469,9704,Caguas,PR,Puerto Rico,Home Office
470,8485,Caguas,PR,Puerto Rico,Home Office
471,11216,Caguas,PR,Puerto Rico,Home Office
472,12160,Caguas,PR,Puerto Rico,Home Office
473,6352,Caguas,PR,Puerto Rico,Home Office
474,5870,Caguas,PR,Puerto Rico,Home Office
475,11776,Caguas,PR,Puerto Rico,Home Office
476,7060,Caguas,PR,Puerto Rico,Home Office
477,3466,Caguas,PR,Puerto Rico,Home Office
478,1834,Caguas,PR,Puerto Rico,Home Office
479,2439,Caguas,PR,Puerto Rico,Home Office
480,6416,Caguas,PR,Puerto Rico,Home Office
481,6310,Caguas,PR,Puerto Rico,Home Office
482,9029,Caguas,PR,Puerto Rico,Home Office
483,295,Caguas,PR,Puerto Rico,Home Office
484,9011,Caguas,PR,Puerto Rico,Home Office
485,1577,Caguas,PR,Puerto Rico,Home Office
486,1568,Caguas,PR,Puerto Rico,Home Office
487,9047,Caguas,PR,Puerto Rico,Home Office
488,7603,Caguas,PR,Puerto Rico,Home Office
489,6746,Caguas,PR,Puerto Rico,Home Office
490,1566,Caguas,PR,Puerto Rico,Consumer
491,2918,Caguas,PR,Puerto Rico,Consumer
492,1491,Caguas,PR,Puerto Rico,Consumer
493,14915,Caguas,PR,Puerto Rico,Consumer
494,9619,Caguas,PR,Puerto Rico,Consumer
495,2363,Caguas,PR,Puerto Rico,Consumer
496,5898,Caguas,PR,Puerto Rico,Consumer
497,1948,Caguas,PR,Puerto Rico,Consumer
498,1820,Caguas,PR,Puerto Rico,Consumer
499,14770,Caguas,PR,Puerto Rico,Consumer
500,1962,Caguas,PR,Puerto Rico,Consumer
501,7175,Caguas,PR,Puerto Rico,Consumer
502,1222,Caguas,PR,Puerto Rico,Consumer
503,487,Caguas,PR,Puerto Rico,Consumer
504,2217,Caguas,PR,Puerto Rico,Consumer
505,14824,Caguas,PR,Puerto Rico,Consumer
506,2078,San Juan,PR,Puerto Rico,Consumer
507,10497,Caguas,PR,Puerto Rico,Consumer
508,4695,Caguas,PR,Puerto Rico,Consumer
509,9857,Caguas,PR,Puerto Rico,Consumer
510,2168,Caguas,PR,Puerto Rico,Consumer
511,4078,Caguas,PR,Puerto Rico,Consumer
512,11887,Caguas,PR,Puerto Rico,Consumer
513,6588,Caguas,PR,Puerto Rico,Consumer
514,7167,Caguas,PR,Puerto Rico,Consumer
515,1459,Caguas,PR,Puerto Rico,Consumer
516,548,Caguas,PR,Puerto Rico,Consumer
517,5224,Caguas,PR,Puerto Rico,Consumer
518,2686,Caguas,PR,Puerto Rico,Consumer
519,468,Caguas,PR,Puerto Rico,Consumer
520,1260,Caguas,PR,Puerto Rico,Consumer
521,3050,Caguas,PR,Puerto Rico,Consumer
522,10308,Caguas,PR,Puerto Rico,Consumer
523,387,Caguas,PR,Puerto Rico,Consumer
524,2270,Caguas,PR,Puerto Rico,Consumer
525,482,Caguas,PR,Puerto Rico,Consumer
526,1956,Caguas,PR,Puerto Rico,Consumer
527,7466,Caguas,PR,Puerto Rico,Consumer
528,8224,Caguas,PR,Puerto Rico,Consumer
529,3490,Caguas,PR,Puerto Rico,Consumer
530,1596,Caguas,PR,Puerto Rico,Consumer
531,3969,Vega Baja,PR,Puerto Rico,Consumer
532,9342,Caguas,PR,Puerto Rico,Consumer
533,2028,Caguas,PR,Puerto Rico,Consumer
534,3940,Caguas,PR,Puerto Rico,Consumer
535,8293,Caguas,PR,Puerto Rico,Consumer
536,9962,Caguas,PR,Puerto Rico,Consumer
537,8098,Caguas,PR,Puerto Rico,Consumer
538,8348,Caguas,PR,Puerto Rico,Consumer
539,653,Caguas,PR,Puerto Rico,Consumer
540,8645,Caguas,PR,Puerto Rico,Consumer
541,1275,Caguas,PR,Puerto Rico,Consumer
542,11189,Caguas,PR,Puerto Rico,Consumer
543,5988,Caguas,PR,Puerto Rico,Consumer
544,9726,Caguas,PR,Puerto Rico,Consumer
545,5113,Caguas,PR,Puerto Rico,Consumer
546,7202,Caguas,PR,Puerto Rico,Consumer
547,1173,Caguas,PR,Puerto Rico,Consumer
548,13597,Caguas,PR,Puerto Rico,Consumer
549,4047,Caguas,PR,Puerto Rico,Consumer
550,6594,Caguas,PR,Puerto Rico,Consumer
551,1186,Caguas,PR,Puerto Rico,Consumer
552,4279,Caguas,PR,Puerto Rico,Consumer
553,4151,Caguas,PR,Puerto Rico,Consumer
554,14848,Caguas,PR,Puerto Rico,Consumer
555,4697,Caguas,PR,Puerto Rico,Consumer
556,5887,Caguas,PR,Puerto Rico,Consumer
557,3207,Caguas,PR,Puerto Rico,Consumer
558,12310,Caguas,PR,Puerto Rico,Consumer
559,8397,Caguas,PR,Puerto Rico,Consumer
560,6306,Caguas,PR,Puerto Rico,Consumer
561,8002,Caguas,PR,Puerto Rico,Consumer
562,12382,Caguas,PR,Puerto Rico,Consumer
563,7844,Mayaguez,PR,Puerto Rico,Consumer
564,12291,Caguas,PR,Puerto Rico,Consumer
565,6523,Caguas,PR,Puerto Rico,Consumer
566,4867,Caguas,PR,Puerto Rico,Consumer
567,5301,Caguas,PR,Puerto Rico,Consumer
568,4784,Caguas,PR,Puerto Rico,Consumer
569,7446,Caguas,PR,Puerto Rico,Consumer
570,11455,Caguas,PR,Puerto Rico,Consumer
571,5364,Caguas,PR,Puerto Rico,Consumer
572,259,Caguas,PR,Puerto Rico,Consumer
573,11290,Caguas,PR,Puerto Rico,Consumer
574,8517,Humacao,PR,Puerto Rico,Consumer
575,7407,Caguas,PR,Puerto Rico,Consumer
576,5965,Caguas,PR,Puerto Rico,Consumer
577,8677,Caguas,PR,Puerto Rico,Consumer
578,10093,Caguas,PR,Puerto Rico,Consumer
579,12119,Caguas,PR,Puerto Rico,Consumer
580,8274,Caguas,PR,Puerto Rico,Consumer
581,2291,Caguas,PR,Puerto Rico,Consumer
582,11310,Caguas,PR,Puerto Rico,Consumer
583,155,Caguas,PR,Puerto Rico,Consumer
584,4998,Caguas,PR,Puerto Rico,Consumer
585,7720,Caguas,PR,Puerto Rico,Consumer
586,3099,Caguas,PR,Puerto Rico,Consumer
587,5011,Caguas,PR,Puerto Rico,Consumer
588,2643,Caguas,PR,Puerto Rico,Consumer
589,9501,Caguas,PR,Puerto Rico,Consumer
590,9760,Caguas,PR,Puerto Rico,Consumer
591,11793,Caguas,PR,Puerto Rico,Consumer
592,7273,Bayamon,PR,Puerto Rico,Consumer
593,3329,Caguas,PR,Puerto Rico,Consumer
594,9429,Caguas,PR,Puerto Rico,Consumer
595,437,Caguas,PR,Puerto Rico,Consumer
596,2538,Caguas,PR,Puerto Rico,Consumer
597,4280,Arecibo,PR,Puerto Rico,Consumer
598,2813,Caguas,PR,Puerto Rico,Consumer
599,4249,Caguas,PR,Puerto Rico,Consumer
600,9697,Vega Baja,PR,Puerto Rico,Consumer
601,27,Caguas,PR,Puerto Rico,Consumer
602,5274,Caguas,PR,Puerto Rico,Consumer
603,11273,Caguas,PR,Puerto Rico,Consumer
604,9495,Caguas,PR,Puerto Rico,Consumer
605,4841,Caguas,PR,Puerto Rico,Consumer
606,9803,Caguas,PR,Puerto Rico,Consumer
607,7391,Caguas,PR,Puerto Rico,Consumer
608,11426,Caguas,PR,Puerto Rico,Consumer
609,11664,Caguas,PR,Puerto Rico,Consumer
610,5339,Caguas,PR,Puerto Rico,Consumer
611,3204,Caguas,PR,Puerto Rico,Consumer
612,4438,Caguas,PR,Puerto Rico,Consumer
613,5243,Caguas,PR,Puerto Rico,Consumer
614,5089,Caguas,PR,Puerto Rico,Consumer
615,6073,Caguas,PR,Puerto Rico,Consumer
616,8992,Caguas,PR,Puerto Rico,Consumer
617,6466,Caguas,PR,Puerto Rico,Consumer
618,11438,Caguas,PR,Puerto Rico,Consumer
619,9524,Caguas,PR,Puerto Rico,Consumer
620,2464,Caguas,PR,Puerto Rico,Consumer
621,3770,San Sebastian,PR,Puerto Rico,Consumer
622,1306,Caguas,PR,Puerto Rico,Consumer
623,10811,Caguas,PR,Puerto Rico,Consumer
624,12033,Caguas,PR,Puerto Rico,Consumer
625,9248,Caguas,PR,Puerto Rico,Consumer
626,2214,Caguas,PR,Puerto Rico,Consumer
627,6738,Caguas,PR,Puerto Rico,Consumer
628,5074,Caguas,PR,Puerto Rico,Consumer
629,9148,Caguas,PR,Puerto Rico,Consumer
630,3497,New York,NY,EE. UU.,Consumer
631,10066,Phoenix,AZ,EE. UU.,Consumer
632,4248,Eugene,OR,EE. UU.,Consumer
633,6473,Long Beach,CA,EE. UU.,Consumer
634,12288,Algonquin,IL,EE. UU.,Consumer
635,7764,Indianapolis,IN,EE. UU.,Consumer
636,11720,Los Angeles,CA,EE. UU.,Consumer
637,3935,Buena Park,CA,EE. UU.,Consumer
638,8792,Hayward,CA,EE. UU.,Consumer
639,10416,Catonsville,MD,EE. UU.,Consumer
640,424,Carlisle,PA,EE. UU.,Consumer
641,10031,Staten Island,NY,EE. UU.,Consumer
642,10819,Long Beach,CA,EE. UU.,Consumer
643,5418,Marietta,GA,EE. UU.,Consumer
644,7272,Jersey City,NJ,EE. UU.,Consumer
645,5329,Long Beach,CA,EE. UU.,Consumer
646,7810,Memphis,TN,EE. UU.,Consumer
647,3624,Lutz,FL,EE. UU.,Consumer
648,7331,Lombard,IL,EE. UU.,Consumer
649,125,Oxnard,CA,EE. UU.,Consumer
650,9419,Brooklyn,NY,EE. UU.,Consumer
651,1250,New Bedford,MA,EE. UU.,Consumer
652,7683,Newburgh,NY,EE. UU.,Consumer
653,2728,Miami,FL,EE. UU.,Consumer
654,4612,Lansdale,PA,EE. UU.,Consumer
655,12019,Los Angeles,CA,EE. UU.,Consumer
656,10549,Baltimore,MD,EE. UU.,Consumer
657,4909,Phoenix,AZ,EE. UU.,Consumer
658,5854,Fullerton,CA,EE. UU.,Consumer
659,3066,Baltimore,MD,EE. UU.,Consumer
660,11431,Sacramento,CA,EE. UU.,Consumer
661,9906,Chicago,IL,EE. UU.,Consumer
662,2048,Greensboro,NC,EE. UU.,Consumer
663,3071,San Jose,CA,EE. UU.,Consumer
664,11065,New York,NY,EE. UU.,Consumer
665,394,Lakewood,OH,EE. UU.,Consumer
666,5707,Hamilton,OH,EE. UU.,Consumer
667,2682,Roseburg,OR,EE. UU.,Consumer
668,467,Modesto,CA,EE. UU.,Consumer
669,10577,New York,NY,EE. UU.,Consumer
670,3471,New Bedford,MA,EE. UU.,Consumer
671,3535,Encinitas,CA,EE. UU.,Consumer
672,11715,San Jose,CA,EE. UU.,Consumer
673,9814,Rome,NY,EE. UU.,Consumer
674,4848,Watsonville,CA,EE. UU.,Consumer
675,569,Meridian,ID,EE. UU.,Consumer
676,5749,Houston,TX,EE. UU.,Consumer
677,4460,Los Angeles,CA,EE. UU.,Consumer
678,6506,Brooklyn,NY,EE. UU.,Consumer
679,6050,Endicott,NY,EE. UU.,Consumer
680,3246,San Jose,CA,EE. UU.,Consumer
681,2364,Katy,TX,EE. UU.,Consumer
682,12216,Visalia,CA,EE. UU.,Consumer
683,11388,Lancaster,CA,EE. UU.,Consumer
684,1628,Phoenix,AZ,EE. UU.,Consumer
685,7222,Lompoc,CA,EE. UU.,Consumer
686,5929,Miami,FL,EE. UU.,Consumer
687,6123,York,PA,EE. UU.,Consumer
688,587,Ogden,UT,EE. UU.,Consumer
689,1240,Raleigh,NC,EE. UU.,Consumer
690,8806,Virginia Beach,VA,EE. UU.,Consumer
691,341,Carlsbad,CA,EE. UU.,Consumer
692,3064,Hacienda Heights,CA,EE. UU.,Consumer
693,10614,Union City,NJ,EE. UU.,Consumer
694,10563,Hollywood,FL,EE. UU.,Consumer
695,11002,Bolingbrook,IL,EE. UU.,Consumer
696,11486,West Lafayette,IN,EE. UU.,Consumer
697,1759,Astoria,NY,EE. UU.,Consumer
698,10659,Newark,NJ,EE. UU.,Consumer
699,8899,San Jose,CA,EE. UU.,Consumer
700,3315,Woodbridge,VA,EE. UU.,Consumer
701,10051,Weslaco,TX,EE. UU.,Consumer
702,6402,Jamaica,NY,EE. UU.,Consumer
703,4021,Lakewood,OH,EE. UU.,Consumer
704,4195,Dallas,TX,EE. UU.,Consumer
705,7464,Bell Gardens,CA,EE. UU.,Consumer
706,11592,Portland,OR,EE. UU.,Consumer
707,10831,San Diego,CA,EE. UU.,Consumer
708,7586,La Mirada,CA,EE. UU.,Consumer
709,8551,Los Angeles,CA,EE. UU.,Corporate
710,7163,Detroit,MI,EE. UU.,Corporate
711,9163,Billings,MT,EE. UU.,Corporate
712,20402,North Bergen,NJ,EE. UU.,Corporate
713,4807,Mission Viejo,CA,EE. UU.,Corporate
714,88,Atlanta,GA,EE. UU.,Corporate
715,7697,New York,NY,EE. UU.,Corporate
716,18007,Baltimore,MD,EE. UU.,Corporate
717,8720,Strongsville,OH,EE. UU.,Corporate
718,12100,Chicago,IL,EE. UU.,Corporate
719,11979,Madison,WI,EE. UU.,Corporate
720,3905,South San Francisco,CA,EE. UU.,Corporate
721,8552,Philadelphia,PA,EE. UU.,Corporate
722,12038,Fort Lauderdale,FL,EE. UU.,Corporate
723,15995,North Las Vegas,NV,EE. UU.,Corporate
724,10291,Aurora,CO,EE. UU.,Corporate
725,1293,Methuen,MA,EE. UU.,Corporate
726,6961,Costa Mesa,CA,EE. UU.,Corporate
727,16013,Chicago,IL,EE. UU.,Corporate
728,7931,Glen Burnie,MD,EE. UU.,Corporate
729,20545,Fairfield,OH,EE. UU.,Corporate
730,4618,Lithonia,GA,EE. UU.,Corporate
731,4357,Peoria,AZ,EE. UU.,Corporate
732,3029,Winnetka,CA,EE. UU.,Corporate
733,9769,Simi Valley,CA,EE. UU.,Corporate
734,3567,Honolulu,HI,EE. UU.,Corporate
735,5582,Chicago,IL,EE. UU.,Corporate
736,6855,Philadelphia,PA,EE. UU.,Corporate
737,10026,Mcallen,TX,EE. UU.,Corporate
738,20400,Los Angeles,CA,EE. UU.,Corporate
739,6956,Joliet,IL,EE. UU.,Corporate
740,10082,Brownsville,TX,EE. UU.,Corporate
741,1839,Silver Spring,MD,EE. UU.,Corporate
742,10155,Pawtucket,RI,EE. UU.,Corporate
743,1098,Columbia,TN,EE. UU.,Corporate
744,3172,Colorado Springs,CO,EE. UU.,Corporate
745,5536,Alhambra,CA,EE. UU.,Corporate
746,11372,Bakersfield,CA,EE. UU.,Corporate
747,4005,Quincy,MA,EE. UU.,Corporate
748,11632,San Antonio,TX,EE. UU.,Corporate
749,10891,Pittsfield,MA,EE. UU.,Corporate
750,4813,Chino,CA,EE. UU.,Corporate
751,11801,Chicago,IL,EE. UU.,Corporate
752,6156,Bronx,NY,EE. UU.,Corporate
753,1763,Marion,OH,EE. UU.,Corporate
754,6721,North Hills,CA,EE. UU.,Corporate
755,12205,Chicago,IL,EE. UU.,Corporate
756,10790,Salina,KS,EE. UU.,Corporate
757,11922,Hyattsville,MD,EE. UU.,Corporate
758,10438,North Richland Hills,TX,EE. UU.,Corporate
759,17747,Spring Valley,NY,EE. UU.,Corporate
760,16011,Fort Lauderdale,FL,EE. UU.,Corporate
761,18004,Chicago,IL,EE. UU.,Corporate
762,8,Lawrence,MA,EE. UU.,Corporate
763,3275,Fremont,CA,EE. UU.,Corporate
764,9023,Cleveland,OH,EE. UU.,Corporate
765,8643,Ontario,CA,EE. UU.,Corporate
766,11797,West Covina,CA,EE. UU.,Corporate
767,4062,Oceanside,CA,EE. UU.,Corporate
768,6897,Columbus,GA,EE. UU.,Corporate
769,11892,Lodi,CA,EE. UU.,Corporate
770,6763,Los Angeles,CA,EE. UU.,Corporate
771,17459,Newburgh,NY,EE. UU.,Corporate
772,8622,Pompano Beach,FL,EE. UU.,Corporate
773,241,Hamilton,OH,EE. UU.,Corporate
774,17746,Milpitas,CA,EE. UU.,Corporate
775,822,Rowland Heights,CA,EE. UU.,Corporate
776,6376,North Tonawanda,NY,EE. UU.,Corporate
777,9557,Gardena,CA,EE. UU.,Consumer
778,11397,Tallahassee,FL,EE. UU.,Consumer
779,6999,Cicero,IL,EE. UU.,Consumer
780,10534,Eugene,OR,EE. UU.,Consumer
781,6815,Los Angeles,CA,EE. UU.,Consumer
782,2269,Riverside,CA,EE. UU.,Consumer
783,10708,Asheboro,NC,EE. UU.,Consumer
784,9119,La Crosse,WI,EE. UU.,Consumer
785,9500,Florissant,MO,EE. UU.,Consumer
786,9910,Encinitas,CA,EE. UU.,Consumer
787,5036,Canyon Country,CA,EE. UU.,Consumer
788,2698,Pomona,CA,EE. UU.,Consumer
789,6220,Ithaca,NY,EE. UU.,Consumer
790,6947,Los Angeles,CA,EE. UU.,Consumer
791,442,Allentown,PA,EE. UU.,Consumer
792,9671,Lompoc,CA,EE. UU.,Consumer
793,5283,Escondido,CA,EE. UU.,Consumer
794,3364,Martinez,CA,EE. UU.,Consumer
795,2170,Troy,MI,EE. UU.,Consumer
796,11348,Granite City,IL,EE. UU.,Consumer
797,10224,North Las Vegas,NV,EE. UU.,Consumer
798,7006,Arlington,VA,EE. UU.,Consumer
799,7363,Tonawanda,NY,EE. UU.,Consumer
800,1595,Troy,MI,EE. UU.,Consumer
801,7492,Simi Valley,CA,EE. UU.,Consumer
802,9821,New Bedford,MA,EE. UU.,Consumer
803,5246,Tempe,AZ,EE. UU.,Consumer
804,558,Carlisle,PA,EE. UU.,Consumer
805,1063,Dallas,TX,EE. UU.,Consumer
806,2610,Davis,CA,EE. UU.,Consumer
807,3964,Brooklyn,NY,EE. UU.,Consumer
808,3868,Chandler,AZ,EE. UU.,Consumer
809,3961,Chandler,AZ,EE. UU.,Consumer
810,1261,Fullerton,CA,EE. UU.,Consumer
811,9341,Chicago,IL,EE. UU.,Consumer
812,2550,Elgin,IL,EE. UU.,Consumer
813,12045,Carlisle,PA,EE. UU.,Consumer
814,2719,Palmdale,CA,EE. UU.,Consumer
815,7924,Brooklyn,NY,EE. UU.,Consumer
816,3206,North Tonawanda,NY,EE. UU.,Consumer
817,11945,Honolulu,HI,EE. UU.,Consumer
818,3141,Massapequa,NY,EE. UU.,Consumer
819,3942,Los Angeles,CA,EE. UU.,Consumer
820,8065,Los Angeles,CA,EE. UU.,Consumer
821,6758,Santa Ana,CA,EE. UU.,Consumer
822,4842,Pittsburg,CA,EE. UU.,Consumer
823,581,West New York,NJ,EE. UU.,Consumer
824,4563,Dallas,TX,EE. UU.,Consumer
825,9096,Los Angeles,CA,EE. UU.,Consumer
826,9813,Aurora,CO,EE. UU.,Consumer
827,2492,Clementon,NJ,EE. UU.,Consumer
828,1445,San Diego,CA,EE. UU.,Consumer
829,7327,Orlando,FL,EE. UU.,Consumer
830,8701,Troy,MI,EE. UU.,Consumer
831,7783,Hanover,PA,EE. UU.,Consumer
832,5621,Virginia Beach,VA,EE. UU.,Consumer
833,5767,Los Angeles,CA,EE. UU.,Consumer
834,430,Porterville,CA,EE. UU.,Consumer
835,10132,Glendale,AZ,EE. UU.,Consumer
836,12350,Chicago,IL,EE. UU.,Consumer
837,2256,San Jose,CA,EE. UU.,Consumer
838,1045,Huntington Station,NY,EE. UU.,Consumer
839,5939,Enfield,CT,EE. UU.,Consumer
840,9371,Meridian,ID,EE. UU.,Consumer
841,11536,Bend,OR,EE. UU.,Consumer
842,10129,Philadelphia,PA,EE. UU.,Consumer
843,7905,Brownsville,TX,EE. UU.,Consumer
844,8674,Baldwin Park,CA,EE. UU.,Consumer
845,1902,Elyria,OH,EE. UU.,Consumer
846,1408,Chicago,IL,EE. UU.,Consumer
847,9172,Chino Hills,CA,EE. UU.,Consumer
848,3659,Philadelphia,PA,EE. UU.,Consumer
849,10827,Ventura,CA,EE. UU.,Consumer
850,9146,Wheaton,IL,EE. UU.,Consumer
851,20,West New York,NJ,EE. UU.,Consumer
852,8391,Amarillo,TX,EE. UU.,Consumer
853,11510,Encinitas,CA,EE. UU.,Consumer
854,10821,Toms River,NJ,EE. UU.,Consumer
855,4727,Honolulu,HI,EE. UU.,Consumer
856,10647,Chicago,IL,EE. UU.,Consumer
857,7141,Sacramento,CA,EE. UU.,Corporate
858,6172,Fort Washington,MD,EE. UU.,Corporate
859,2741,Long Beach,CA,EE. UU.,Corporate
860,1180,Wyandotte,MI,EE. UU.,Corporate
861,6875,Newark,NJ,EE. UU.,Corporate
862,10864,Brooklyn,NY,EE. UU.,Corporate
863,242,Mililani,HI,EE. UU.,Corporate
864,9002,New York,NY,EE. UU.,Corporate
865,9145,Brooklyn,NY,EE. UU.,Corporate
866,7887,Loveland,OH,EE. UU.,Corporate
867,2817,Harvey,IL,EE. UU.,Corporate
868,2013,Saint Paul,MN,EE. UU.,Corporate
869,5920,Chandler,AZ,EE. UU.,Corporate
870,5674,Ewa Beach,HI,EE. UU.,Corporate
871,11012,Fond Du Lac,WI,EE. UU.,Corporate
872,6508,Hamilton,OH,EE. UU.,Corporate
873,8995,Mechanicsburg,PA,EE. UU.,Corporate
874,9507,Simi Valley,CA,EE. UU.,Corporate
875,11056,Opelousas,LA,EE. UU.,Corporate
876,10558,Kailua,HI,EE. UU.,Corporate
877,6707,Norfolk,VA,EE. UU.,Corporate
878,4029,Woodbridge,VA,EE. UU.,Corporate
879,2189,Elmhurst,IL,EE. UU.,Corporate
880,1865,Detroit,MI,EE. UU.,Corporate
881,9345,Aurora,CO,EE. UU.,Corporate
882,9356,Phoenix,AZ,EE. UU.,Corporate
883,5821,Hyattsville,MD,EE. UU.,Corporate
884,532,Sugar Land,TX,EE. UU.,Corporate
885,8977,Elyria,OH,EE. UU.,Corporate
886,4117,Raleigh,NC,EE. UU.,Corporate
887,3985,Chillicothe,OH,EE. UU.,Corporate
888,3586,Jersey City,NJ,EE. UU.,Corporate
889,9001,Canoga Park,CA,EE. UU.,Corporate
890,10678,Amarillo,TX,EE. UU.,Corporate
891,1664,Jackson,MI,EE. UU.,Corporate
892,11882,Moreno Valley,CA,EE. UU.,Corporate
893,4808,Chicago,IL,EE. UU.,Corporate
894,10201,New Orleans,LA,EE. UU.,Corporate
895,2292,San Benito,TX,EE. UU.,Corporate
896,11675,Los Angeles,CA,EE. UU.,Corporate
897,1144,Brooklyn,NY,EE. UU.,Corporate
898,640,New Castle,DE,EE. UU.,Corporate
899,8612,Hanover,PA,EE. UU.,Corporate
900,4402,Honolulu,HI,EE. UU.,Corporate
901,3815,Bloomfield,NJ,EE. UU.,Corporate
902,10834,Albuquerque,NM,EE. UU.,Corporate
903,3554,Los Angeles,CA,EE. UU.,Corporate
904,10219,Cypress,CA,EE. UU.,Corporate
905,11730,New Orleans,LA,EE. UU.,Corporate
906,4756,Brooklyn,NY,EE. UU.,Corporate
907,7229,Newburgh,NY,EE. UU.,Corporate
908,7963,New York,NY,EE. UU.,Corporate
909,4464,Amarillo,TX,EE. UU.,Corporate
910,5429,Jackson,MI,EE. UU.,Corporate
911,1383,Marrero,LA,EE. UU.,Corporate
912,3153,Grand Prairie,TX,EE. UU.,Corporate
913,11357,Bronx,NY,EE. UU.,Corporate
914,4700,Greeley,CO,EE. UU.,Corporate
915,6187,West Covina,CA,EE. UU.,Corporate
916,4862,Chicago,IL,EE. UU.,Corporate
917,6180,North Richland Hills,TX,EE. UU.,Corporate
918,11977,Riverside,CA,EE. UU.,Corporate
919,10126,San Diego,CA,EE. UU.,Corporate
920,1880,Miami,FL,EE. UU.,Corporate
921,8747,Wyandotte,MI,EE. UU.,Corporate
922,11252,Cleveland,OH,EE. UU.,Corporate
923,5598,Houston,TX,EE. UU.,Corporate
924,1067,Littleton,CO,EE. UU.,Corporate
925,8681,Longmont,CO,EE. UU.,Corporate
926,10884,Sacramento,CA,EE. UU.,Corporate
927,8850,Brooklyn,NY,EE. UU.,Corporate
928,5316,Chesapeake,VA,EE. UU.,Corporate
929,1801,Englewood,CO,EE. UU.,Corporate
930,4627,Arlington Heights,IL,EE. UU.,Corporate
931,19349,Tampa,FL,EE. UU.,Home Office
932,19348,San Benito,TX,EE. UU.,Corporate
933,19347,Caguas,PR,Puerto Rico,Corporate
934,19346,Indianapolis,IN,EE. UU.,Corporate
935,19345,Caguas,PR,Puerto Rico,Consumer
936,19344,Enfield,CT,EE. UU.,Consumer
937,19343,Caguas,PR,Puerto Rico,Corporate
938,19342,Los Angeles,CA,EE. UU.,Corporate
939,19341,Caguas,PR,Puerto Rico,Corporate
940,19340,Modesto,CA,EE. UU.,Corporate
941,19339,Caguas,PR,Puerto Rico,Consumer
942,19338,Irvington,NJ,EE. UU.,Corporate
943,19337,Caguas,PR,Puerto Rico,Corporate
944,19336,Norfolk,VA,EE. UU.,Corporate
945,19335,Gardena,CA,EE. UU.,Corporate
946,19334,Caguas,PR,Puerto Rico,Consumer
947,19333,Honolulu,HI,EE. UU.,Consumer
948,19332,Caguas,PR,Puerto Rico,Consumer
949,19331,Newark,DE,EE. UU.,Home Office
950,19330,Forest Hills,NY,EE. UU.,Consumer
951,19329,Caguas,PR,Puerto Rico,Corporate
952,19328,Ontario,CA,EE. UU.,Corporate
953,19327,Caguas,PR,Puerto Rico,Corporate
954,19326,Webster,NY,EE. UU.,Consumer
955,19325,New York,NY,EE. UU.,Consumer
956,19324,Brownsville,TX,EE. UU.,Consumer
957,19323,Caguas,PR,Puerto Rico,Consumer
958,19322,Dearborn,MI,EE. UU.,Consumer
959,19321,Corona,NY,EE. UU.,Consumer
960,19320,Caguas,PR,Puerto Rico,Consumer
961,19319,New York,NY,EE. UU.,Consumer
962,19318,Carrollton,TX,EE. UU.,Consumer
963,19317,Bakersfield,CA,EE. UU.,Corporate
964,19316,Caguas,PR,Puerto Rico,Corporate
965,19315,Compton,CA,EE. UU.,Consumer
966,19314,Simi Valley,CA,EE. UU.,Consumer
967,19313,Caguas,PR,Puerto Rico,Consumer
968,19312,Lancaster,PA,EE. UU.,Consumer
969,19311,Garland,TX,EE. UU.,Consumer
970,19310,Arecibo,PR,Puerto Rico,Consumer
971,19309,Caguas,PR,Puerto Rico,Consumer
972,19308,Opelousas,LA,EE. UU.,Corporate
973,19307,Caguas,PR,Puerto Rico,Consumer
974,19306,Riverside,CA,EE. UU.,Consumer
975,19305,Waipahu,HI,EE. UU.,Consumer
976,19304,Caguas,PR,Puerto Rico,Home Office
977,19303,Tucson,AZ,EE. UU.,Consumer
978,19302,Los Angeles,CA,EE. UU.,Consumer
979,19301,Carmichael,CA,EE. UU.,Home Office
980,19300,Caguas,PR,Puerto Rico,Consumer
981,19299,Tustin,CA,EE. UU.,Corporate
982,19298,Caguas,PR,Puerto Rico,Corporate
983,19297,Loveland,OH,EE. UU.,Corporate
984,19296,Miami,FL,EE. UU.,Consumer
985,19295,Anaheim,CA,EE. UU.,Consumer
986,19294,Chicago,IL,EE. UU.,Consumer
987,19293,Caguas,PR,Puerto Rico,Corporate
988,19292,Detroit,MI,EE. UU.,Corporate
989,19291,Canton,MI,EE. UU.,Corporate
990,19290,Stafford,VA,EE. UU.,Corporate
991,19289,Caguas,PR,Puerto Rico,Corporate
992,19288,San Diego,CA,EE. UU.,Corporate
993,19287,Caguas,PR,Puerto Rico,Consumer
994,19286,Bronx,NY,EE. UU.,Consumer
995,19285,Caguas,PR,Puerto Rico,Consumer
996,19284,South Richmond Hill,NY,EE. UU.,Corporate
997,19283,Caguas,PR,Puerto Rico,Consumer
998,19282,Middletown,OH,EE. UU.,Corporate
999,16774,Gilroy,CA,EE. UU.,Consumer
1000,16773,Caguas,PR,Puerto Rico,Consumer
1001,16772,Azusa,CA,EE. UU.,Corporate
1002,16771,Caguas,PR,Puerto Rico,Corporate
1003,16770,Lenoir,NC,EE. UU.,Consumer
1004,16769,Columbus,OH,EE. UU.,Consumer
1005,16768,Albany,OR,EE. UU.,Consumer
1006,16767,Humacao,PR,Puerto Rico,Consumer
1007,16766,Caguas,PR,Puerto Rico,Home Office
1008,16765,Lindenhurst,NY,EE. UU.,Home Office
1009,16764,Elyria,OH,EE. UU.,Consumer
1010,16763,Caguas,PR,Puerto Rico,Corporate
1011,16762,Riverside,CA,EE. UU.,Consumer
1012,16761,Caguas,PR,Puerto Rico,Consumer
1013,16760,Carson,CA,EE. UU.,Consumer
1014,16759,Mesa,AZ,EE. UU.,Consumer
1015,16758,Caguas,PR,Puerto Rico,Consumer
1016,16757,Honolulu,HI,EE. UU.,Corporate
1017,16756,Caguas,PR,Puerto Rico,Consumer
1018,16755,Tampa,FL,EE. UU.,Consumer
1019,16754,San Benito,TX,EE. UU.,Consumer
1020,16753,Caguas,PR,Puerto Rico,Home Office
1021,16752,Indianapolis,IN,EE. UU.,Home Office
1022,16751,Caguas,PR,Puerto Rico,Home Office
1023,16750,Enfield,CT,EE. UU.,Corporate
1024,16749,Caguas,PR,Puerto Rico,Corporate
1025,16748,Los Angeles,CA,EE. UU.,Corporate
1026,16747,Caguas,PR,Puerto Rico,Corporate
1027,16746,Modesto,CA,EE. UU.,Corporate
1028,16745,Caguas,PR,Puerto Rico,Corporate
1029,16744,Irvington,NJ,EE. UU.,Consumer
1030,16743,Caguas,PR,Puerto Rico,Consumer
1031,16742,Norfolk,VA,EE. UU.,Consumer
1032,16741,Gardena,CA,EE. UU.,Consumer
1033,16740,Caguas,PR,Puerto Rico,Consumer
1034,16739,Honolulu,HI,EE. UU.,Consumer
1035,16738,Caguas,PR,Puerto Rico,Consumer
1036,16737,Newark,DE,EE. UU.,Consumer
1037,16736,Forest Hills,NY,EE. UU.,Consumer
1038,16735,Caguas,PR,Puerto Rico,Consumer
1039,16734,Ontario,CA,EE. UU.,Corporate
1040,16733,Caguas,PR,Puerto Rico,Corporate
1041,16732,Webster,NY,EE. UU.,Corporate
1042,16731,New York,NY,EE. UU.,Corporate
1043,16730,Brownsville,TX,EE. UU.,Corporate
1044,16729,Caguas,PR,Puerto Rico,Consumer
1045,16728,Dearborn,MI,EE. UU.,Consumer
1046,16727,Corona,NY,EE. UU.,Consumer
1047,16726,Caguas,PR,Puerto Rico,Corporate
1048,16725,New York,NY,EE. UU.,Corporate
1049,16724,Carrollton,TX,EE. UU.,Corporate
1050,16723,Bakersfield,CA,EE. UU.,Consumer
1051,16722,Caguas,PR,Puerto Rico,Consumer
1052,16721,Compton,CA,EE. UU.,Corporate
1053,16720,Simi Valley,CA,EE. UU.,Corporate
1054,16719,Caguas,PR,Puerto Rico,Consumer
1055,16718,Lancaster,PA,EE. UU.,Consumer
1056,16717,Garland,TX,EE. UU.,Consumer
1057,16716,Arecibo,PR,Puerto Rico,Consumer
1058,16715,Caguas,PR,Puerto Rico,Consumer
1059,16714,Opelousas,LA,EE. UU.,Consumer
1060,16713,Caguas,PR,Puerto Rico,Consumer
1061,16712,Riverside,CA,EE. UU.,Home Office
1062,16711,Waipahu,HI,EE. UU.,Corporate
1063,16710,Caguas,PR,Puerto Rico,Corporate
1064,16709,Tucson,AZ,EE. UU.,Home Office
1065,16708,Los Angeles,CA,EE. UU.,Corporate
1066,16707,Carmichael,CA,EE. UU.,Corporate
1067,16706,Caguas,PR,Puerto Rico,Consumer
1068,16705,Tustin,CA,EE. UU.,Consumer
1069,16704,Caguas,PR,Puerto Rico,Consumer
1070,16703,Loveland,OH,EE. UU.,Consumer
1071,16702,Miami,FL,EE. UU.,Consumer
1072,16701,Anaheim,CA,EE. UU.,Consumer
1073,16700,Chicago,IL,EE. UU.,Consumer
1074,16699,Caguas,PR,Puerto Rico,Corporate
1075,16698,Detroit,MI,EE. UU.,Consumer
1076,16697,Canton,MI,EE. UU.,Consumer
1077,16696,Stafford,VA,EE. UU.,Consumer
1078,16695,Caguas,PR,Puerto Rico,Consumer
1079,16694,San Diego,CA,EE. UU.,Consumer
1080,16693,Caguas,PR,Puerto Rico,Consumer
1081,16692,Bronx,NY,EE. UU.,Corporate
1082,16691,Caguas,PR,Puerto Rico,Consumer
1083,16690,South Richmond Hill,NY,EE. UU.,Corporate
1084,16689,Caguas,PR,Puerto Rico,Consumer
1085,16688,Middletown,OH,EE. UU.,Consumer
1086,16687,Caguas,PR,Puerto Rico,Home Office
1087,16686,Dallas,TX,EE. UU.,Consumer
1088,16685,Caguas,PR,Puerto Rico,Consumer
1089,16684,Eugene,OR,EE. UU.,Consumer
1090,16683,Chino Hills,CA,EE. UU.,Consumer
1091,16682,Caguas,PR,Puerto Rico,Corporate
1092,16681,Columbia,TN,EE. UU.,Corporate
1093,16680,Glendale,AZ,EE. UU.,Home Office
1094,16679,Caguas,PR,Puerto Rico,Home Office
1095,16678,West Orange,NJ,EE. UU.,Consumer
1096,16677,Daly City,CA,EE. UU.,Consumer
1097,16676,Caguas,PR,Puerto Rico,Consumer
1098,16675,Houston,TX,EE. UU.,Consumer
1099,16674,Caguas,PR,Puerto Rico,Consumer
1100,16673,Strongsville,OH,EE. UU.,Consumer
1101,16672,Caguas,PR,Puerto Rico,Consumer
1102,16671,Powder Springs,GA,EE. UU.,Corporate
1103,16670,Lilburn,GA,EE. UU.,Corporate
1104,16669,Parkville,MD,EE. UU.,Home Office
1105,16668,Caguas,PR,Puerto Rico,Consumer
1106,16667,Saint Paul,MN,EE. UU.,Consumer
1107,16666,Caguas,PR,Puerto Rico,Corporate
1108,16665,Lockport,NY,EE. UU.,Corporate
1109,16664,Detroit,MI,EE. UU.,Corporate
1110,16663,Caguas,PR,Puerto Rico,Corporate
1111,16662,Hialeah,FL,EE. UU.,Home Office
1112,16661,Los Angeles,CA,EE. UU.,Home Office
1113,16660,Brooklyn,NY,EE. UU.,Home Office
1114,16659,Caguas,PR,Puerto Rico,Home Office
1115,16658,Beloit,WI,EE. UU.,Home Office
1116,16657,Los Angeles,CA,EE. UU.,Consumer
1117,16656,Caguas,PR,Puerto Rico,Consumer
1118,16655,Hamilton,OH,EE. UU.,Consumer
1119,16654,Caguas,PR,Puerto Rico,Home Office
1120,16653,Greenville,NC,EE. UU.,Corporate
1121,16652,Dallas,TX,EE. UU.,Corporate
1122,16651,Miami,FL,EE. UU.,Consumer
1123,16650,Caguas,PR,Puerto Rico,Corporate
1124,10041,Caguas,PR,Puerto Rico,Home Office
1125,6268,Caguas,PR,Puerto Rico,Home Office
1126,6636,Caguas,PR,Puerto Rico,Home Office
1127,7468,Caguas,PR,Puerto Rico,Home Office
1128,10588,Caguas,PR,Puerto Rico,Home Office
1129,6280,Caguas,PR,Puerto Rico,Home Office
1130,1989,Caguas,PR,Puerto Rico,Home Office
1131,633,Caguas,PR,Puerto Rico,Home Office
1132,146,Caguas,PR,Puerto Rico,Home Office
1133,10013,Caguas,PR,Puerto Rico,Home Office
1134,12223,Caguas,PR,Puerto Rico,Home Office
1135,4497,Caguas,PR,Puerto Rico,Home Office
1136,1575,Caguas,PR,Puerto Rico,Home Office
1137,5820,Caguas,PR,Puerto Rico,Home Office
1138,8608,Caguas,PR,Puerto Rico,Home Office
1139,3104,Caguas,PR,Puerto Rico,Home Office
1140,6408,Caguas,PR,Puerto Rico,Home Office
1141,2431,Caguas,PR,Puerto Rico,Home Office
1142,6497,Aguadilla,PR,Puerto Rico,Home Office
1143,716,Caguas,PR,Puerto Rico,Home Office
1144,7393,Caguas,PR,Puerto Rico,Home Office
1145,3405,Caguas,PR,Puerto Rico,Home Office
1146,3150,Caguas,PR,Puerto Rico,Home Office
1147,7687,Caguas,PR,Puerto Rico,Home Office
1148,2324,Caguas,PR,Puerto Rico,Home Office
1149,4594,Caguas,PR,Puerto Rico,Home Office
1150,1171,Caguas,PR,Puerto Rico,Home Office
1151,2851,Caguas,PR,Puerto Rico,Home Office
1152,223,Caguas,PR,Puerto Rico,Home Office
1153,9189,Caguas,PR,Puerto Rico,Home Office
1154,6827,Caguas,PR,Puerto Rico,Home Office
1155,6944,Caguas,PR,Puerto Rico,Home Office
1156,2924,Caguas,PR,Puerto Rico,Home Office
1157,3546,Caguas,PR,Puerto Rico,Home Office
1158,9082,Caguas,PR,Puerto Rico,Home Office
1159,11782,Carolina,PR,Puerto Rico,Home Office
1160,8511,Caguas,PR,Puerto Rico,Home Office
1161,14170,Caguas,PR,Puerto Rico,Home Office
1162,10366,Caguas,PR,Puerto Rico,Home Office
1163,5576,Caguas,PR,Puerto Rico,Home Office
1164,412,Caguas,PR,Puerto Rico,Home Office
1165,8697,Caguas,PR,Puerto Rico,Home Office
1166,12713,Caguas,PR,Puerto Rico,Home Office
1167,13383,Caguas,PR,Puerto Rico,Home Office
1168,14684,Caguas,PR,Puerto Rico,Home Office
1169,13112,Caguas,PR,Puerto Rico,Home Office
1170,13238,Caguas,PR,Puerto Rico,Home Office
1171,13236,Caguas,PR,Puerto Rico,Home Office
1172,13394,Caguas,PR,Puerto Rico,Home Office
1173,14531,Caguas,PR,Puerto Rico,Home Office
1174,13031,Caguas,PR,Puerto Rico,Home Office
1175,13264,Caguas,PR,Puerto Rico,Home Office
1176,14299,Caguas,PR,Puerto Rico,Home Office
1177,13029,Caguas,PR,Puerto Rico,Home Office
1178,13496,Caguas,PR,Puerto Rico,Home Office
1179,13370,Caguas,PR,Puerto Rico,Home Office
1180,13208,Caguas,PR,Puerto Rico,Home Office
1181,14297,Caguas,PR,Puerto Rico,Home Office
1182,1673,Caguas,PR,Puerto Rico,Home Office
1183,450,Caguas,PR,Puerto Rico,Home Office
1184,3605,Caguas,PR,Puerto Rico,Home Office
1185,6980,Caguas,PR,Puerto Rico,Home Office
1186,2927,Caguas,PR,Puerto Rico,Home Office
1187,9876,Caguas,PR,Puerto Rico,Home Office
1188,11784,Caguas,PR,Puerto Rico,Home Office
1189,5447,Caguas,PR,Puerto Rico,Home Office
1190,8380,Caguas,PR,Puerto Rico,Home Office
1191,5456,Caguas,PR,Puerto Rico,Home Office
1192,13933,Caguas,PR,Puerto Rico,Home Office
1193,14717,Caguas,PR,Puerto Rico,Home Office
1194,10492,Caguas,PR,Puerto Rico,Home Office
1195,13986,Caguas,PR,Puerto Rico,Home Office
1196,11288,Caguas,PR,Puerto Rico,Home Office
1197,127,Caguas,PR,Puerto Rico,Home Office
1198,5256,Caguas,PR,Puerto Rico,Home Office
1199,9818,Caguas,PR,Puerto Rico,Home Office
1200,4354,Caguas,PR,Puerto Rico,Home Office
1201,11848,Caguas,PR,Puerto Rico,Home Office
1202,4631,Caguas,PR,Puerto Rico,Home Office
1203,12432,Caguas,PR,Puerto Rico,Home Office
1204,11327,Caguas,PR,Puerto Rico,Home Office
1205,7576,Caguas,PR,Puerto Rico,Home Office
1206,9091,Caguas,PR,Puerto Rico,Home Office
1207,4366,Caguas,PR,Puerto Rico,Home Office
1208,5382,Caguas,PR,Puerto Rico,Home Office
1209,10057,Caguas,PR,Puerto Rico,Home Office
1210,6611,Caguas,PR,Puerto Rico,Home Office
1211,10863,Caguas,PR,Puerto Rico,Home Office
1212,10208,Caguas,PR,Puerto Rico,Home Office
1213,19,Caguas,PR,Puerto Rico,Home Office
1214,14748,Caguas,PR,Puerto Rico,Home Office
1215,6426,Caguas,PR,Puerto Rico,Home Office
1216,6411,Caguas,PR,Puerto Rico,Home Office
1217,10121,Caguas,PR,Puerto Rico,Home Office
1218,13639,Caguas,PR,Puerto Rico,Home Office
1219,3738,Caguas,PR,Puerto Rico,Home Office
1220,1294,Caguas,PR,Puerto Rico,Home Office
1221,12117,Caguas,PR,Puerto Rico,Home Office
1222,823,Caguas,PR,Puerto Rico,Home Office
1223,6316,Caguas,PR,Puerto Rico,Home Office
1224,9349,Caguas,PR,Puerto Rico,Home Office
1225,11423,Caguas,PR,Puerto Rico,Home Office
1226,11395,Caguas,PR,Puerto Rico,Home Office
1227,11034,Caguas,PR,Puerto Rico,Home Office
1228,4238,Caguas,PR,Puerto Rico,Home Office
1229,14742,Caguas,PR,Puerto Rico,Home Office
1230,471,Caguas,PR,Puerto Rico,Home Office
1231,10992,Caguas,PR,Puerto Rico,Home Office
1232,2881,Caguas,PR,Puerto Rico,Home Office
1233,2379,Caguas,PR,Puerto Rico,Home Office
1234,7531,Caguas,PR,Puerto Rico,Home Office
1235,6233,Caguas,PR,Puerto Rico,Home Office
1236,11153,Caguas,PR,Puerto Rico,Consumer
1237,5091,Caguas,PR,Puerto Rico,Consumer
1238,6255,Caguas,PR,Puerto Rico,Consumer
1239,1399,Caguas,PR,Puerto Rico,Consumer
1240,9251,Caguas,PR,Puerto Rico,Consumer
1241,12370,Caguas,PR,Puerto Rico,Consumer
1242,13702,Caguas,PR,Puerto Rico,Consumer
1243,13990,Caguas,PR,Puerto Rico,Consumer
1244,1516,Caguas,PR,Puerto Rico,Consumer
1245,7158,Caguas,PR,Puerto Rico,Consumer
1246,9556,Caguas,PR,Puerto Rico,Consumer
1247,275,Caguas,PR,Puerto Rico,Consumer
1248,6010,Caguas,PR,Puerto Rico,Consumer
1249,13665,Caguas,PR,Puerto Rico,Consumer
1250,785,Caguas,PR,Puerto Rico,Consumer
1251,13611,Caguas,PR,Puerto Rico,Consumer
1252,10603,Caguas,PR,Puerto Rico,Consumer
1253,870,Caguas,PR,Puerto Rico,Consumer
1254,609,Caguas,PR,Puerto Rico,Consumer
1255,951,Caguas,PR,Puerto Rico,Consumer
1256,7177,Caguas,PR,Puerto Rico,Consumer
1257,2574,Caguas,PR,Puerto Rico,Consumer
1258,9699,Caguas,PR,Puerto Rico,Consumer
1259,1785,Caguas,PR,Puerto Rico,Consumer
1260,4114,Caguas,PR,Puerto Rico,Consumer
1261,11361,Caguas,PR,Puerto Rico,Consumer
1262,2590,Caguas,PR,Puerto Rico,Consumer
1263,4293,Caguas,PR,Puerto Rico,Consumer
1264,5480,Caguas,PR,Puerto Rico,Consumer
1265,6320,Caguas,PR,Puerto Rico,Consumer
1266,3311,Caguas,PR,Puerto Rico,Consumer
1267,9265,Yauco,PR,Puerto Rico,Consumer
1268,9,Caguas,PR,Puerto Rico,Consumer
1269,1158,Caguas,PR,Puerto Rico,Consumer
1270,11604,Caguas,PR,Puerto Rico,Consumer
1271,4186,Caguas,PR,Puerto Rico,Consumer
1272,1851,Caguas,PR,Puerto Rico,Consumer
1273,11466,Caguas,PR,Puerto Rico,Consumer
1274,7357,Caguas,PR,Puerto Rico,Consumer
1275,4033,Caguas,PR,Puerto Rico,Consumer
1276,7367,Caguas,PR,Puerto Rico,Consumer
1277,2123,Caguas,PR,Puerto Rico,Consumer
1278,9957,Caguas,PR,Puerto Rico,Consumer
1279,11900,Caguas,PR,Puerto Rico,Consumer
1280,3012,Caguas,PR,Puerto Rico,Consumer
1281,6477,Caguas,PR,Puerto Rico,Consumer
1282,4838,Caguas,PR,Puerto Rico,Consumer
1283,12415,Caguas,PR,Puerto Rico,Consumer
1284,2152,Caguas,PR,Puerto Rico,Consumer
1285,899,Caguas,PR,Puerto Rico,Consumer
1286,4337,Caguas,PR,Puerto Rico,Consumer
1287,8302,Caguas,PR,Puerto Rico,Consumer
1288,7003,Caguas,PR,Puerto Rico,Consumer
1289,5120,Caguas,PR,Puerto Rico,Consumer
1290,8103,Caguas,PR,Puerto Rico,Consumer
1291,328,Caguas,PR,Puerto Rico,Consumer
1292,11225,Caguas,PR,Puerto Rico,Consumer
1293,9628,Caguas,PR,Puerto Rico,Consumer
1294,10928,Caguas,PR,Puerto Rico,Consumer
1295,12610,Caguas,PR,Puerto Rico,Consumer
1296,12549,Caguas,PR,Puerto Rico,Consumer
1297,12530,Caguas,PR,Puerto Rico,Consumer
1298,12723,Caguas,PR,Puerto Rico,Consumer
1299,15070,Caguas,PR,Puerto Rico,Consumer
1300,15086,Caguas,PR,Puerto Rico,Consumer
1301,15068,Caguas,PR,Puerto Rico,Consumer
1302,15026,Caguas,PR,Puerto Rico,Consumer
1303,15024,Caguas,PR,Puerto Rico,Consumer
1304,12838,Caguas,PR,Puerto Rico,Consumer
1305,12855,Caguas,PR,Puerto Rico,Consumer
1306,15003,Caguas,PR,Puerto Rico,Consumer
1307,14591,Caguas,PR,Puerto Rico,Consumer
1308,14348,Caguas,PR,Puerto Rico,Consumer
1309,4943,Caguas,PR,Puerto Rico,Consumer
1310,1900,Caguas,PR,Puerto Rico,Consumer
1311,5670,Caguas,PR,Puerto Rico,Consumer
1312,1464,Caguas,PR,Puerto Rico,Consumer
1313,5292,Caguas,PR,Puerto Rico,Consumer
1314,14768,Caguas,PR,Puerto Rico,Consumer
1315,10327,Caguas,PR,Puerto Rico,Consumer
1316,10070,Caguas,PR,Puerto Rico,Consumer
1317,8760,Caguas,PR,Puerto Rico,Consumer
1318,3975,Caguas,PR,Puerto Rico,Consumer
1319,2907,Caguas,PR,Puerto Rico,Consumer
1320,509,Caguas,PR,Puerto Rico,Consumer
1321,882,Caguas,PR,Puerto Rico,Consumer
1322,13832,Caguas,PR,Puerto Rico,Consumer
1323,10099,Caguas,PR,Puerto Rico,Consumer
1324,1146,Caguas,PR,Puerto Rico,Consumer
1325,12005,Caguas,PR,Puerto Rico,Consumer
1326,1461,Caguas,PR,Puerto Rico,Consumer
1327,11674,Caguas,PR,Puerto Rico,Consumer
1328,11597,Caguas,PR,Puerto Rico,Consumer
1329,1928,Caguas,PR,Puerto Rico,Consumer
1330,6388,Caguas,PR,Puerto Rico,Consumer
1331,9918,Caguas,PR,Puerto Rico,Consumer
1332,6517,Caguas,PR,Puerto Rico,Consumer
1333,8398,Bayamon,PR,Puerto Rico,Consumer
1334,8360,Caguas,PR,Puerto Rico,Consumer
1335,3125,Caguas,PR,Puerto Rico,Consumer
1336,4899,Caguas,PR,Puerto Rico,Consumer
1337,5326,Los Angeles,CA,EE. UU.,Consumer
1338,494,Greeley,CO,EE. UU.,Consumer
1339,928,Brooklyn,NY,EE. UU.,Consumer
1340,4960,Roseburg,OR,EE. UU.,Consumer
1341,7762,Brooklyn,NY,EE. UU.,Consumer
1342,10316,Saint Peters,MO,EE. UU.,Consumer
1343,4306,Norfolk,VA,EE. UU.,Consumer
1344,4161,Chicago,IL,EE. UU.,Consumer
1345,6034,San Diego,CA,EE. UU.,Consumer
1346,9247,Chicago,IL,EE. UU.,Consumer
1347,960,New Bedford,MA,EE. UU.,Consumer
1348,9989,Augusta,GA,EE. UU.,Consumer
1349,10165,Bakersfield,CA,EE. UU.,Consumer
1350,8245,San Antonio,TX,EE. UU.,Consumer
1351,7465,Albuquerque,NM,EE. UU.,Consumer
1352,1107,Waipahu,HI,EE. UU.,Consumer
1353,2284,Philadelphia,PA,EE. UU.,Consumer
1354,636,Long Beach,CA,EE. UU.,Consumer
1355,5584,New York,NY,EE. UU.,Consumer
1356,3340,Chapel Hill,NC,EE. UU.,Consumer
1357,1576,San Diego,CA,EE. UU.,Consumer
1358,9640,Detroit,MI,EE. UU.,Consumer
1359,9663,Ypsilanti,MI,EE. UU.,Consumer
1360,9867,Phoenix,AZ,EE. UU.,Consumer
1361,9220,San Diego,CA,EE. UU.,Consumer
1362,3921,East Lansing,MI,EE. UU.,Consumer
1363,1564,Brooklyn,NY,EE. UU.,Consumer
1364,7231,Stamford,CT,EE. UU.,Consumer
1365,9008,Hanover,PA,EE. UU.,Consumer
1366,5158,Bronx,NY,EE. UU.,Consumer
1367,2465,Diamond Bar,CA,EE. UU.,Consumer
1368,3138,Houston,TX,EE. UU.,Consumer
1369,777,Los Angeles,CA,EE. UU.,Consumer
1370,2947,Hayward,CA,EE. UU.,Consumer
1371,4839,Milwaukee,WI,EE. UU.,Consumer
1372,1443,West Orange,NJ,EE. UU.,Consumer
1373,1449,Lawrenceville,GA,EE. UU.,Consumer
1374,3914,Manchester,CT,EE. UU.,Consumer
1375,134,Brooklyn,NY,EE. UU.,Consumer
1376,4896,La Puente,CA,EE. UU.,Consumer
1377,3444,Los Angeles,CA,EE. UU.,Consumer
1378,6005,Victorville,CA,EE. UU.,Consumer
1379,12332,Richmond,VA,EE. UU.,Consumer
1380,6049,Florissant,MO,EE. UU.,Consumer
1381,12286,Baltimore,MD,EE. UU.,Consumer
1382,4552,Jacksonville,FL,EE. UU.,Consumer
1383,4215,Miami,FL,EE. UU.,Consumer
1384,8115,Cupertino,CA,EE. UU.,Consumer
1385,8853,Littleton,CO,EE. UU.,Consumer
1386,8196,Eagle Pass,TX,EE. UU.,Consumer
1387,11686,Carlsbad,CA,EE. UU.,Consumer
1388,8712,Riverside,CA,EE. UU.,Consumer
1389,8470,Escondido,CA,EE. UU.,Consumer
1390,9608,Fontana,CA,EE. UU.,Consumer
1391,11760,Ballwin,MO,EE. UU.,Consumer
1392,1996,Brooklyn,NY,EE. UU.,Consumer
1393,8703,Carlisle,PA,EE. UU.,Consumer
1394,11078,New Braunfels,TX,EE. UU.,Consumer
1395,7766,Saint Charles,MO,EE. UU.,Consumer
1396,2717,Spring Valley,NY,EE. UU.,Consumer
1397,9324,Madison,WI,EE. UU.,Consumer
1398,8188,Las Vegas,NV,EE. UU.,Consumer
1399,3938,Albuquerque,NM,EE. UU.,Consumer
1400,11700,Goose Creek,SC,EE. UU.,Consumer
1401,8148,Tampa,FL,EE. UU.,Consumer
1402,4308,Irvington,NJ,EE. UU.,Consumer
1403,2553,Ontario,CA,EE. UU.,Consumer
1404,12416,Bronx,NY,EE. UU.,Consumer
1405,1733,Pharr,TX,EE. UU.,Consumer
1406,245,Yonkers,NY,EE. UU.,Consumer
1407,7457,El Monte,CA,EE. UU.,Consumer
1408,2861,Honolulu,HI,EE. UU.,Consumer
1409,6168,Pharr,TX,EE. UU.,Consumer
1410,3980,Winnetka,CA,EE. UU.,Consumer
1411,8488,Pompano Beach,FL,EE. UU.,Consumer
1412,2278,Reynoldsburg,OH,EE. UU.,Consumer
1413,10823,Hamtramck,MI,EE. UU.,Consumer
1414,11928,Bolingbrook,IL,EE. UU.,Consumer
1415,6248,Union City,CA,EE. UU.,Consumer
1416,4789,Medina,OH,EE. UU.,Consumer
1417,9253,Fort Lauderdale,FL,EE. UU.,Consumer
1418,10961,Highland,CA,EE. UU.,Consumer
1419,188,Los Angeles,CA,EE. UU.,Consumer
1420,11741,Roseville,MI,EE. UU.,Consumer
1421,3971,Jonesboro,AR,EE. UU.,Consumer
1422,2141,Elk Grove,CA,EE. UU.,Consumer
1423,12280,Tallahassee,FL,EE. UU.,Consumer
1424,4742,Oceanside,CA,EE. UU.,Consumer
1425,3559,North Las Vegas,NV,EE. UU.,Consumer
1426,638,Bridgeton,NJ,EE. UU.,Consumer
1427,2110,Fullerton,CA,EE. UU.,Consumer
1428,11731,Encinitas,CA,EE. UU.,Consumer
1429,5977,Montebello,CA,EE. UU.,Consumer
1430,9459,San Francisco,CA,EE. UU.,Consumer
1431,4187,Augusta,GA,EE. UU.,Consumer
1432,1015,Glenview,IL,EE. UU.,Consumer
1433,9252,Chicago,IL,EE. UU.,Consumer
1434,2975,Tempe,AZ,EE. UU.,Consumer
1435,4452,Freeport,NY,EE. UU.,Consumer
1436,6652,San Jose,CA,EE. UU.,Consumer
1437,3365,Rock Hill,SC,EE. UU.,Consumer
1438,3369,Rome,NY,EE. UU.,Consumer
1439,895,Chicago,IL,EE. UU.,Consumer
1440,7390,New Bedford,MA,EE. UU.,Consumer
1441,2149,Tucson,AZ,EE. UU.,Consumer
1442,6075,Austin,TX,EE. UU.,Consumer
1443,5481,Scottsdale,AZ,EE. UU.,Consumer
1444,10731,Riverside,CA,EE. UU.,Consumer
1445,11654,Santa Cruz,CA,EE. UU.,Consumer
1446,6397,Oregon City,OR,EE. UU.,Consumer
1447,6906,Dallas,TX,EE. UU.,Consumer
1448,6600,Escondido,CA,EE. UU.,Consumer
1449,11073,Tonawanda,NY,EE. UU.,Consumer
1450,1191,Annandale,VA,EE. UU.,Consumer
1451,8102,Memphis,TN,EE. UU.,Consumer
1452,7051,Wheaton,IL,EE. UU.,Consumer
1453,4044,Plano,TX,EE. UU.,Consumer
1454,235,Piscataway,NJ,EE. UU.,Consumer
1455,703,Miami,FL,EE. UU.,Consumer
1456,5289,Bismarck,ND,EE. UU.,Consumer
1457,3916,Chesapeake,VA,EE. UU.,Consumer
1458,9600,Toms River,NJ,EE. UU.,Consumer
1459,9107,Los Angeles,CA,EE. UU.,Consumer
1460,5979,Vista,CA,EE. UU.,Consumer
1461,3934,Algonquin,IL,EE. UU.,Consumer
1462,9426,Aurora,CO,EE. UU.,Consumer
1463,2513,Philadelphia,PA,EE. UU.,Consumer
1464,10632,Escondido,CA,EE. UU.,Consumer
1465,9154,Detroit,MI,EE. UU.,Consumer
1466,9897,San Jose,CA,EE. UU.,Consumer
1467,11198,Marietta,GA,EE. UU.,Consumer
1468,1753,Pekin,IL,EE. UU.,Consumer
1469,2790,Santa Ana,CA,EE. UU.,Consumer
1470,1756,Dallas,TX,EE. UU.,Consumer
1471,10042,Canyon Country,CA,EE. UU.,Consumer
1472,9698,Indianapolis,IN,EE. UU.,Consumer
1473,1448,Caguas,PR,Puerto Rico,Consumer
1474,9072,Caguas,PR,Puerto Rico,Consumer
1475,2569,Caguas,PR,Puerto Rico,Consumer
1476,5038,Caguas,PR,Puerto Rico,Consumer
1477,2683,Caguas,PR,Puerto Rico,Consumer
1478,197,Caguas,PR,Puerto Rico,Consumer
1479,7200,Caguas,PR,Puerto Rico,Consumer
1480,12018,Caguas,PR,Puerto Rico,Consumer
1481,12240,Caguas,PR,Puerto Rico,Consumer
1482,10311,Caguas,PR,Puerto Rico,Consumer
1483,8203,Caguas,PR,Puerto Rico,Consumer
1484,3948,Caguas,PR,Puerto Rico,Consumer
1485,10969,Caguas,PR,Puerto Rico,Consumer
1486,10461,Caguas,PR,Puerto Rico,Consumer
1487,11344,Caguas,PR,Puerto Rico,Consumer
1488,10852,Caguas,PR,Puerto Rico,Consumer
1489,2095,Caguas,PR,Puerto Rico,Consumer
1490,6145,Caguas,PR,Puerto Rico,Consumer
1491,7101,Caguas,PR,Puerto Rico,Consumer
1492,10053,Caguas,PR,Puerto Rico,Consumer
1493,1234,Caguas,PR,Puerto Rico,Consumer
1494,6900,Caguas,PR,Puerto Rico,Consumer
1495,7614,Caguas,PR,Puerto Rico,Consumer
1496,9177,Caguas,PR,Puerto Rico,Consumer
1497,346,Caguas,PR,Puerto Rico,Consumer
1498,10240,Caguas,PR,Puerto Rico,Consumer
1499,3767,Caguas,PR,Puerto Rico,Consumer
1500,3230,Caguas,PR,Puerto Rico,Consumer
1501,9531,Caguas,PR,Puerto Rico,Consumer
1502,5361,Caguas,PR,Puerto Rico,Consumer
1503,4565,Caguas,PR,Puerto Rico,Consumer
1504,3047,Caguas,PR,Puerto Rico,Consumer
1505,12319,Caguas,PR,Puerto Rico,Consumer
1506,1326,Caguas,PR,Puerto Rico,Consumer
1507,4528,Caguas,PR,Puerto Rico,Consumer
1508,6706,Caguas,PR,Puerto Rico,Consumer
1509,4350,Caguas,PR,Puerto Rico,Consumer
1510,5971,Caguas,PR,Puerto Rico,Consumer
1511,9285,Caguas,PR,Puerto Rico,Consumer
1512,7757,Caguas,PR,Puerto Rico,Consumer
1513,9604,Caguas,PR,Puerto Rico,Consumer
1514,2402,Caguas,PR,Puerto Rico,Consumer
1515,1117,Caguas,PR,Puerto Rico,Consumer
1516,6165,Caguas,PR,Puerto Rico,Consumer
1517,1916,Caguas,PR,Puerto Rico,Consumer
1518,2796,Caguas,PR,Puerto Rico,Consumer
1519,39,Caguas,PR,Puerto Rico,Consumer
1520,5533,Caguas,PR,Puerto Rico,Consumer
1521,11129,Caguas,PR,Puerto Rico,Consumer
1522,8845,San Juan,PR,Puerto Rico,Consumer
1523,9304,Caguas,PR,Puerto Rico,Consumer
1524,3677,Caguas,PR,Puerto Rico,Consumer
1525,10517,Caguas,PR,Puerto Rico,Consumer
1526,10548,Caguas,PR,Puerto Rico,Consumer
1527,7270,Caguas,PR,Puerto Rico,Consumer
1528,4622,Caguas,PR,Puerto Rico,Consumer
1529,1748,Caguas,PR,Puerto Rico,Consumer
1530,4775,Caguas,PR,Puerto Rico,Consumer
1531,7948,Caguas,PR,Puerto Rico,Consumer
1532,1627,Caguas,PR,Puerto Rico,Consumer
1533,1243,Caguas,PR,Puerto Rico,Consumer
1534,7635,Caguas,PR,Puerto Rico,Consumer
1535,3142,Caguas,PR,Puerto Rico,Consumer
1536,8024,Caguas,PR,Puerto Rico,Consumer
1537,5023,Caguas,PR,Puerto Rico,Consumer
1538,9581,Caguas,PR,Puerto Rico,Consumer
1539,9294,Caguas,PR,Puerto Rico,Consumer
1540,3797,Caguas,PR,Puerto Rico,Consumer
1541,11999,Caguas,PR,Puerto Rico,Consumer
1542,3715,Caguas,PR,Puerto Rico,Consumer
1543,2922,Caguas,PR,Puerto Rico,Consumer
1544,967,Caguas,PR,Puerto Rico,Consumer
1545,8481,Caguas,PR,Puerto Rico,Consumer
1546,8205,Caguas,PR,Puerto Rico,Consumer
1547,11380,Caguas,PR,Puerto Rico,Consumer
1548,12052,Caguas,PR,Puerto Rico,Consumer
1549,3915,Caguas,PR,Puerto Rico,Consumer
1550,8051,Caguas,PR,Puerto Rico,Consumer
1551,3249,Caguas,PR,Puerto Rico,Consumer
1552,7894,Caguas,PR,Puerto Rico,Consumer
1553,9197,Caguas,PR,Puerto Rico,Consumer
1554,5855,Caguas,PR,Puerto Rico,Consumer
1555,4611,Caguas,PR,Puerto Rico,Consumer
1556,1657,Caguas,PR,Puerto Rico,Consumer
1557,9202,Caguas,PR,Puerto Rico,Consumer
1558,9368,Caguas,PR,Puerto Rico,Consumer
1559,712,Vega Baja,PR,Puerto Rico,Consumer
1560,12279,Caguas,PR,Puerto Rico,Consumer
1561,8520,Caguas,PR,Puerto Rico,Consumer
1562,3373,Caguas,PR,Puerto Rico,Consumer
1563,8587,San Juan,PR,Puerto Rico,Consumer
1564,288,San Juan,PR,Puerto Rico,Consumer
1565,8004,Caguas,PR,Puerto Rico,Consumer
1566,1507,Caguas,PR,Puerto Rico,Consumer
1567,228,Caguas,PR,Puerto Rico,Consumer
1568,10753,Caguas,PR,Puerto Rico,Consumer
1569,2368,Caguas,PR,Puerto Rico,Consumer
1570,9484,Caguas,PR,Puerto Rico,Consumer
1571,7005,Caguas,PR,Puerto Rico,Consumer
1572,9164,Caguas,PR,Puerto Rico,Consumer
1573,10500,Caguas,PR,Puerto Rico,Consumer
1574,3814,Caguas,PR,Puerto Rico,Consumer
1575,4346,Caguas,PR,Puerto Rico,Consumer
1576,2233,Caguas,PR,Puerto Rico,Consumer
1577,7045,Caguas,PR,Puerto Rico,Consumer
1578,7330,Caguas,PR,Puerto Rico,Consumer
1579,2136,Caguas,PR,Puerto Rico,Consumer
1580,12333,Caguas,PR,Puerto Rico,Consumer
1581,2062,Caguas,PR,Puerto Rico,Consumer
1582,2518,Caguas,PR,Puerto Rico,Consumer
1583,7007,Caguas,PR,Puerto Rico,Consumer
1584,11743,Caguas,PR,Puerto Rico,Consumer
1585,5001,Caguas,PR,Puerto Rico,Consumer
1586,6162,Caguas,PR,Puerto Rico,Consumer
1587,4045,Caguas,PR,Puerto Rico,Consumer
1588,11197,Caguas,PR,Puerto Rico,Consumer
1589,10610,Caguas,PR,Puerto Rico,Corporate
1590,10046,Caguas,PR,Puerto Rico,Corporate
1591,13443,Caguas,PR,Puerto Rico,Corporate
1592,3636,Caguas,PR,Puerto Rico,Corporate
1593,1001,Caguas,PR,Puerto Rico,Corporate
1594,5082,Caguas,PR,Puerto Rico,Corporate
1595,934,Caguas,PR,Puerto Rico,Corporate
1596,10735,Caguas,PR,Puerto Rico,Corporate
1597,6346,Caguas,PR,Puerto Rico,Corporate
1598,12128,Caguas,PR,Puerto Rico,Corporate
1599,14745,Caguas,PR,Puerto Rico,Corporate
1600,11507,Caguas,PR,Puerto Rico,Corporate
1601,11365,Caguas,PR,Puerto Rico,Corporate
1602,2860,Caguas,PR,Puerto Rico,Corporate
1603,614,Caguas,PR,Puerto Rico,Corporate
1604,3433,Caguas,PR,Puerto Rico,Corporate
1605,8502,Caguas,PR,Puerto Rico,Corporate
1606,9210,Caguas,PR,Puerto Rico,Corporate
1607,13575,Caguas,PR,Puerto Rico,Corporate
1608,4744,Caguas,PR,Puerto Rico,Corporate
1609,6735,Caguas,PR,Puerto Rico,Corporate
1610,6524,Bronx,NY,EE. UU.,Consumer
1611,5209,Detroit,MI,EE. UU.,Consumer
1612,5518,Princeton,NJ,EE. UU.,Consumer
1613,9955,Chandler,AZ,EE. UU.,Consumer
1614,10672,Los Angeles,CA,EE. UU.,Consumer
1615,2129,El Cajon,CA,EE. UU.,Consumer
1616,1450,Saint Paul,MN,EE. UU.,Consumer
1617,2289,Hilliard,OH,EE. UU.,Consumer
1618,9555,Orange Park,FL,EE. UU.,Consumer
1619,323,New York,NY,EE. UU.,Consumer
1620,3046,Hyattsville,MD,EE. UU.,Consumer
1621,10307,Tustin,CA,EE. UU.,Consumer
1622,2630,Chicago,IL,EE. UU.,Consumer
1623,5268,Tonawanda,NY,EE. UU.,Consumer
1624,8802,Amarillo,TX,EE. UU.,Consumer
1625,3544,Bismarck,ND,EE. UU.,Consumer
1626,6011,Decatur,GA,EE. UU.,Consumer
1627,9662,San Pablo,CA,EE. UU.,Consumer
1628,3370,Hialeah,FL,EE. UU.,Consumer
1629,12245,Anaheim,CA,EE. UU.,Consumer
1630,1562,Orlando,FL,EE. UU.,Consumer
1631,1508,Brooklyn,NY,EE. UU.,Consumer
1632,7523,San Antonio,TX,EE. UU.,Consumer
1633,5671,Philadelphia,PA,EE. UU.,Consumer
1634,7748,Long Beach,CA,EE. UU.,Consumer
1635,4794,Simi Valley,CA,EE. UU.,Consumer
1636,971,Douglasville,GA,EE. UU.,Consumer
1637,3420,Catonsville,MD,EE. UU.,Consumer
1638,2742,Henderson,NV,EE. UU.,Consumer
1639,7803,Lompoc,CA,EE. UU.,Consumer
1640,3939,North Las Vegas,NV,EE. UU.,Consumer
1641,8118,Cumberland,MD,EE. UU.,Consumer
1642,4561,Jonesboro,AR,EE. UU.,Consumer
1643,12218,Lakewood,OH,EE. UU.,Consumer
1644,3146,Opa Locka,FL,EE. UU.,Consumer
1645,9005,Elgin,IL,EE. UU.,Consumer
1646,775,College Station,TX,EE. UU.,Consumer
1647,8860,Hamtramck,MI,EE. UU.,Consumer
1648,6948,Round Rock,TX,EE. UU.,Consumer
1649,2497,Mesquite,TX,EE. UU.,Consumer
1650,137,Broken Arrow,OK,EE. UU.,Consumer
1651,2716,Milpitas,CA,EE. UU.,Consumer
1652,3226,Memphis,TN,EE. UU.,Consumer
1653,173,Lombard,IL,EE. UU.,Consumer
1654,10869,Brooklyn,NY,EE. UU.,Consumer
1655,2495,Webster,NY,EE. UU.,Consumer
1656,4064,Pawtucket,RI,EE. UU.,Consumer
1657,3788,Memphis,TN,EE. UU.,Consumer
1658,10560,Redmond,WA,EE. UU.,Consumer
1659,2387,Cypress,CA,EE. UU.,Consumer
1660,336,New York,NY,EE. UU.,Consumer
1661,6936,Findlay,OH,EE. UU.,Consumer
1662,5839,Bend,OR,EE. UU.,Consumer
1663,6366,La Habra,CA,EE. UU.,Consumer
1664,7052,Albany,OR,EE. UU.,Consumer
1665,6776,San Diego,CA,EE. UU.,Consumer
1666,10385,West Covina,CA,EE. UU.,Consumer
1667,4648,Jersey City,NJ,EE. UU.,Consumer
1668,7288,Laguna Hills,CA,EE. UU.,Consumer
1669,5048,Buffalo,NY,EE. UU.,Consumer
1670,8638,Los Angeles,CA,EE. UU.,Consumer
1671,11658,Portland,OR,EE. UU.,Consumer
1672,4164,Panorama City,CA,EE. UU.,Consumer
1673,7945,Baltimore,MD,EE. UU.,Consumer
1674,7567,Roseburg,OR,EE. UU.,Consumer
1675,12066,Union City,NJ,EE. UU.,Consumer
1676,7554,Baltimore,MD,EE. UU.,Consumer
1677,9381,Loveland,OH,EE. UU.,Consumer
1678,5606,New York,NY,EE. UU.,Consumer
1679,4323,Mesa,AZ,EE. UU.,Consumer
1680,12000,Oceanside,CA,EE. UU.,Consumer
1681,5360,Asheboro,NC,EE. UU.,Consumer
1682,2037,Rancho Cordova,CA,EE. UU.,Consumer
1683,10116,El Paso,TX,EE. UU.,Consumer
1684,10043,Columbus,OH,EE. UU.,Consumer
1685,8340,Oceanside,CA,EE. UU.,Consumer
1686,2786,Chicago,IL,EE. UU.,Consumer
1687,6295,Brooklyn,NY,EE. UU.,Consumer
1688,3749,San Bernardino,CA,EE. UU.,Consumer
1689,10079,Apex,NC,EE. UU.,Consumer
1690,4174,San Francisco,CA,EE. UU.,Consumer
1691,6056,Virginia Beach,VA,EE. UU.,Consumer
1692,11212,Bakersfield,CA,EE. UU.,Consumer
1693,7216,Highland,CA,EE. UU.,Consumer
1694,6064,South El Monte,CA,EE. UU.,Consumer
1695,12235,Winnetka,CA,EE. UU.,Consumer
1696,12072,Denver,CO,EE. UU.,Consumer
1697,3932,Asheboro,NC,EE. UU.,Consumer
1698,8294,Las Vegas,NV,EE. UU.,Consumer
1699,6143,Irving,TX,EE. UU.,Consumer
1700,874,Phoenix,AZ,EE. UU.,Consumer
1701,7612,Brooklyn,NY,EE. UU.,Consumer
1702,2133,Brooklyn,NY,EE. UU.,Consumer
1703,4079,Tonawanda,NY,EE. UU.,Consumer
1704,8854,Blacksburg,VA,EE. UU.,Consumer
1705,2398,Dorchester Center,MA,EE. UU.,Consumer
1706,7439,York,PA,EE. UU.,Consumer
1707,11641,Woonsocket,RI,EE. UU.,Consumer
1708,7326,Aurora,IL,EE. UU.,Consumer
1709,4908,Fontana,CA,EE. UU.,Consumer
1710,8202,Brighton,MA,EE. UU.,Consumer
1711,10425,Jersey City,NJ,EE. UU.,Consumer
1712,1249,San Antonio,TX,EE. UU.,Consumer
1713,4524,Potomac,MD,EE. UU.,Consumer
1714,386,Richmond,TX,EE. UU.,Consumer
1715,9585,Sugar Land,TX,EE. UU.,Consumer
1716,3758,Salt Lake City,UT,EE. UU.,Consumer
1717,5408,Fremont,CA,EE. UU.,Consumer
1718,12095,Greenville,NC,EE. UU.,Consumer
1719,8435,Los Angeles,CA,EE. UU.,Consumer
1720,5402,Fort Lauderdale,FL,EE. UU.,Consumer
1721,507,Simi Valley,CA,EE. UU.,Consumer
1722,11840,Hayward,CA,EE. UU.,Consumer
1723,9675,Mission Viejo,CA,EE. UU.,Consumer
1724,355,Carmichael,CA,EE. UU.,Consumer
1725,7926,Freeport,NY,EE. UU.,Consumer
1726,8283,Baltimore,MD,EE. UU.,Consumer
1727,1335,Winter Park,FL,EE. UU.,Consumer
1728,12309,Chicago,IL,EE. UU.,Consumer
1729,4543,Stone Mountain,GA,EE. UU.,Consumer
1730,5625,Goleta,CA,EE. UU.,Consumer
1731,5492,Bronx,NY,EE. UU.,Consumer
1732,1097,Hagerstown,MD,EE. UU.,Consumer
1733,9201,Martinsburg,WV,EE. UU.,Consumer
1734,10681,Alameda,CA,EE. UU.,Consumer
1735,7018,Fontana,CA,EE. UU.,Consumer
1736,7022,Miami,FL,EE. UU.,Corporate
1737,1002,Milpitas,CA,EE. UU.,Corporate
1738,20722,Morristown,NJ,EE. UU.,Corporate
1739,6213,Rock Hill,SC,EE. UU.,Corporate
1740,8290,Santa Ana,CA,EE. UU.,Corporate
1741,5222,Saint Louis,MO,EE. UU.,Corporate
1742,15955,San Antonio,TX,EE. UU.,Corporate
1743,18020,Los Angeles,CA,EE. UU.,Corporate
1744,18002,Memphis,TN,EE. UU.,Corporate
1745,14,Pico Rivera,CA,EE. UU.,Corporate
1746,11706,Chula Vista,CA,EE. UU.,Corporate
1747,7437,Corona,CA,EE. UU.,Corporate
1748,3603,Longmont,CO,EE. UU.,Corporate
1749,1131,Saint Louis,MO,EE. UU.,Corporate
1750,4657,Chicago,IL,EE. UU.,Corporate
1751,3121,Los Angeles,CA,EE. UU.,Corporate
1752,18521,San Diego,CA,EE. UU.,Corporate
1753,1615,Martinez,CA,EE. UU.,Corporate
1754,17349,Jackson,MI,EE. UU.,Corporate
1755,18323,San Jose,CA,EE. UU.,Corporate
1756,940,El Paso,TX,EE. UU.,Corporate
1757,17947,San Jose,CA,EE. UU.,Corporate
1758,10087,Fullerton,CA,EE. UU.,Corporate
1759,4435,Roseville,MI,EE. UU.,Corporate
1760,167,Columbus,OH,EE. UU.,Corporate
1761,5185,Baltimore,MD,EE. UU.,Corporate
1762,5689,El Cajon,CA,EE. UU.,Corporate
1763,2752,Phoenix,AZ,EE. UU.,Corporate
1764,3122,Augusta,GA,EE. UU.,Corporate
1765,5033,Canton,MI,EE. UU.,Corporate
1766,18322,Arlington,TX,EE. UU.,Corporate
1767,15971,Encinitas,CA,EE. UU.,Corporate
1768,5282,Lawrenceville,GA,EE. UU.,Corporate
1769,7540,Lancaster,PA,EE. UU.,Corporate
1770,8279,Fort Worth,TX,EE. UU.,Corporate
1771,3695,Portland,OR,EE. UU.,Corporate
1772,9875,Salt Lake City,UT,EE. UU.,Corporate
1773,4811,Hollister,CA,EE. UU.,Corporate
1774,4226,Hialeah,FL,EE. UU.,Corporate
1775,3017,Edison,NJ,EE. UU.,Corporate
1776,11447,Beloit,WI,EE. UU.,Corporate
1777,6557,Tempe,AZ,EE. UU.,Corporate
1778,8927,North Hollywood,CA,EE. UU.,Corporate
1779,8478,Rowland Heights,CA,EE. UU.,Corporate
1780,17347,Santa Cruz,CA,EE. UU.,Corporate
1781,20664,Saint Paul,MN,EE. UU.,Corporate
1782,18519,Austin,TX,EE. UU.,Corporate
1783,1849,Salinas,CA,EE. UU.,Corporate
1784,9539,Lenoir,NC,EE. UU.,Corporate
1785,6101,Los Angeles,CA,EE. UU.,Corporate
1786,20592,San Francisco,CA,EE. UU.,Corporate
1787,345,Chicago,IL,EE. UU.,Corporate
1788,1747,Burnsville,MN,EE. UU.,Corporate
1789,17687,Allentown,PA,EE. UU.,Corporate
1790,11693,Philadelphia,PA,EE. UU.,Corporate
1791,5200,Hyattsville,MD,EE. UU.,Corporate
1792,20699,Brooklyn,NY,EE. UU.,Corporate
1793,9573,Quincy,IL,EE. UU.,Corporate
1794,8314,Detroit,MI,EE. UU.,Corporate
1795,730,Bronx,NY,EE. UU.,Corporate
1796,8204,Bronx,NY,EE. UU.,Corporate
1797,20663,York,PA,EE. UU.,Corporate
1798,10148,New Brunswick,NJ,EE. UU.,Corporate
1799,9800,Beaverton,OR,EE. UU.,Corporate
1800,18392,Denver,CO,EE. UU.,Corporate
1801,12007,Washington,DC,EE. UU.,Corporate
1802,9181,Chicago Heights,IL,EE. UU.,Corporate
1803,9858,Oceanside,CA,EE. UU.,Corporate
1804,351,Stockton,CA,EE. UU.,Corporate
1805,95,Hyattsville,MD,EE. UU.,Corporate
1806,11725,Corona,CA,EE. UU.,Corporate
1807,8275,Panorama City,CA,EE. UU.,Corporate
1808,1415,Long Beach,CA,EE. UU.,Corporate
1809,11462,Colorado Springs,CO,EE. UU.,Corporate
1810,4688,Hesperia,CA,EE. UU.,Corporate
1811,4825,Riverside,CA,EE. UU.,Corporate
1812,10800,Arlington,TX,EE. UU.,Corporate
1813,1244,Fond Du Lac,WI,EE. UU.,Corporate
1814,8676,North Las Vegas,NV,EE. UU.,Corporate
1815,11063,Cary,NC,EE. UU.,Corporate
1816,10510,Virginia Beach,VA,EE. UU.,Corporate
1817,12169,Mesquite,TX,EE. UU.,Corporate
1818,11828,Cleveland,OH,EE. UU.,Corporate
1819,2919,Raleigh,NC,EE. UU.,Corporate
1820,7036,Sanford,NC,EE. UU.,Corporate
1821,8264,Cicero,IL,EE. UU.,Corporate
1822,2035,Lockport,NY,EE. UU.,Corporate
1823,4642,New York,NY,EE. UU.,Corporate
1824,7675,Laredo,TX,EE. UU.,Corporate
1825,12054,Westland,MI,EE. UU.,Corporate
1826,5208,Bronx,NY,EE. UU.,Corporate
1827,673,Chula Vista,CA,EE. UU.,Corporate
1828,4758,Stockbridge,GA,EE. UU.,Corporate
1829,11217,Brooklyn,NY,EE. UU.,Corporate
1830,9902,Escondido,CA,EE. UU.,Corporate
1831,4157,Garden Grove,CA,EE. UU.,Corporate
1832,222,Carol Stream,IL,EE. UU.,Corporate
1833,11973,Brooklyn,NY,EE. UU.,Corporate
1834,8556,Bronx,NY,EE. UU.,Corporate
1835,1118,Paramount,CA,EE. UU.,Corporate
1836,8714,Germantown,MD,EE. UU.,Corporate
1837,8678,Hialeah,FL,EE. UU.,Corporate
1838,5511,Detroit,MI,EE. UU.,Corporate
1839,7306,Chicago,IL,EE. UU.,Corporate
1840,15539,Spring Valley,NY,EE. UU.,Corporate
1841,10172,San Jose,CA,EE. UU.,Corporate
1842,15447,Wichita,KS,EE. UU.,Corporate
1843,6635,Los Angeles,CA,EE. UU.,Corporate
1844,15500,Hacienda Heights,CA,EE. UU.,Corporate
1845,15374,Antioch,CA,EE. UU.,Corporate
1846,15660,Las Vegas,NV,EE. UU.,Corporate
1847,15498,Columbus,OH,EE. UU.,Corporate
1848,15606,Woodbridge,VA,EE. UU.,Corporate
1849,15426,Los Angeles,CA,EE. UU.,Corporate
1850,18659,North Tonawanda,NY,EE. UU.,Corporate
1851,15497,Los Angeles,CA,EE. UU.,Corporate
1852,15569,Freeport,NY,EE. UU.,Corporate
1853,15675,Olathe,KS,EE. UU.,Corporate
1854,15458,Dallas,TX,EE. UU.,Corporate
1855,15457,Flushing,NY,EE. UU.,Corporate
1856,15367,New Braunfels,TX,EE. UU.,Corporate
1857,10008,Staten Island,NY,EE. UU.,Corporate
1858,15475,Sunnyvale,CA,EE. UU.,Corporate
1859,4200,Eugene,OR,EE. UU.,Corporate
1860,15490,Compton,CA,EE. UU.,Corporate
1861,15364,Saint Paul,MN,EE. UU.,Corporate
1862,3993,Valrico,FL,EE. UU.,Corporate
1863,3148,Lynwood,CA,EE. UU.,Corporate
1864,15489,Kent,WA,EE. UU.,Corporate
1865,9514,Laguna Hills,CA,EE. UU.,Corporate
1866,18669,Tempe,AZ,EE. UU.,Corporate
1867,296,Detroit,MI,EE. UU.,Corporate
1868,18722,Los Angeles,CA,EE. UU.,Corporate
1869,7643,Buffalo,NY,EE. UU.,Corporate
1870,6083,Lompoc,CA,EE. UU.,Corporate
1871,8772,Norfolk,VA,EE. UU.,Corporate
1872,10666,Anaheim,CA,EE. UU.,Corporate
1873,496,Revere,MA,EE. UU.,Corporate
1874,4298,Ontario,CA,EE. UU.,Corporate
1875,3396,San Bernardino,CA,EE. UU.,Corporate
1876,8996,Augusta,GA,EE. UU.,Corporate
1877,2383,Westerville,OH,EE. UU.,Corporate
1878,4120,Cordova,TN,EE. UU.,Corporate
1879,1394,North Las Vegas,NV,EE. UU.,Corporate
1880,5934,Newburgh,NY,EE. UU.,Corporate
1881,3352,Chicago,IL,EE. UU.,Corporate
1882,5614,Aurora,IL,EE. UU.,Corporate
1883,5819,New Brunswick,NJ,EE. UU.,Corporate
1884,6223,Columbus,OH,EE. UU.,Corporate
1885,9674,Taylor,MI,EE. UU.,Corporate
1886,11957,Cincinnati,OH,EE. UU.,Corporate
1887,2153,Bakersfield,CA,EE. UU.,Corporate
1888,6736,San Diego,CA,EE. UU.,Corporate
1889,552,Los Angeles,CA,EE. UU.,Corporate
1890,7733,Hanford,CA,EE. UU.,Corporate
1891,3424,Clementon,NJ,EE. UU.,Corporate
1892,1263,Ontario,CA,EE. UU.,Corporate
1893,5271,North Hills,CA,EE. UU.,Corporate
1894,7707,Brooklyn,NY,EE. UU.,Corporate
1895,12055,Orlando,FL,EE. UU.,Corporate
1896,10365,Winnetka,CA,EE. UU.,Corporate
1897,1618,Philadelphia,PA,EE. UU.,Corporate
1898,11573,Brooklyn,NY,EE. UU.,Corporate
1899,1331,Panorama City,CA,EE. UU.,Corporate
1900,5097,Martinez,CA,EE. UU.,Corporate
1901,7178,Greenville,NC,EE. UU.,Corporate
1902,8404,Troy,NY,EE. UU.,Corporate
1903,10518,Rialto,CA,EE. UU.,Corporate
1904,1342,Saint Peters,MO,EE. UU.,Corporate
1905,2511,Apex,NC,EE. UU.,Corporate
1906,248,Houston,TX,EE. UU.,Corporate
1907,5917,Mchenry,IL,EE. UU.,Corporate
1908,10983,Fontana,CA,EE. UU.,Corporate
1909,11114,Columbus,OH,EE. UU.,Corporate
1910,5902,Mission,TX,EE. UU.,Corporate
1911,1219,Detroit,MI,EE. UU.,Corporate
1912,4269,Tustin,CA,EE. UU.,Corporate
1913,6725,Philadelphia,PA,EE. UU.,Corporate
1914,5054,Brooklyn,NY,EE. UU.,Corporate
1915,10648,Los Angeles,CA,EE. UU.,Corporate
1916,4986,Santa Ana,CA,EE. UU.,Corporate
1917,6708,Virginia Beach,VA,EE. UU.,Corporate
1918,6872,Azusa,CA,EE. UU.,Corporate
1919,11170,Philadelphia,PA,EE. UU.,Corporate
1920,4707,Harvey,IL,EE. UU.,Corporate
1921,3085,Cleveland,OH,EE. UU.,Corporate
1922,2319,Jackson,MI,EE. UU.,Corporate
1923,3302,Salem,OR,EE. UU.,Corporate
1924,10226,Murfreesboro,TN,EE. UU.,Corporate
1925,2456,York,PA,EE. UU.,Corporate
1926,4477,Duluth,GA,EE. UU.,Corporate
1927,4427,Carlisle,PA,EE. UU.,Corporate
1928,3628,Elgin,IL,EE. UU.,Corporate
1929,11791,Riverside,CA,EE. UU.,Corporate
1930,5935,Philadelphia,PA,EE. UU.,Corporate
1931,12381,Austin,TX,EE. UU.,Corporate
1932,6227,New Brunswick,NJ,EE. UU.,Corporate
1933,1899,Norfolk,VA,EE. UU.,Corporate
1934,11337,Danbury,CT,EE. UU.,Corporate
1935,5941,Newark,OH,EE. UU.,Corporate
1936,2871,Marietta,GA,EE. UU.,Corporate
1937,11586,New Orleans,LA,EE. UU.,Corporate
1938,4070,Bridgeton,NJ,EE. UU.,Corporate
1939,10591,Plymouth,MA,EE. UU.,Corporate
1940,7268,Davis,CA,EE. UU.,Corporate
1941,3598,Tucson,AZ,EE. UU.,Corporate
1942,1958,Lancaster,PA,EE. UU.,Corporate
1943,9307,Stone Mountain,GA,EE. UU.,Corporate
1944,3995,North Las Vegas,NV,EE. UU.,Corporate
1945,3485,San Bernardino,CA,EE. UU.,Corporate
1946,5732,Frankfort,KY,EE. UU.,Corporate
1947,8100,Upland,CA,EE. UU.,Corporate
1948,1475,Rosemead,CA,EE. UU.,Corporate
1949,7113,North Richland Hills,TX,EE. UU.,Corporate
1950,10667,Methuen,MA,EE. UU.,Corporate
1951,10643,Escondido,CA,EE. UU.,Corporate
1952,2571,Mount Pleasant,MI,EE. UU.,Corporate
1953,8650,Buffalo,NY,EE. UU.,Corporate
1954,4429,Dallas,TX,EE. UU.,Corporate
1955,8037,Salem,OR,EE. UU.,Corporate
1956,9352,South El Monte,CA,EE. UU.,Corporate
1957,9432,Sugar Land,TX,EE. UU.,Corporate
1958,695,Roswell,NM,EE. UU.,Corporate
1959,9511,Harvey,IL,EE. UU.,Corporate
1960,6492,Provo,UT,EE. UU.,Corporate
1961,9112,Bay Shore,NY,EE. UU.,Corporate
1962,7532,Philadelphia,PA,EE. UU.,Corporate
1963,6950,Marrero,LA,EE. UU.,Corporate
1964,4830,Philadelphia,PA,EE. UU.,Corporate
1965,6967,Oceanside,CA,EE. UU.,Corporate
1966,2891,Lake Forest,CA,EE. UU.,Corporate
1967,3306,New York,NY,EE. UU.,Corporate
1968,6670,West Chester,PA,EE. UU.,Corporate
1969,9723,Los Angeles,CA,EE. UU.,Corporate
1970,1662,Bronx,NY,EE. UU.,Corporate
1971,2709,New York,NY,EE. UU.,Corporate
1972,12101,Highland,CA,EE. UU.,Corporate
1973,8078,Brooklyn,NY,EE. UU.,Corporate
1974,2540,Indianapolis,IN,EE. UU.,Corporate
1975,4329,Lindenhurst,NY,EE. UU.,Corporate
1976,8841,Los Angeles,CA,EE. UU.,Corporate
1977,11822,Stamford,CT,EE. UU.,Corporate
1978,2386,San Bernardino,CA,EE. UU.,Corporate
1979,2228,Aurora,CO,EE. UU.,Corporate
1980,4911,Greenville,NC,EE. UU.,Corporate
1981,5214,New York,NY,EE. UU.,Corporate
1982,2504,West Chester,PA,EE. UU.,Corporate
1983,6741,Winter Park,FL,EE. UU.,Corporate
1984,8508,New Orleans,LA,EE. UU.,Corporate
1985,8652,Woodside,NY,EE. UU.,Corporate
1986,7401,Santa Clara,CA,EE. UU.,Corporate
1987,5698,Fremont,CA,EE. UU.,Corporate
1988,4328,Elyria,OH,EE. UU.,Corporate
1989,12341,Norcross,GA,EE. UU.,Corporate
1990,8507,Milpitas,CA,EE. UU.,Corporate
1991,7882,Round Rock,TX,EE. UU.,Corporate
1992,8281,Bakersfield,CA,EE. UU.,Corporate
1993,10930,San Jose,CA,EE. UU.,Corporate
1994,603,Fresno,CA,EE. UU.,Corporate
1995,3884,North Bergen,NJ,EE. UU.,Corporate
1996,4708,Roseburg,OR,EE. UU.,Corporate
1997,11419,York,PA,EE. UU.,Corporate
1998,4668,Mechanicsburg,PA,EE. UU.,Corporate
1999,6740,Zanesville,OH,EE. UU.,Corporate
2000,3262,Aurora,IL,EE. UU.,Corporate
2001,10957,Brooklyn,NY,EE. UU.,Corporate
2002,11634,San Diego,CA,EE. UU.,Corporate
2003,505,Scottsdale,AZ,EE. UU.,Corporate
2004,8026,Middletown,OH,EE. UU.,Corporate
2005,4991,Greensboro,NC,EE. UU.,Corporate
2006,7830,East Lansing,MI,EE. UU.,Corporate
2007,12034,Simi Valley,CA,EE. UU.,Corporate
2008,619,Houston,TX,EE. UU.,Corporate
2009,10137,Los Angeles,CA,EE. UU.,Corporate
2010,8640,Diamond Bar,CA,EE. UU.,Corporate
2011,9636,San Francisco,CA,EE. UU.,Corporate
2012,4316,Indianapolis,IN,EE. UU.,Corporate
2013,791,Canton,MI,EE. UU.,Corporate
2014,2772,San Bernardino,CA,EE. UU.,Corporate
2015,2385,Costa Mesa,CA,EE. UU.,Corporate
2016,1891,Painesville,OH,EE. UU.,Corporate
2017,16649,Spring Valley,CA,EE. UU.,Corporate
2018,16648,Fresno,CA,EE. UU.,Consumer
2019,16647,Caguas,PR,Puerto Rico,Consumer
2020,16646,Phoenix,AZ,EE. UU.,Consumer
2021,16645,Caguas,PR,Puerto Rico,Consumer
2022,16644,Atlanta,GA,EE. UU.,Consumer
2023,16643,Caguas,PR,Puerto Rico,Corporate
2024,16642,Strongsville,OH,EE. UU.,Corporate
2025,16641,Brooklyn,NY,EE. UU.,Consumer
2026,16640,Caguas,PR,Puerto Rico,Consumer
2027,16639,Portland,OR,EE. UU.,Home Office
2028,16638,Catonsville,MD,EE. UU.,Home Office
2029,16637,Caguas,PR,Puerto Rico,Home Office
2030,16636,Eugene,OR,EE. UU.,Corporate
2031,16635,Hayward,CA,EE. UU.,Home Office
2032,16634,Los Angeles,CA,EE. UU.,Home Office
2033,16633,Caguas,PR,Puerto Rico,Home Office
2034,16632,Lynnwood,WA,EE. UU.,Home Office
2035,16631,Dallas,TX,EE. UU.,Consumer
2036,16630,Caguas,PR,Puerto Rico,Home Office
2037,4768,Caguas,PR,Puerto Rico,Home Office
2038,9037,Bellflower,CA,EE. UU.,Consumer
2039,5783,Indianapolis,IN,EE. UU.,Consumer
2040,9532,Amarillo,TX,EE. UU.,Corporate
2041,7279,Massillon,OH,EE. UU.,Consumer
2042,3851,Caguas,PR,Puerto Rico,Consumer
2043,8372,Caguas,PR,Puerto Rico,Corporate
2044,7580,Caguas,PR,Puerto Rico,Consumer
2045,4376,Caguas,PR,Puerto Rico,Home Office
2046,8549,Hollywood,FL,EE. UU.,Consumer
2047,1921,Longmont,CO,EE. UU.,Home Office
2048,11208,Caguas,PR,Puerto Rico,Consumer
2049,6247,Caguas,PR,Puerto Rico,Consumer
2050,11017,Caguas,PR,Puerto Rico,Home Office
2051,3649,Union City,CA,EE. UU.,Corporate
2052,10076,Caguas,PR,Puerto Rico,Consumer
2053,2137,Moreno Valley,CA,EE. UU.,Corporate
2054,3686,Caguas,PR,Puerto Rico,Consumer
2055,5186,Alhambra,CA,EE. UU.,Corporate
2056,6778,Caguas,PR,Puerto Rico,Consumer
2057,263,Caguas,PR,Puerto Rico,Consumer
2058,1444,Caguas,PR,Puerto Rico,Corporate
2059,1092,Caguas,PR,Puerto Rico,Corporate
2060,7103,Chicago,IL,EE. UU.,Consumer
2061,6141,Caguas,PR,Puerto Rico,Consumer
2062,577,Caguas,PR,Puerto Rico,Consumer
2063,7832,Chicago,IL,EE. UU.,Corporate
2064,1944,Crystal Lake,IL,EE. UU.,Home Office
2065,5976,Glendale,AZ,EE. UU.,Home Office
2066,12146,Houston,TX,EE. UU.,Corporate
2067,1873,Caguas,PR,Puerto Rico,Consumer
2068,1788,Fort Lauderdale,FL,EE. UU.,Consumer
2069,8480,Rego Park,NY,EE. UU.,Consumer
2070,3241,Caguas,PR,Puerto Rico,Consumer
2071,10173,Philadelphia,PA,EE. UU.,Consumer
2072,2247,Laredo,TX,EE. UU.,Home Office
2073,251,Saint Paul,MN,EE. UU.,Corporate
2074,3754,Columbus,GA,EE. UU.,Home Office
2075,6370,Provo,UT,EE. UU.,Corporate
2076,6374,Caguas,PR,Puerto Rico,Corporate
2077,3438,Mililani,HI,EE. UU.,Consumer
2078,12355,Lombard,IL,EE. UU.,Consumer
2079,3045,Caguas,PR,Puerto Rico,Consumer
2080,9727,Chicago,IL,EE. UU.,Home Office
2081,3469,Waipahu,HI,EE. UU.,Home Office
2082,2615,Garden Grove,CA,EE. UU.,Consumer
2083,415,San Diego,CA,EE. UU.,Corporate
2084,7621,College Station,TX,EE. UU.,Consumer
2085,321,Ann Arbor,MI,EE. UU.,Consumer
2086,7269,San Jose,CA,EE. UU.,Consumer
2087,10802,Caguas,PR,Puerto Rico,Corporate
2088,210,Caguas,PR,Puerto Rico,Corporate
2089,2588,Caguas,PR,Puerto Rico,Consumer
2090,1495,Caguas,PR,Puerto Rico,Consumer
2091,11204,Longmont,CO,EE. UU.,Consumer
2092,11412,Santa Ana,CA,EE. UU.,Corporate
2093,8400,Smyrna,GA,EE. UU.,Consumer
2094,3565,Caguas,PR,Puerto Rico,Corporate
2095,1490,Portland,OR,EE. UU.,Consumer
2096,10428,Caguas,PR,Puerto Rico,Consumer
2097,8663,Chicago,IL,EE. UU.,Consumer
2098,7114,Cleveland,OH,EE. UU.,Corporate
2099,6450,Fresno,CA,EE. UU.,Consumer
2100,1153,Woodbridge,VA,EE. UU.,Consumer
2101,10499,Princeton,NJ,EE. UU.,Corporate
2102,11187,Caguas,PR,Puerto Rico,Consumer
2103,9742,New York,NY,EE. UU.,Home Office
2104,10582,Caguas,PR,Puerto Rico,Consumer
2105,10893,Riverside,CA,EE. UU.,Corporate
2106,8744,Salinas,CA,EE. UU.,Consumer
2107,8807,Caguas,PR,Puerto Rico,Consumer
2108,11616,Wyoming,MI,EE. UU.,Home Office
2109,711,Caguas,PR,Puerto Rico,Corporate
2110,6499,Denver,CO,EE. UU.,Home Office
2111,8572,Caguas,PR,Puerto Rico,Consumer
2112,7994,Caguas,PR,Puerto Rico,Corporate
2113,5845,La Mesa,CA,EE. UU.,Home Office
2114,9807,Vista,CA,EE. UU.,Consumer
2115,11757,Caguas,PR,Puerto Rico,Consumer
2116,5785,Caguas,PR,Puerto Rico,Home Office
2117,9129,Caguas,PR,Puerto Rico,Corporate
2118,9326,Portland,OR,EE. UU.,Consumer
2119,2641,Carrollton,TX,EE. UU.,Consumer
2120,10245,Dallas,TX,EE. UU.,Corporate
2121,1168,Edinburg,TX,EE. UU.,Corporate
2122,12363,Caguas,PR,Puerto Rico,Consumer
2123,7512,Caguas,PR,Puerto Rico,Consumer
2124,11044,Memphis,TN,EE. UU.,Consumer
2125,1826,Caguas,PR,Puerto Rico,Corporate
2126,1804,Howell,MI,EE. UU.,Corporate
2127,11551,Caguas,PR,Puerto Rico,Consumer
2128,2353,Dallas,TX,EE. UU.,Consumer
2129,7735,Caguas,PR,Puerto Rico,Consumer
2130,6199,Corona,NY,EE. UU.,Consumer
2131,6817,Zanesville,OH,EE. UU.,Consumer
2132,7226,Michigan City,IN,EE. UU.,Home Office
2133,4061,Caguas,PR,Puerto Rico,Consumer
2134,12418,Caguas,PR,Puerto Rico,Consumer
2135,12142,Encinitas,CA,EE. UU.,Consumer
2136,8810,Caguas,PR,Puerto Rico,Corporate
2137,10341,Long Beach,CA,EE. UU.,Home Office
2138,11338,Sheboygan,WI,EE. UU.,Consumer
2139,6301,Moline,IL,EE. UU.,Corporate
2140,1812,Elgin,IL,EE. UU.,Home Office
2141,9872,Caguas,PR,Puerto Rico,Corporate
2142,757,Tempe,AZ,EE. UU.,Consumer
2143,8370,Caguas,PR,Puerto Rico,Corporate
2144,2938,Antioch,CA,EE. UU.,Consumer
2145,312,Houston,TX,EE. UU.,Consumer
2146,2485,Caguas,PR,Puerto Rico,Consumer
2147,9337,Chicago,IL,EE. UU.,Consumer
2148,11413,Norcross,GA,EE. UU.,Home Office
2149,11318,Caguas,PR,Puerto Rico,Consumer
2150,2097,Atlanta,GA,EE. UU.,Corporate
2151,2583,Mchenry,IL,EE. UU.,Consumer
2152,9602,Caguas,PR,Puerto Rico,Home Office
2153,12289,Caguas,PR,Puerto Rico,Consumer
2154,10154,Chicago,IL,EE. UU.,Home Office
2155,7329,Las Vegas,NV,EE. UU.,Consumer
2156,7365,Elmhurst,NY,EE. UU.,Consumer
2157,1393,Caguas,PR,Puerto Rico,Corporate
2158,1725,Brooklyn,NY,EE. UU.,Corporate
2159,9713,Bolingbrook,IL,EE. UU.,Home Office
2160,8184,Brooklyn,NY,EE. UU.,Corporate
2161,6700,Eagle Pass,TX,EE. UU.,Consumer
2162,511,Caguas,PR,Puerto Rico,Consumer
2163,10469,Los Angeles,CA,EE. UU.,Consumer
2164,1152,Bronx,NY,EE. UU.,Consumer
2165,7481,Caguas,PR,Puerto Rico,Corporate
2166,12232,Brooklyn,NY,EE. UU.,Corporate
2167,7377,Caguas,PR,Puerto Rico,Consumer
2168,3577,Chicago,IL,EE. UU.,Home Office
2169,7960,Caguas,PR,Puerto Rico,Corporate
2170,12192,San Diego,CA,EE. UU.,Consumer
2171,5415,Yuma,AZ,EE. UU.,Home Office
2172,4012,Roswell,GA,EE. UU.,Corporate
2173,51,Caguas,PR,Puerto Rico,Home Office
2174,1906,Lutz,FL,EE. UU.,Consumer
2175,1542,New Orleans,LA,EE. UU.,Consumer
2176,8753,Hagerstown,MD,EE. UU.,Consumer
2177,2345,New York,NY,EE. UU.,Consumer
2178,9264,Caguas,PR,Puerto Rico,Consumer
2179,9913,Caguas,PR,Puerto Rico,Corporate
2180,11326,Los Angeles,CA,EE. UU.,Consumer
2181,1811,Detroit,MI,EE. UU.,Home Office
2182,8928,Eugene,OR,EE. UU.,Consumer
2183,8661,Las Vegas,NV,EE. UU.,Home Office
2184,9502,El Paso,TX,EE. UU.,Home Office
2185,3282,Dallas,TX,EE. UU.,Consumer
2186,635,Caguas,PR,Puerto Rico,Consumer
2187,8660,Caguas,PR,Puerto Rico,Home Office
2188,10125,Fremont,CA,EE. UU.,Consumer
2189,6658,Plano,TX,EE. UU.,Consumer
2190,5385,Caguas,PR,Puerto Rico,Corporate
2191,1042,Caguas,PR,Puerto Rico,Consumer
2192,8282,Caguas,PR,Puerto Rico,Corporate
2193,964,New York,NY,EE. UU.,Corporate
2194,10862,Stockton,CA,EE. UU.,Consumer
2195,7423,Cleveland,OH,EE. UU.,Consumer
2196,9603,Campbell,CA,EE. UU.,Consumer
2197,11917,Caguas,PR,Puerto Rico,Corporate
2198,7186,Caguas,PR,Puerto Rico,Consumer
2199,8835,Richmond,TX,EE. UU.,Corporate
2200,4474,Caguas,PR,Puerto Rico,Consumer
2201,7881,Saint Louis,MO,EE. UU.,Corporate
2202,2229,Caguas,PR,Puerto Rico,Corporate
2203,793,San Antonio,TX,EE. UU.,Consumer
2204,913,Caguas,PR,Puerto Rico,Consumer
2205,2608,Philadelphia,PA,EE. UU.,Consumer
2206,217,Caguas,PR,Puerto Rico,Corporate
2207,6766,Fort Washington,MD,EE. UU.,Consumer
2208,3503,Philadelphia,PA,EE. UU.,Corporate
2209,204,Las Vegas,NV,EE. UU.,Consumer
2210,7010,Caguas,PR,Puerto Rico,Home Office
2211,5495,Caguas,PR,Puerto Rico,Home Office
2212,6645,Caguas,PR,Puerto Rico,Consumer
2213,9933,Canovanas,PR,Puerto Rico,Home Office
2214,2552,Mount Prospect,IL,EE. UU.,Consumer
2215,2313,Scottsdale,AZ,EE. UU.,Consumer
2216,10334,Findlay,OH,EE. UU.,Consumer
2217,4564,Charlotte,NC,EE. UU.,Consumer
2218,1553,Oakland,CA,EE. UU.,Consumer
2219,102,Caguas,PR,Puerto Rico,Corporate
2220,434,Caguas,PR,Puerto Rico,Consumer
2221,2199,Caguas,PR,Puerto Rico,Corporate
2222,6828,Jersey City,NJ,EE. UU.,Home Office
2223,5943,Caguas,PR,Puerto Rico,Corporate
2224,7651,Elk Grove,CA,EE. UU.,Consumer
2225,8862,Zanesville,OH,EE. UU.,Consumer
2226,11090,Roseburg,OR,EE. UU.,Consumer
2227,12178,Irving,TX,EE. UU.,Consumer
2228,151,Richmond,TX,EE. UU.,Consumer
2229,5543,Far Rockaway,NY,EE. UU.,Corporate
2230,6616,San Marcos,CA,EE. UU.,Corporate
2231,5921,Caguas,PR,Puerto Rico,Corporate
2232,10808,Walnut,CA,EE. UU.,Consumer
2233,809,Caguas,PR,Puerto Rico,Consumer
2234,7913,Caguas,PR,Puerto Rico,Consumer
2235,12183,Caguas,PR,Puerto Rico,Corporate
2236,11921,Newark,NJ,EE. UU.,Corporate
2237,12102,Caguas,PR,Puerto Rico,Corporate
2238,6576,Caguas,PR,Puerto Rico,Consumer
2239,8889,Caguas,PR,Puerto Rico,Consumer
2240,10797,Salt Lake City,UT,EE. UU.,Corporate
2241,1950,New Bedford,MA,EE. UU.,Home Office
2242,12340,Caguas,PR,Puerto Rico,Corporate
2243,2710,Albuquerque,NM,EE. UU.,Consumer
2244,2775,Caguas,PR,Puerto Rico,Consumer
2245,11983,Chicago,IL,EE. UU.,Consumer
2246,10734,Flushing,NY,EE. UU.,Corporate
2247,6231,Harlingen,TX,EE. UU.,Home Office
2248,11352,Caguas,PR,Puerto Rico,Consumer
2249,8755,Caguas,PR,Puerto Rico,Consumer
2250,12366,Saint Paul,MN,EE. UU.,Consumer
2251,5805,Caguas,PR,Puerto Rico,Corporate
2252,6486,Aurora,CO,EE. UU.,Consumer
2253,12209,Rio Rancho,NM,EE. UU.,Home Office
2254,12267,Nashville,TN,EE. UU.,Home Office
2255,8484,Saint Louis,MO,EE. UU.,Home Office
2256,1827,Buffalo,NY,EE. UU.,Home Office
2257,5142,Annapolis,MD,EE. UU.,Consumer
2258,354,Caguas,PR,Puerto Rico,Home Office
2259,7108,Chicago,IL,EE. UU.,Home Office
2260,6194,Caguas,PR,Puerto Rico,Consumer
2261,1056,Caguas,PR,Puerto Rico,Home Office
2262,11306,Miami,FL,EE. UU.,Corporate
2263,11697,Laguna Niguel,CA,EE. UU.,Corporate
2264,582,Garland,TX,EE. UU.,Corporate
2265,2307,Atlanta,GA,EE. UU.,Consumer
2266,6560,Caguas,PR,Puerto Rico,Corporate
2267,800,Caguas,PR,Puerto Rico,Consumer
2268,10850,Caguas,PR,Puerto Rico,Home Office
2269,12352,Caguas,PR,Puerto Rico,Consumer
2270,957,Stockton,CA,EE. UU.,Corporate
2271,2462,Long Beach,CA,EE. UU.,Consumer
2272,10719,Caguas,PR,Puerto Rico,Corporate
2273,10890,Caguas,PR,Puerto Rico,Consumer
2274,6970,Strongsville,OH,EE. UU.,Corporate
2275,9078,Glen Burnie,MD,EE. UU.,Home Office
2276,11643,Dorchester Center,MA,EE. UU.,Consumer
2277,58,Caguas,PR,Puerto Rico,Consumer
2278,8763,Santee,CA,EE. UU.,Home Office
2279,9303,Dallas,TX,EE. UU.,Consumer
2280,11781,Marietta,GA,EE. UU.,Home Office
2281,6035,Caguas,PR,Puerto Rico,Consumer
2282,4623,Arecibo,PR,Puerto Rico,Consumer
2283,221,Columbus,OH,EE. UU.,Consumer
2284,3240,West Jordan,UT,EE. UU.,Consumer
2285,3259,New York,NY,EE. UU.,Consumer
2286,10783,Caguas,PR,Puerto Rico,Home Office
2287,4542,Irvington,NJ,EE. UU.,Corporate
2288,258,Philadelphia,PA,EE. UU.,Corporate
2289,6434,Caguas,PR,Puerto Rico,Consumer
2290,11307,Caguas,PR,Puerto Rico,Corporate
2291,820,Caguas,PR,Puerto Rico,Corporate
2292,7715,Lancaster,PA,EE. UU.,Home Office
2293,2334,Caguas,PR,Puerto Rico,Consumer
2294,17,Taylor,MI,EE. UU.,Consumer
2295,6550,Brooklyn,NY,EE. UU.,Consumer
2296,9390,Caguas,PR,Puerto Rico,Consumer
2297,5884,Portland,OR,EE. UU.,Consumer
2298,10349,Riverside,CA,EE. UU.,Consumer
2299,3760,Pico Rivera,CA,EE. UU.,Consumer
2300,4580,Astoria,NY,EE. UU.,Consumer
2301,11696,Brooklyn,NY,EE. UU.,Corporate
2302,7680,Freeport,NY,EE. UU.,Consumer
2303,3682,Philadelphia,PA,EE. UU.,Consumer
2304,9402,Caguas,PR,Puerto Rico,Consumer
2305,6429,Chicago,IL,EE. UU.,Consumer
2306,10454,Milpitas,CA,EE. UU.,Home Office
2307,11075,Ann Arbor,MI,EE. UU.,Consumer
2308,10794,Lenoir,NC,EE. UU.,Consumer
2309,234,Miami,FL,EE. UU.,Consumer
2310,7302,Brooklyn,NY,EE. UU.,Corporate
2311,3144,Hialeah,FL,EE. UU.,Home Office
2312,2467,Houston,TX,EE. UU.,Consumer
2313,2192,Caguas,PR,Puerto Rico,Consumer
2314,4098,Caguas,PR,Puerto Rico,Consumer
2315,8922,Chicago,IL,EE. UU.,Corporate
2316,11667,Hickory,NC,EE. UU.,Corporate
2317,4942,Salt Lake City,UT,EE. UU.,Corporate
2318,4521,Caguas,PR,Puerto Rico,Home Office
2319,7629,Caguas,PR,Puerto Rico,Home Office
2320,301,Caguas,PR,Puerto Rico,Home Office
2321,4459,Caguas,PR,Puerto Rico,Home Office
2322,5455,San Sebastian,PR,Puerto Rico,Home Office
2323,2088,Caguas,PR,Puerto Rico,Home Office
2324,3509,Caguas,PR,Puerto Rico,Home Office
2325,13592,Caguas,PR,Puerto Rico,Home Office
2326,743,Caguas,PR,Puerto Rico,Home Office
2327,5516,Caguas,PR,Puerto Rico,Home Office
2328,5110,Caguas,PR,Puerto Rico,Home Office
2329,6275,Caguas,PR,Puerto Rico,Home Office
2330,10348,Caguas,PR,Puerto Rico,Home Office
2331,7083,Caguas,PR,Puerto Rico,Home Office
2332,6498,Caguas,PR,Puerto Rico,Home Office
2333,192,Caguas,PR,Puerto Rico,Home Office
2334,5450,Caguas,PR,Puerto Rico,Home Office
2335,3235,Caguas,PR,Puerto Rico,Home Office
2336,5731,Caguas,PR,Puerto Rico,Home Office
2337,8836,Caguas,PR,Puerto Rico,Home Office
2338,2000,Caguas,PR,Puerto Rico,Home Office
2339,10982,Caguas,PR,Puerto Rico,Home Office
2340,11846,Caguas,PR,Puerto Rico,Home Office
2341,9868,Caguas,PR,Puerto Rico,Home Office
2342,4330,Caguas,PR,Puerto Rico,Home Office
2343,7988,Caguas,PR,Puerto Rico,Home Office
2344,8128,San Sebastian,PR,Puerto Rico,Home Office
2345,2824,Caguas,PR,Puerto Rico,Home Office
2346,7104,Caguas,PR,Puerto Rico,Home Office
2347,6348,Caguas,PR,Puerto Rico,Home Office
2348,8072,Caguas,PR,Puerto Rico,Home Office
2349,5306,Caguas,PR,Puerto Rico,Home Office
2350,7309,Caguas,PR,Puerto Rico,Home Office
2351,9562,Caguas,PR,Puerto Rico,Home Office
2352,12203,Caguas,PR,Puerto Rico,Home Office
2353,513,Caguas,PR,Puerto Rico,Home Office
2354,1266,Caguas,PR,Puerto Rico,Home Office
2355,9830,Caguas,PR,Puerto Rico,Home Office
2356,12468,Caguas,PR,Puerto Rico,Home Office
2357,12555,Caguas,PR,Puerto Rico,Home Office
2358,12679,Caguas,PR,Puerto Rico,Home Office
2359,12445,Caguas,PR,Puerto Rico,Home Office
2360,12711,Caguas,PR,Puerto Rico,Home Office
2361,12494,Caguas,PR,Puerto Rico,Home Office
2362,12600,Caguas,PR,Puerto Rico,Home Office
2363,12708,Caguas,PR,Puerto Rico,Home Office
2364,12563,Caguas,PR,Puerto Rico,Home Office
2365,15052,Caguas,PR,Puerto Rico,Home Office
2366,10067,Caguas,PR,Puerto Rico,Home Office
2367,5484,Caguas,PR,Puerto Rico,Home Office
2368,8559,Caguas,PR,Puerto Rico,Home Office
2369,2958,Caguas,PR,Puerto Rico,Home Office
2370,5396,Caguas,PR,Puerto Rico,Home Office
2371,9879,Caguas,PR,Puerto Rico,Home Office
2372,11522,Manati,PR,Puerto Rico,Home Office
2373,5787,Caguas,PR,Puerto Rico,Home Office
2374,9187,Caguas,PR,Puerto Rico,Home Office
2375,9706,Caguas,PR,Puerto Rico,Home Office
2376,10820,Caguas,PR,Puerto Rico,Home Office
2377,7563,Caguas,PR,Puerto Rico,Home Office
2378,2244,Caguas,PR,Puerto Rico,Home Office
2379,11166,Caguas,PR,Puerto Rico,Home Office
2380,8602,Caguas,PR,Puerto Rico,Home Office
2381,11424,Mayaguez,PR,Puerto Rico,Home Office
2382,11332,Caguas,PR,Puerto Rico,Home Office
2383,1601,Caguas,PR,Puerto Rico,Home Office
2384,12037,Caguas,PR,Puerto Rico,Home Office
2385,92,Caguas,PR,Puerto Rico,Home Office
2386,9049,Caguas,PR,Puerto Rico,Home Office
2387,4274,Caguas,PR,Puerto Rico,Home Office
2388,7633,Caguas,PR,Puerto Rico,Home Office
2389,12394,Caguas,PR,Puerto Rico,Home Office
2390,10048,Caguas,PR,Puerto Rico,Home Office
2391,3265,Caguas,PR,Puerto Rico,Home Office
2392,9133,Caguas,PR,Puerto Rico,Home Office
2393,6661,Caguas,PR,Puerto Rico,Home Office
2394,10845,Caguas,PR,Puerto Rico,Home Office
2395,5844,Caguas,PR,Puerto Rico,Home Office
2396,6106,Caguas,PR,Puerto Rico,Home Office
2397,2706,Caguas,PR,Puerto Rico,Home Office
2398,4420,Caguas,PR,Puerto Rico,Home Office
2399,9070,Caguas,PR,Puerto Rico,Home Office
2400,3188,Caguas,PR,Puerto Rico,Home Office
2401,4440,Caguas,PR,Puerto Rico,Home Office
2402,2914,Caguas,PR,Puerto Rico,Home Office
2403,4311,Caguas,PR,Puerto Rico,Home Office
2404,8957,Caguas,PR,Puerto Rico,Home Office
2405,357,Caguas,PR,Puerto Rico,Home Office
2406,9213,Rio Grande,PR,Puerto Rico,Home Office
2407,6459,Caguas,PR,Puerto Rico,Home Office
2408,342,Caguas,PR,Puerto Rico,Home Office
2409,2312,Caguas,PR,Puerto Rico,Home Office
2410,3414,Caguas,PR,Puerto Rico,Home Office
2411,199,Caguas,PR,Puerto Rico,Home Office
2412,5425,Caguas,PR,Puerto Rico,Home Office
2413,8984,Caguas,PR,Puerto Rico,Home Office
2414,5622,Caguas,PR,Puerto Rico,Home Office
2415,6918,Caguas,PR,Puerto Rico,Home Office
2416,1533,Caguas,PR,Puerto Rico,Home Office
2417,4144,Caguas,PR,Puerto Rico,Home Office
2418,5352,Caguas,PR,Puerto Rico,Home Office
2419,116,Caguas,PR,Puerto Rico,Home Office
2420,6692,Caguas,PR,Puerto Rico,Home Office
2421,1780,Caguas,PR,Puerto Rico,Home Office
2422,2582,Caguas,PR,Puerto Rico,Home Office
2423,6994,Caguas,PR,Puerto Rico,Home Office
2424,10570,Caguas,PR,Puerto Rico,Home Office
2425,9461,Caguas,PR,Puerto Rico,Home Office
2426,11876,Caguas,PR,Puerto Rico,Home Office
2427,9068,Caguas,PR,Puerto Rico,Home Office
2428,9270,Caguas,PR,Puerto Rico,Home Office
2429,7519,Caguas,PR,Puerto Rico,Home Office
2430,4257,Caguas,PR,Puerto Rico,Home Office
2431,8859,Caguas,PR,Puerto Rico,Home Office
2432,9241,Caguas,PR,Puerto Rico,Home Office
2433,7789,Caguas,PR,Puerto Rico,Home Office
2434,4675,Caguas,PR,Puerto Rico,Home Office
2435,10453,Caguas,PR,Puerto Rico,Home Office
2436,2743,Caguas,PR,Puerto Rico,Home Office
2437,9243,Caguas,PR,Puerto Rico,Home Office
2438,5438,Caguas,PR,Puerto Rico,Home Office
2439,5128,Caguas,PR,Puerto Rico,Home Office
2440,12056,Caguas,PR,Puerto Rico,Home Office
2441,11470,Caguas,PR,Puerto Rico,Home Office
2442,10262,Caguas,PR,Puerto Rico,Home Office
2443,282,Caguas,PR,Puerto Rico,Home Office
2444,18077,Caguas,PR,Puerto Rico,Home Office
2445,19106,Trujillo Alto,PR,Puerto Rico,Home Office
2446,19206,Caguas,PR,Puerto Rico,Home Office
2447,16469,Caguas,PR,Puerto Rico,Home Office
2448,15752,Caguas,PR,Puerto Rico,Home Office
2449,15779,Caguas,PR,Puerto Rico,Home Office
2450,1920,Caguas,PR,Puerto Rico,Home Office
2451,5890,Caguas,PR,Puerto Rico,Home Office
2452,11500,Caguas,PR,Puerto Rico,Home Office
2453,12420,Caguas,PR,Puerto Rico,Home Office
2454,5187,Caguas,PR,Puerto Rico,Home Office
2455,174,Caguas,PR,Puerto Rico,Home Office
2456,1809,Caguas,PR,Puerto Rico,Home Office
2457,18408,Caguas,PR,Puerto Rico,Home Office
2458,2753,Caguas,PR,Puerto Rico,Home Office
2459,4560,Caguas,PR,Puerto Rico,Home Office
2460,2876,Caguas,PR,Puerto Rico,Home Office
2461,9191,Caguas,PR,Puerto Rico,Home Office
2462,10372,Caguas,PR,Puerto Rico,Home Office
2463,8027,Caguas,PR,Puerto Rico,Home Office
2464,10559,Caguas,PR,Puerto Rico,Home Office
2465,2381,Caguas,PR,Puerto Rico,Home Office
2466,1824,Caguas,PR,Puerto Rico,Home Office
2467,4670,Caguas,PR,Puerto Rico,Home Office
2468,6363,Caguas,PR,Puerto Rico,Home Office
2469,3702,Caguas,PR,Puerto Rico,Home Office
2470,1027,Caguas,PR,Puerto Rico,Home Office
2471,20491,Caguas,PR,Puerto Rico,Home Office
2472,7866,Caguas,PR,Puerto Rico,Home Office
2473,685,Caguas,PR,Puerto Rico,Home Office
2474,18506,Caguas,PR,Puerto Rico,Home Office
2475,10658,Caguas,PR,Puerto Rico,Home Office
2476,30,Caguas,PR,Puerto Rico,Home Office
2477,10451,Caguas,PR,Puerto Rico,Home Office
2478,9057,Caguas,PR,Puerto Rico,Home Office
2479,10747,Caguas,PR,Puerto Rico,Home Office
2480,732,Caguas,PR,Puerto Rico,Home Office
2481,1558,Caguas,PR,Puerto Rico,Home Office
2482,6085,Caguas,PR,Puerto Rico,Home Office
2483,20486,Caguas,PR,Puerto Rico,Home Office
2484,2982,Caguas,PR,Puerto Rico,Home Office
2485,4415,Caguas,PR,Puerto Rico,Home Office
2486,7652,Caguas,PR,Puerto Rico,Consumer
2487,4160,Caguas,PR,Puerto Rico,Consumer
2488,7927,Caguas,PR,Puerto Rico,Consumer
2489,1786,Yauco,PR,Puerto Rico,Consumer
2490,8357,Caguas,PR,Puerto Rico,Consumer
2491,8932,Caguas,PR,Puerto Rico,Consumer
2492,5125,Caguas,PR,Puerto Rico,Consumer
2493,12342,Caguas,PR,Puerto Rico,Consumer
2494,4340,Caguas,PR,Puerto Rico,Consumer
2495,12014,Manati,PR,Puerto Rico,Consumer
2496,5143,Caguas,PR,Puerto Rico,Consumer
2497,3010,Caguas,PR,Puerto Rico,Consumer
2498,1251,Caguas,PR,Puerto Rico,Consumer
2499,4851,Caguas,PR,Puerto Rico,Consumer
2500,8020,Caguas,PR,Puerto Rico,Consumer
2501,7749,Caguas,PR,Puerto Rico,Consumer
2502,3202,Caguas,PR,Puerto Rico,Consumer
2503,942,Caguas,PR,Puerto Rico,Consumer
2504,5992,Caguas,PR,Puerto Rico,Consumer
2505,4490,Caguas,PR,Puerto Rico,Consumer
2506,4001,Caguas,PR,Puerto Rico,Consumer
2507,8386,Caguas,PR,Puerto Rico,Consumer
2508,2183,Caguas,PR,Puerto Rico,Consumer
2509,7765,Caguas,PR,Puerto Rico,Consumer
2510,2662,Caguas,PR,Puerto Rico,Consumer
2511,9995,Caguas,PR,Puerto Rico,Consumer
2512,7461,Caguas,PR,Puerto Rico,Consumer
2513,11657,Caguas,PR,Puerto Rico,Consumer
2514,4718,Caguas,PR,Puerto Rico,Consumer
2515,2412,Caguas,PR,Puerto Rico,Consumer
2516,279,Bayamon,PR,Puerto Rico,Consumer
2517,704,Caguas,PR,Puerto Rico,Consumer
2518,3395,Caguas,PR,Puerto Rico,Consumer
2519,6421,Caguas,PR,Puerto Rico,Consumer
2520,4121,Caguas,PR,Puerto Rico,Consumer
2521,11151,Caguas,PR,Puerto Rico,Consumer
2522,4875,Caguas,PR,Puerto Rico,Consumer
2523,11283,Caguas,PR,Puerto Rico,Consumer
2524,4653,Caguas,PR,Puerto Rico,Consumer
2525,5885,Caguas,PR,Puerto Rico,Consumer
2526,846,Caguas,PR,Puerto Rico,Consumer
2527,432,Caguas,PR,Puerto Rico,Consumer
2528,4557,Caguas,PR,Puerto Rico,Consumer
2529,4387,Rio Grande,PR,Puerto Rico,Consumer
2530,7215,Caguas,PR,Puerto Rico,Consumer
2531,4755,Caguas,PR,Puerto Rico,Consumer
2532,3561,Caguas,PR,Puerto Rico,Consumer
2533,4836,Caguas,PR,Puerto Rico,Consumer
2534,3951,Caguas,PR,Puerto Rico,Consumer
2535,3498,Caguas,PR,Puerto Rico,Consumer
2536,11622,Caguas,PR,Puerto Rico,Consumer
2537,9526,Caguas,PR,Puerto Rico,Consumer
2538,5751,Caguas,PR,Puerto Rico,Consumer
2539,8433,Ponce,PR,Puerto Rico,Consumer
2540,11726,Caguas,PR,Puerto Rico,Consumer
2541,11991,Caguas,PR,Puerto Rico,Consumer
2542,3520,Caguas,PR,Puerto Rico,Consumer
2543,7857,Caguas,PR,Puerto Rico,Consumer
2544,2979,Caguas,PR,Puerto Rico,Consumer
2545,10403,Caguas,PR,Puerto Rico,Consumer
2546,5913,Caguas,PR,Puerto Rico,Consumer
2547,1292,Caguas,PR,Puerto Rico,Consumer
2548,8233,Caguas,PR,Puerto Rico,Consumer
2549,1629,Caguas,PR,Puerto Rico,Consumer
2550,9004,Caguas,PR,Puerto Rico,Consumer
2551,7676,Caguas,PR,Puerto Rico,Consumer
2552,6811,Caguas,PR,Puerto Rico,Consumer
2553,3134,Caguas,PR,Puerto Rico,Consumer
2554,1330,Caguas,PR,Puerto Rico,Consumer
2555,3055,Caguas,PR,Puerto Rico,Consumer
2556,5713,Caguas,PR,Puerto Rico,Consumer
2557,5328,Caguas,PR,Puerto Rico,Consumer
2558,5147,Caguas,PR,Puerto Rico,Consumer
2559,8617,Caguas,PR,Puerto Rico,Consumer
2560,11112,Caguas,PR,Puerto Rico,Consumer
2561,2680,Caguas,PR,Puerto Rico,Consumer
2562,7223,Caguas,PR,Puerto Rico,Consumer
2563,11534,Caguas,PR,Puerto Rico,Consumer
2564,10434,Caguas,PR,Puerto Rico,Consumer
2565,7485,Caguas,PR,Puerto Rico,Consumer
2566,5556,Caguas,PR,Puerto Rico,Consumer
2567,5626,Caguas,PR,Puerto Rico,Consumer
2568,8769,Caguas,PR,Puerto Rico,Consumer
2569,7415,Caguas,PR,Puerto Rico,Consumer
2570,7424,Caguas,PR,Puerto Rico,Consumer
2571,1100,Caguas,PR,Puerto Rico,Consumer
2572,6159,Caguas,PR,Puerto Rico,Consumer
2573,2514,Caguas,PR,Puerto Rico,Consumer
2574,9283,Caguas,PR,Puerto Rico,Consumer
2575,8401,Caguas,PR,Puerto Rico,Consumer
2576,11222,Caguas,PR,Puerto Rico,Consumer
2577,410,Caguas,PR,Puerto Rico,Consumer
2578,4907,Caguas,PR,Puerto Rico,Consumer
2579,11553,Caguas,PR,Puerto Rico,Consumer
2580,1946,Caguas,PR,Puerto Rico,Consumer
2581,6625,Caguas,PR,Puerto Rico,Consumer
2582,7761,Caguas,PR,Puerto Rico,Consumer
2583,1554,Caguas,PR,Puerto Rico,Consumer
2584,10793,Caguas,PR,Puerto Rico,Consumer
2585,5565,Carolina,PR,Puerto Rico,Consumer
2586,8625,Caguas,PR,Puerto Rico,Consumer
2587,2493,Caguas,PR,Puerto Rico,Consumer
2588,9097,Caguas,PR,Puerto Rico,Consumer
2589,2173,Caguas,PR,Puerto Rico,Consumer
2590,305,Caguas,PR,Puerto Rico,Consumer
2591,11245,Caguas,PR,Puerto Rico,Consumer
2592,2166,Caguas,PR,Puerto Rico,Consumer
2593,1367,Caguas,PR,Puerto Rico,Consumer
2594,3558,Caguas,PR,Puerto Rico,Consumer
2595,10397,Caguas,PR,Puerto Rico,Consumer
2596,5865,Caguas,PR,Puerto Rico,Consumer
2597,18089,Caguas,PR,Puerto Rico,Consumer
2598,18123,Caguas,PR,Puerto Rico,Consumer
2599,16447,Caguas,PR,Puerto Rico,Consumer
2600,19266,Caguas,PR,Puerto Rico,Consumer
2601,19190,Caguas,PR,Puerto Rico,Consumer
2602,16568,Caguas,PR,Puerto Rico,Consumer
2603,16460,Caguas,PR,Puerto Rico,Consumer
2604,16582,Caguas,PR,Puerto Rico,Consumer
2605,19270,Caguas,PR,Puerto Rico,Consumer
2606,18810,Caguas,PR,Puerto Rico,Consumer
2607,15699,Caguas,PR,Puerto Rico,Consumer
2608,15741,Caguas,PR,Puerto Rico,Consumer
2609,1858,Caguas,PR,Puerto Rico,Consumer
2610,2197,Caguas,PR,Puerto Rico,Consumer
2611,12176,Caguas,PR,Puerto Rico,Consumer
2612,6998,Caguas,PR,Puerto Rico,Consumer
2613,3127,Caguas,PR,Puerto Rico,Consumer
2614,10903,San Juan,PR,Puerto Rico,Consumer
2615,5927,Caguas,PR,Puerto Rico,Consumer
2616,2265,Caguas,PR,Puerto Rico,Consumer
2617,3272,Caguas,PR,Puerto Rico,Consumer
2618,1987,Caguas,PR,Puerto Rico,Consumer
2619,8468,Caguas,PR,Puerto Rico,Consumer
2620,7942,Caguas,PR,Puerto Rico,Consumer
2621,16020,Caguas,PR,Puerto Rico,Consumer
2622,18335,Caguas,PR,Puerto Rico,Consumer
2623,17523,Caguas,PR,Puerto Rico,Consumer
2624,10807,Caguas,PR,Puerto Rico,Consumer
2625,10386,Caguas,PR,Puerto Rico,Consumer
2626,11884,Caguas,PR,Puerto Rico,Consumer
2627,5954,Caguas,PR,Puerto Rico,Consumer
2628,17682,Caguas,PR,Puerto Rico,Consumer
2629,10529,Caguas,PR,Puerto Rico,Consumer
2630,6368,Caguas,PR,Puerto Rico,Consumer
2631,10788,Caguas,PR,Puerto Rico,Consumer
2632,17680,Caguas,PR,Puerto Rico,Consumer
2633,4320,Caguas,PR,Puerto Rico,Consumer
2634,5537,Caguas,PR,Puerto Rico,Consumer
2635,9032,Caguas,PR,Puerto Rico,Consumer
2636,4553,Caguas,PR,Puerto Rico,Consumer
2637,676,Caguas,PR,Puerto Rico,Consumer
2638,2521,Caguas,PR,Puerto Rico,Consumer
2639,3179,Caguas,PR,Puerto Rico,Consumer
2640,3223,Caguas,PR,Puerto Rico,Consumer
2641,12211,Caguas,PR,Puerto Rico,Consumer
2642,16050,Caguas,PR,Puerto Rico,Consumer
2643,10556,Caguas,PR,Puerto Rico,Consumer
2644,2320,Caguas,PR,Puerto Rico,Consumer
2645,2529,Caguas,PR,Puerto Rico,Consumer
2646,17336,Caguas,PR,Puerto Rico,Consumer
2647,7356,Caguas,PR,Puerto Rico,Consumer
2648,20706,Caguas,PR,Puerto Rico,Consumer
2649,17317,Caguas,PR,Puerto Rico,Consumer
2650,10417,Caguas,PR,Puerto Rico,Consumer
2651,17442,Caguas,PR,Puerto Rico,Consumer
2652,17334,Caguas,PR,Puerto Rico,Consumer
2653,287,Caguas,PR,Puerto Rico,Consumer
2654,20543,Caguas,PR,Puerto Rico,Consumer
2655,17710,Caguas,PR,Puerto Rico,Consumer
2656,1210,Caguas,PR,Puerto Rico,Consumer
2657,18396,Caguas,PR,Puerto Rico,Consumer
2658,17422,Caguas,PR,Puerto Rico,Consumer
2659,20594,Caguas,PR,Puerto Rico,Consumer
2660,17911,Caguas,PR,Puerto Rico,Consumer
2661,11367,Caguas,PR,Puerto Rico,Consumer
2662,12262,Caguas,PR,Puerto Rico,Consumer
2663,10935,Caguas,PR,Puerto Rico,Consumer
2664,20719,Caguas,PR,Puerto Rico,Consumer
2665,3318,Caguas,PR,Puerto Rico,Consumer
2666,10412,Vega Baja,PR,Puerto Rico,Consumer
2667,12393,Manati,PR,Puerto Rico,Consumer
2668,18881,Caguas,PR,Puerto Rico,Consumer
2669,17909,Caguas,PR,Puerto Rico,Consumer
2670,18429,Caguas,PR,Puerto Rico,Consumer
2671,18285,Caguas,PR,Puerto Rico,Consumer
2672,10990,Caguas,PR,Puerto Rico,Consumer
2673,20682,Caguas,PR,Puerto Rico,Consumer
2674,5624,Caguas,PR,Puerto Rico,Consumer
2675,16023,Caguas,PR,Puerto Rico,Consumer
2676,6617,Caguas,PR,Puerto Rico,Consumer
2677,10721,Caguas,PR,Puerto Rico,Consumer
2678,18302,Caguas,PR,Puerto Rico,Consumer
2679,16041,Caguas,PR,Puerto Rico,Consumer
2680,100,Caguas,PR,Puerto Rico,Consumer
2681,11526,Caguas,PR,Puerto Rico,Consumer
2682,439,Caguas,PR,Puerto Rico,Consumer
2683,11591,Caguas,PR,Puerto Rico,Consumer
2684,12185,Caguas,PR,Puerto Rico,Consumer
2685,7274,Caguas,PR,Puerto Rico,Consumer
2686,12244,Caguas,PR,Puerto Rico,Consumer
2687,6910,Caguas,PR,Puerto Rico,Consumer
2688,18697,Caguas,PR,Puerto Rico,Consumer
2689,6007,Caguas,PR,Puerto Rico,Consumer
2690,18684,Caguas,PR,Puerto Rico,Consumer
2691,18702,Caguas,PR,Puerto Rico,Consumer
2692,7473,Caguas,PR,Puerto Rico,Consumer
2693,10036,Caguas,PR,Puerto Rico,Consumer
2694,2008,Caguas,PR,Puerto Rico,Consumer
2695,1560,Caguas,PR,Puerto Rico,Consumer
2696,7802,Caguas,PR,Puerto Rico,Consumer
2697,981,Caguas,PR,Puerto Rico,Consumer
2698,8473,Caguas,PR,Puerto Rico,Corporate
2699,5513,Caguas,PR,Puerto Rico,Corporate
2700,10096,Caguas,PR,Puerto Rico,Corporate
2701,2300,Caguas,PR,Puerto Rico,Corporate
2702,10009,Caguas,PR,Puerto Rico,Corporate
2703,2703,Caguas,PR,Puerto Rico,Corporate
2704,6242,Caguas,PR,Puerto Rico,Corporate
2705,12626,Caguas,PR,Puerto Rico,Corporate
2706,12659,Caguas,PR,Puerto Rico,Corporate
2707,12907,Caguas,PR,Puerto Rico,Corporate
2708,11048,Caguas,PR,Puerto Rico,Corporate
2709,10546,Caguas,PR,Puerto Rico,Corporate
2710,9232,Caguas,PR,Puerto Rico,Corporate
2711,908,Caguas,PR,Puerto Rico,Corporate
2712,9992,Caguas,PR,Puerto Rico,Corporate
2713,7779,Caguas,PR,Puerto Rico,Corporate
2714,4902,Caguas,PR,Puerto Rico,Corporate
2715,7296,Caguas,PR,Puerto Rico,Corporate
2716,8910,Caguas,PR,Puerto Rico,Corporate
2717,3456,Caguas,PR,Puerto Rico,Corporate
2718,2856,Caguas,PR,Puerto Rico,Corporate
2719,7964,Caguas,PR,Puerto Rico,Corporate
2720,4651,Caguas,PR,Puerto Rico,Corporate
2721,12234,Caguas,PR,Puerto Rico,Corporate
2722,4422,Caguas,PR,Puerto Rico,Corporate
2723,5047,Caguas,PR,Puerto Rico,Corporate
2724,5134,Caguas,PR,Puerto Rico,Corporate
2725,11031,Caguas,PR,Puerto Rico,Corporate
2726,9327,Caguas,PR,Puerto Rico,Corporate
2727,1417,Caguas,PR,Puerto Rico,Corporate
2728,10255,Caguas,PR,Puerto Rico,Corporate
2729,5071,Caguas,PR,Puerto Rico,Corporate
2730,8499,Caguas,PR,Puerto Rico,Corporate
2731,11014,Caguas,PR,Puerto Rico,Corporate
2732,5824,Caguas,PR,Puerto Rico,Corporate
2733,15778,Rio Grande,PR,Puerto Rico,Corporate
2734,5691,Humacao,PR,Puerto Rico,Corporate
2735,7662,Caguas,PR,Puerto Rico,Corporate
2736,7369,Caguas,PR,Puerto Rico,Corporate
2737,1525,Caguas,PR,Puerto Rico,Corporate
2738,5182,Caguas,PR,Puerto Rico,Corporate
2739,1764,Caguas,PR,Puerto Rico,Corporate
2740,6634,Toa Alta,PR,Puerto Rico,Corporate
2741,5562,Caguas,PR,Puerto Rico,Corporate
2742,12008,Caguas,PR,Puerto Rico,Corporate
2743,6474,Caguas,PR,Puerto Rico,Corporate
2744,8127,Caguas,PR,Puerto Rico,Corporate
2745,6648,Vega Baja,PR,Puerto Rico,Corporate
2746,10933,Caguas,PR,Puerto Rico,Corporate
2747,10651,Caguas,PR,Puerto Rico,Corporate
2748,4406,Caguas,PR,Puerto Rico,Corporate
2749,8844,Caguas,PR,Puerto Rico,Corporate
2750,1653,Caguas,PR,Puerto Rico,Corporate
2751,6898,Caguas,PR,Puerto Rico,Corporate
2752,7918,Caguas,PR,Puerto Rico,Corporate
2753,9970,Caguas,PR,Puerto Rico,Corporate
2754,238,Caguas,PR,Puerto Rico,Corporate
2755,3513,Caguas,PR,Puerto Rico,Corporate
2756,3817,Toa Alta,PR,Puerto Rico,Corporate
2757,17829,Caguas,PR,Puerto Rico,Corporate
2758,16176,Caguas,PR,Puerto Rico,Corporate
2759,9442,Caguas,PR,Puerto Rico,Corporate
2760,3298,Caguas,PR,Puerto Rico,Corporate
2761,2768,Caguas,PR,Puerto Rico,Corporate
2762,309,Caguas,PR,Puerto Rico,Corporate
2763,11041,Caguas,PR,Puerto Rico,Corporate
2764,5600,Caguas,PR,Puerto Rico,Corporate
2765,8771,Caguas,PR,Puerto Rico,Corporate
2766,2636,Caguas,PR,Puerto Rico,Corporate
2767,6448,Caguas,PR,Puerto Rico,Corporate
2768,12044,Caguas,PR,Puerto Rico,Corporate
2769,205,Caguas,PR,Puerto Rico,Corporate
2770,2984,Caguas,PR,Puerto Rico,Corporate
2771,8309,Caguas,PR,Puerto Rico,Corporate
2772,770,Caguas,PR,Puerto Rico,Corporate
2773,8368,Caguas,PR,Puerto Rico,Corporate
2774,9689,Caguas,PR,Puerto Rico,Corporate
2775,10764,Caguas,PR,Puerto Rico,Corporate
2776,6989,Caguas,PR,Puerto Rico,Corporate
2777,904,Caguas,PR,Puerto Rico,Corporate
2778,2854,Caguas,PR,Puerto Rico,Corporate
2779,8539,Caguas,PR,Puerto Rico,Corporate
2780,3625,Caguas,PR,Puerto Rico,Corporate
2781,3488,Caguas,PR,Puerto Rico,Corporate
2782,2911,Caguas,PR,Puerto Rico,Corporate
2783,9236,Caguas,PR,Puerto Rico,Corporate
2784,5030,Caguas,PR,Puerto Rico,Corporate
2785,1212,Caguas,PR,Puerto Rico,Corporate
2786,6102,Caguas,PR,Puerto Rico,Corporate
2787,983,Caguas,PR,Puerto Rico,Corporate
2788,4726,Caguas,PR,Puerto Rico,Corporate
2789,6032,Caguas,PR,Puerto Rico,Corporate
2790,443,Caguas,PR,Puerto Rico,Corporate
2791,6987,Caguas,PR,Puerto Rico,Corporate
2792,6742,Caguas,PR,Puerto Rico,Corporate
2793,7667,Caguas,PR,Puerto Rico,Corporate
2794,6384,Caguas,PR,Puerto Rico,Corporate
2795,7237,Caguas,PR,Puerto Rico,Corporate
2796,6125,Caguas,PR,Puerto Rico,Corporate
2797,4764,Caguas,PR,Puerto Rico,Corporate
2798,14496,Caguas,PR,Puerto Rico,Corporate
2799,7731,Caguas,PR,Puerto Rico,Corporate
2800,5098,Caguas,PR,Puerto Rico,Corporate
2801,806,Caguas,PR,Puerto Rico,Corporate
2802,11346,Caguas,PR,Puerto Rico,Corporate
2803,6955,Caguas,PR,Puerto Rico,Corporate
2804,6113,Caguas,PR,Puerto Rico,Corporate
2805,12536,Caguas,PR,Puerto Rico,Corporate
2806,9900,Caguas,PR,Puerto Rico,Corporate
2807,7985,Caguas,PR,Puerto Rico,Corporate
2808,12064,Caguas,PR,Puerto Rico,Corporate
2809,5332,Caguas,PR,Puerto Rico,Corporate
2810,8668,Caguas,PR,Puerto Rico,Corporate
2811,16564,Caguas,PR,Puerto Rico,Corporate
2812,19239,Caguas,PR,Puerto Rico,Corporate
2813,6726,Caguas,PR,Puerto Rico,Corporate
2814,11582,Caguas,PR,Puerto Rico,Corporate
2815,7660,Caguas,PR,Puerto Rico,Corporate
2816,15332,Caguas,PR,Puerto Rico,Corporate
2817,10080,Caguas,PR,Puerto Rico,Corporate
2818,17597,Caguas,PR,Puerto Rico,Corporate
2819,20330,Caguas,PR,Puerto Rico,Corporate
2820,16218,Caguas,PR,Puerto Rico,Corporate
2821,5936,Caguas,PR,Puerto Rico,Corporate
2822,8087,Caguas,PR,Puerto Rico,Corporate
2823,9909,Caguas,PR,Puerto Rico,Corporate
2824,12195,Caguas,PR,Puerto Rico,Corporate
2825,1661,Caguas,PR,Puerto Rico,Corporate
2826,5909,Caguas,PR,Puerto Rico,Corporate
2827,1651,Caguas,PR,Puerto Rico,Corporate
2828,698,Caguas,PR,Puerto Rico,Corporate
2829,7739,Caguas,PR,Puerto Rico,Corporate
2830,9278,Caguas,PR,Puerto Rico,Corporate
2831,792,Caguas,PR,Puerto Rico,Corporate
2832,3731,Caguas,PR,Puerto Rico,Corporate
2833,2205,Caguas,PR,Puerto Rico,Corporate
2834,2773,Caguas,PR,Puerto Rico,Corporate
2835,8766,Caguas,PR,Puerto Rico,Corporate
2836,10948,Caguas,PR,Puerto Rico,Corporate
2837,14303,Caguas,PR,Puerto Rico,Corporate
2838,7816,Caguas,PR,Puerto Rico,Corporate
2839,2827,Caguas,PR,Puerto Rico,Corporate
2840,4356,Caguas,PR,Puerto Rico,Corporate
2841,5815,Caguas,PR,Puerto Rico,Corporate
2842,8654,Caguas,PR,Puerto Rico,Corporate
2843,2708,Caguas,PR,Puerto Rico,Corporate
2844,12231,Caguas,PR,Puerto Rico,Corporate
2845,1936,Caguas,PR,Puerto Rico,Corporate
2846,11733,Yauco,PR,Puerto Rico,Corporate
2847,10091,Caguas,PR,Puerto Rico,Corporate
2848,3648,Caguas,PR,Puerto Rico,Corporate
2849,13620,Caguas,PR,Puerto Rico,Corporate
2850,5066,Caguas,PR,Puerto Rico,Corporate
2851,8637,Caguas,PR,Puerto Rico,Corporate
2852,14815,Caguas,PR,Puerto Rico,Corporate
2853,8962,Caguas,PR,Puerto Rico,Corporate
2854,36,Caguas,PR,Puerto Rico,Corporate
2855,13794,Caguas,PR,Puerto Rico,Corporate
2856,9801,Caguas,PR,Puerto Rico,Corporate
2857,5817,Caguas,PR,Puerto Rico,Corporate
2858,5184,Caguas,PR,Puerto Rico,Corporate
2859,5015,Caguas,PR,Puerto Rico,Corporate
2860,6788,Lake Forest,CA,EE. UU.,Corporate
2861,5333,Brooklyn,NY,EE. UU.,Corporate
2862,4974,Salt Lake City,UT,EE. UU.,Corporate
2863,9980,Escondido,CA,EE. UU.,Corporate
2864,5084,Irwin,PA,EE. UU.,Corporate
2865,7240,Brooklyn,NY,EE. UU.,Corporate
2866,11531,Los Angeles,CA,EE. UU.,Corporate
2867,11954,Davis,CA,EE. UU.,Corporate
2868,9039,Miami,FL,EE. UU.,Corporate
2869,10689,Las Vegas,NV,EE. UU.,Corporate
2870,7668,South Ozone Park,NY,EE. UU.,Corporate
2871,1806,El Paso,TX,EE. UU.,Corporate
2872,9610,Lancaster,CA,EE. UU.,Corporate
2873,8642,Chicago,IL,EE. UU.,Corporate
2874,6992,Oxnard,CA,EE. UU.,Corporate
2875,9375,Mission Viejo,CA,EE. UU.,Corporate
2876,6303,Elgin,IL,EE. UU.,Corporate
2877,10896,Glendale,AZ,EE. UU.,Corporate
2878,1782,Fort Worth,TX,EE. UU.,Corporate
2879,10345,Richmond,TX,EE. UU.,Corporate
2880,5267,Brooklyn,NY,EE. UU.,Corporate
2881,11223,Azusa,CA,EE. UU.,Corporate
2882,3590,Colorado Springs,CO,EE. UU.,Corporate
2883,4806,Ridgewood,NY,EE. UU.,Corporate
2884,8911,Stockbridge,GA,EE. UU.,Corporate
2885,12113,Baltimore,MD,EE. UU.,Corporate
2886,3755,Los Angeles,CA,EE. UU.,Corporate
2887,514,La Habra,CA,EE. UU.,Corporate
2888,12093,Rialto,CA,EE. UU.,Corporate
2889,1937,El Paso,TX,EE. UU.,Corporate
2890,10204,Modesto,CA,EE. UU.,Corporate
2891,11133,West Covina,CA,EE. UU.,Corporate
2892,2157,Tustin,CA,EE. UU.,Corporate
2893,11492,Bowling Green,KY,EE. UU.,Corporate
2894,11321,San Diego,CA,EE. UU.,Corporate
2895,11806,West Lafayette,IN,EE. UU.,Corporate
2896,2750,Bowling Green,KY,EE. UU.,Corporate
2897,8998,Chicago,IL,EE. UU.,Corporate
2898,252,Richardson,TX,EE. UU.,Corporate
2899,10017,Burnsville,MN,EE. UU.,Corporate
2900,7063,Brownsville,TX,EE. UU.,Corporate
2901,4370,Los Angeles,CA,EE. UU.,Corporate
2902,433,Las Vegas,NV,EE. UU.,Corporate
2903,7825,San Diego,CA,EE. UU.,Corporate
2904,912,Las Vegas,NV,EE. UU.,Corporate
2905,8624,Miami,FL,EE. UU.,Corporate
2906,2653,Atlanta,GA,EE. UU.,Corporate
2907,12265,Sacramento,CA,EE. UU.,Corporate
2908,5648,Memphis,TN,EE. UU.,Corporate
2909,10001,Washington,DC,EE. UU.,Corporate
2910,1136,Ballwin,MO,EE. UU.,Corporate
2911,4177,Chesapeake,VA,EE. UU.,Corporate
2912,4072,Eugene,OR,EE. UU.,Corporate
2913,5446,Douglasville,GA,EE. UU.,Corporate
2914,9656,Rochester,NY,EE. UU.,Corporate
2915,7160,Diamond Bar,CA,EE. UU.,Corporate
2916,2780,Tallahassee,FL,EE. UU.,Corporate
2917,6561,San Benito,TX,EE. UU.,Corporate
2918,4119,Santa Ana,CA,EE. UU.,Corporate
2919,615,El Paso,TX,EE. UU.,Corporate
2920,10583,Tustin,CA,EE. UU.,Corporate
2921,10949,Lockport,NY,EE. UU.,Corporate
2922,4686,Reynoldsburg,OH,EE. UU.,Corporate
2923,3391,Carson,CA,EE. UU.,Corporate
2924,3355,New Orleans,LA,EE. UU.,Corporate
2925,1660,Sun Valley,CA,EE. UU.,Corporate
2926,17575,Richardson,TX,EE. UU.,Corporate
2927,17573,Tempe,AZ,EE. UU.,Corporate
2928,17623,Piscataway,NJ,EE. UU.,Corporate
2929,16224,Memphis,TN,EE. UU.,Corporate
2930,18594,North Las Vegas,NV,EE. UU.,Corporate
2931,16223,Columbia,MO,EE. UU.,Corporate
2932,20026,Philadelphia,PA,EE. UU.,Corporate
2933,17818,Las Vegas,NV,EE. UU.,Corporate
2934,15212,Las Vegas,NV,EE. UU.,Corporate
2935,19935,Huntington Beach,CA,EE. UU.,Corporate
2936,16258,West Jordan,UT,EE. UU.,Corporate
2937,18946,Chesapeake,VA,EE. UU.,Corporate
2938,20025,Elmhurst,IL,EE. UU.,Corporate
2939,17117,San Benito,TX,EE. UU.,Corporate
2940,17243,Chapel Hill,NC,EE. UU.,Corporate
2941,20024,Bellflower,CA,EE. UU.,Corporate
2942,20167,El Paso,TX,EE. UU.,Corporate
2943,16112,Fargo,ND,EE. UU.,Corporate
2944,20005,Lancaster,SC,EE. UU.,Corporate
2945,16256,Beaverton,OR,EE. UU.,Corporate
2946,16328,Waukegan,IL,EE. UU.,Corporate
2947,17061,Los Angeles,CA,EE. UU.,Corporate
2948,15155,Palmdale,CA,EE. UU.,Corporate
2949,15245,Newark,DE,EE. UU.,Corporate
2950,16146,Springfield,MO,EE. UU.,Corporate
2951,15262,San Ramon,CA,EE. UU.,Corporate
2952,20327,College Station,TX,EE. UU.,Corporate
2953,16362,Fullerton,CA,EE. UU.,Corporate
2954,15261,Detroit,MI,EE. UU.,Corporate
2955,20236,Highland Park,MI,EE. UU.,Corporate
2956,19947,Revere,MA,EE. UU.,Corporate
2957,17812,Los Angeles,CA,EE. UU.,Corporate
2958,18604,Salt Lake City,UT,EE. UU.,Corporate
2959,16288,Orlando,FL,EE. UU.,Corporate
2960,20163,El Cajon,CA,EE. UU.,Corporate
2961,18955,Brooklyn,NY,EE. UU.,Corporate
2962,16123,Philadelphia,PA,EE. UU.,Corporate
2963,15220,Bakersfield,CA,EE. UU.,Corporate
2964,17772,Henderson,NV,EE. UU.,Corporate
2965,18953,Albuquerque,NM,EE. UU.,Corporate
2966,15147,Bronx,NY,EE. UU.,Corporate
2967,15201,Woodbridge,VA,EE. UU.,Corporate
2968,18971,Phoenix,AZ,EE. UU.,Corporate
2969,19816,Goleta,CA,EE. UU.,Corporate
2970,20014,Newark,NJ,EE. UU.,Corporate
2971,17806,Las Vegas,NV,EE. UU.,Corporate
2972,17752,Newark,DE,EE. UU.,Corporate
2973,15218,Los Angeles,CA,EE. UU.,Corporate
2974,15253,Harvey,IL,EE. UU.,Corporate
2975,17212,Elk Grove,CA,EE. UU.,Corporate
2976,20138,San Marcos,TX,EE. UU.,Corporate
2977,15145,New York,NY,EE. UU.,Corporate
2978,20282,Bronx,NY,EE. UU.,Corporate
2979,19813,Cerritos,CA,EE. UU.,Corporate
2980,17049,Brooklyn,NY,EE. UU.,Corporate
2981,17175,Tempe,AZ,EE. UU.,Corporate
2982,18559,Endicott,NY,EE. UU.,Corporate
2983,16261,Silver Spring,MD,EE. UU.,Corporate
2984,20064,Fremont,CA,EE. UU.,Corporate
2985,17174,Kenner,LA,EE. UU.,Corporate
2986,20280,Philadelphia,PA,EE. UU.,Corporate
2987,19177,Dorchester Center,MA,EE. UU.,Corporate
2988,16409,Alhambra,CA,EE. UU.,Corporate
2989,16450,Dallas,TX,EE. UU.,Corporate
2990,7345,Fresno,CA,EE. UU.,Corporate
2991,10077,Las Vegas,NV,EE. UU.,Corporate
2992,71,Philadelphia,PA,EE. UU.,Corporate
2993,3706,Columbus,OH,EE. UU.,Corporate
2994,5072,New York,NY,EE. UU.,Corporate
2995,1012,Silver Spring,MD,EE. UU.,Corporate
2996,4691,Fort Washington,MD,EE. UU.,Corporate
2997,5714,Los Angeles,CA,EE. UU.,Corporate
2998,3853,South Richmond Hill,NY,EE. UU.,Corporate
2999,2297,Long Beach,CA,EE. UU.,Corporate
3000,17978,Los Angeles,CA,EE. UU.,Corporate
3001,1561,Lewisville,TX,EE. UU.,Corporate
3002,6029,Elmhurst,NY,EE. UU.,Corporate
3003,1484,Woodbridge,VA,EE. UU.,Corporate
3004,7016,Columbia,MO,EE. UU.,Corporate
3005,70,Los Angeles,CA,EE. UU.,Corporate
3006,9231,Mission Viejo,CA,EE. UU.,Corporate
3007,20617,San Jose,CA,EE. UU.,Corporate
3008,9224,Riverside,CA,EE. UU.,Corporate
3009,20471,Cypress,CA,EE. UU.,Corporate
3010,2795,Salinas,CA,EE. UU.,Corporate
3011,7663,Anaheim,CA,EE. UU.,Corporate
3012,15991,Brooklyn,NY,EE. UU.,Corporate
3013,11602,Mechanicsburg,PA,EE. UU.,Corporate
3014,271,Fremont,CA,EE. UU.,Corporate
3015,10870,Chesapeake,VA,EE. UU.,Corporate
3016,5745,Ridgewood,NY,EE. UU.,Corporate
3017,3195,Gilroy,CA,EE. UU.,Corporate
3018,2923,Mchenry,IL,EE. UU.,Corporate
3019,5790,Fremont,CA,EE. UU.,Corporate
3020,1608,Fort Lauderdale,FL,EE. UU.,Corporate
3021,7597,Paramount,CA,EE. UU.,Corporate
3022,18675,Watsonville,CA,EE. UU.,Corporate
3023,15602,Fort Lauderdale,FL,EE. UU.,Corporate
3024,15526,Middletown,CT,EE. UU.,Corporate
3025,9932,Chicago,IL,EE. UU.,Corporate
3026,15396,Manchester,CT,EE. UU.,Corporate
3027,5520,Bellflower,CA,EE. UU.,Corporate
3028,10484,Aurora,IL,EE. UU.,Corporate
3029,8325,Brooklyn,NY,EE. UU.,Corporate
3030,835,Santee,CA,EE. UU.,Corporate
3031,2528,Mount Pleasant,MI,EE. UU.,Corporate
3032,8207,Saint Paul,MN,EE. UU.,Corporate
3033,6724,Chicago,IL,EE. UU.,Corporate
3034,10508,Los Angeles,CA,EE. UU.,Corporate
3035,5471,Tempe,AZ,EE. UU.,Corporate
3036,2484,Apex,NC,EE. UU.,Corporate
3037,6512,Mission,TX,EE. UU.,Corporate
3038,5202,Victorville,CA,EE. UU.,Corporate
3039,9491,Los Angeles,CA,EE. UU.,Corporate
3040,17136,Aurora,CO,EE. UU.,Corporate
3041,17172,East Lansing,MI,EE. UU.,Corporate
3042,15192,Bakersfield,CA,EE. UU.,Corporate
3043,18620,Colorado Springs,CO,EE. UU.,Corporate
3044,15203,Webster,NY,EE. UU.,Corporate
3045,15257,Santa Ana,CA,EE. UU.,Corporate
3046,17754,Los Angeles,CA,EE. UU.,Corporate
3047,18616,Jersey City,NJ,EE. UU.,Corporate
3048,20067,Stockbridge,GA,EE. UU.,Corporate
3049,15216,Tallahassee,FL,EE. UU.,Corporate
3050,5210,San Jose,CA,EE. UU.,Corporate
3051,12060,San Antonio,TX,EE. UU.,Corporate
3052,5523,Brooklyn,NY,EE. UU.,Corporate
3053,12206,New York,NY,EE. UU.,Corporate
3054,11898,Sanford,NC,EE. UU.,Corporate
3055,3266,Chicago,IL,EE. UU.,Corporate
3056,2219,Gardena,CA,EE. UU.,Corporate
3057,6926,Harlingen,TX,EE. UU.,Consumer
3058,10865,Alpharetta,GA,EE. UU.,Consumer
3059,11574,Saint Louis,MO,EE. UU.,Consumer
3060,7636,New York,NY,EE. UU.,Consumer
3061,9240,Carlsbad,CA,EE. UU.,Consumer
3062,7066,Fresno,CA,EE. UU.,Consumer
3063,9476,Lombard,IL,EE. UU.,Consumer
3064,8177,Phoenix,AZ,EE. UU.,Consumer
3065,12426,Brooklyn,NY,EE. UU.,Consumer
3066,10278,Los Angeles,CA,EE. UU.,Consumer
3067,11716,Bountiful,UT,EE. UU.,Consumer
3068,5585,Moreno Valley,CA,EE. UU.,Consumer
3069,3529,Endicott,NY,EE. UU.,Consumer
3070,6521,Chillicothe,OH,EE. UU.,Consumer
3071,8709,Alameda,CA,EE. UU.,Consumer
3072,4829,Sunnyvale,CA,EE. UU.,Consumer
3073,1611,Bakersfield,CA,EE. UU.,Consumer
3074,4278,Opelousas,LA,EE. UU.,Consumer
3075,7271,Stamford,CT,EE. UU.,Consumer
3076,9305,Florissant,MO,EE. UU.,Consumer
3077,9017,Troy,NY,EE. UU.,Consumer
3078,7712,Ridgewood,NY,EE. UU.,Consumer
3079,7845,Ontario,CA,EE. UU.,Consumer
3080,411,Washington,DC,EE. UU.,Consumer
3081,5983,New York,NY,EE. UU.,Consumer
3082,10442,Quincy,IL,EE. UU.,Consumer
3083,810,Las Vegas,NV,EE. UU.,Consumer
3084,5265,Los Angeles,CA,EE. UU.,Consumer
3085,329,Miami,FL,EE. UU.,Consumer
3086,8513,New Orleans,LA,EE. UU.,Consumer
3087,2687,Brooklyn,NY,EE. UU.,Consumer
3088,6006,Lancaster,PA,EE. UU.,Consumer
3089,4840,Irving,TX,EE. UU.,Consumer
3090,3787,Columbia,MO,EE. UU.,Consumer
3091,5458,Florissant,MO,EE. UU.,Consumer
3092,8005,Brooklyn,NY,EE. UU.,Consumer
3093,9383,Miami,FL,EE. UU.,Consumer
3094,10462,West Lafayette,IN,EE. UU.,Consumer
3095,8618,New Albany,IN,EE. UU.,Consumer
3096,10052,Troy,MI,EE. UU.,Consumer
3097,9942,Memphis,TN,EE. UU.,Consumer
3098,8350,Watsonville,CA,EE. UU.,Consumer
3099,9587,West Chester,PA,EE. UU.,Consumer
3100,5359,Annapolis,MD,EE. UU.,Consumer
3101,10481,Ithaca,NY,EE. UU.,Consumer
3102,10592,Chicago,IL,EE. UU.,Consumer
3103,4965,Santa Clara,CA,EE. UU.,Consumer
3104,1048,Huntington Station,NY,EE. UU.,Consumer
3105,11277,Brooklyn,NY,EE. UU.,Consumer
3106,10601,Walnut,CA,EE. UU.,Consumer
3107,7432,Columbus,OH,EE. UU.,Consumer
3108,6500,Mesquite,TX,EE. UU.,Consumer
3109,4094,Clementon,NJ,EE. UU.,Consumer
3110,11435,Hialeah,FL,EE. UU.,Consumer
3111,7366,Columbia,SC,EE. UU.,Consumer
3112,7442,Denton,TX,EE. UU.,Consumer
3113,4407,Bismarck,ND,EE. UU.,Consumer
3114,1124,Granite City,IL,EE. UU.,Consumer
3115,9761,Brownsville,TX,EE. UU.,Consumer
3116,8885,Stockbridge,GA,EE. UU.,Consumer
3117,2476,New Orleans,LA,EE. UU.,Consumer
3118,2600,Hayward,CA,EE. UU.,Consumer
3119,11211,New York,NY,EE. UU.,Consumer
3120,2867,Van Nuys,CA,EE. UU.,Consumer
3121,8120,Loveland,OH,EE. UU.,Consumer
3122,8192,Houston,TX,EE. UU.,Consumer
3123,7744,Garden Grove,CA,EE. UU.,Consumer
3124,7935,Pawtucket,RI,EE. UU.,Consumer
3125,9124,Temecula,CA,EE. UU.,Consumer
3126,2811,Tinley Park,IL,EE. UU.,Consumer
3127,5645,Oxnard,CA,EE. UU.,Consumer
3128,6086,Pompano Beach,FL,EE. UU.,Consumer
3129,1659,Weslaco,TX,EE. UU.,Consumer
3130,2943,Salt Lake City,UT,EE. UU.,Consumer
3131,6580,Tempe,AZ,EE. UU.,Consumer
3132,11955,Dearborn,MI,EE. UU.,Consumer
3133,2611,South Richmond Hill,NY,EE. UU.,Consumer
3134,4159,Laredo,TX,EE. UU.,Consumer
3135,5829,Houston,TX,EE. UU.,Consumer
3136,11575,Beloit,WI,EE. UU.,Consumer
3137,4795,Fargo,ND,EE. UU.,Consumer
3138,719,Tucson,AZ,EE. UU.,Consumer
3139,7916,Lancaster,PA,EE. UU.,Consumer
3140,1436,Lewisville,TX,EE. UU.,Consumer
3141,1775,Virginia Beach,VA,EE. UU.,Consumer
3142,2733,Chicago,IL,EE. UU.,Consumer
3143,2337,El Paso,TX,EE. UU.,Consumer
3144,5153,Philadelphia,PA,EE. UU.,Consumer
3145,799,Pompano Beach,FL,EE. UU.,Consumer
3146,6060,San Diego,CA,EE. UU.,Consumer
3147,7298,Oak Lawn,IL,EE. UU.,Consumer
3148,5978,Dorchester Center,MA,EE. UU.,Consumer
3149,4221,Los Angeles,CA,EE. UU.,Consumer
3150,827,New York,NY,EE. UU.,Consumer
3151,7758,Woodbridge,VA,EE. UU.,Consumer
3152,3180,Riverside,CA,EE. UU.,Consumer
3153,7775,Dundalk,MD,EE. UU.,Consumer
3154,5554,Rio Rancho,NM,EE. UU.,Consumer
3155,2633,Las Vegas,NV,EE. UU.,Consumer
3156,5324,Houston,TX,EE. UU.,Consumer
3157,4787,Morristown,NJ,EE. UU.,Consumer
3158,8424,Yuma,AZ,EE. UU.,Consumer
3159,6768,Laguna Hills,CA,EE. UU.,Consumer
3160,2449,Elgin,IL,EE. UU.,Consumer
3161,4228,Detroit,MI,EE. UU.,Consumer
3162,3404,College Station,TX,EE. UU.,Consumer
3163,10194,Rome,NY,EE. UU.,Consumer
3164,3708,Westerville,OH,EE. UU.,Consumer
3165,4181,Ventura,CA,EE. UU.,Consumer
3166,10713,Glendale,AZ,EE. UU.,Consumer
3167,3685,Apex,NC,EE. UU.,Consumer
3168,7623,San Antonio,TX,EE. UU.,Consumer
3169,11453,Roswell,NM,EE. UU.,Consumer
3170,3201,Forest Hills,NY,EE. UU.,Consumer
3171,3785,Las Vegas,NV,EE. UU.,Consumer
3172,705,Atlanta,GA,EE. UU.,Consumer
3173,9149,Santa Ana,CA,EE. UU.,Consumer
3174,11369,Irwin,PA,EE. UU.,Consumer
3175,5770,Clovis,CA,EE. UU.,Consumer
3176,455,Colorado Springs,CO,EE. UU.,Consumer
3177,4600,Crown Point,IN,EE. UU.,Consumer
3178,11505,Bakersfield,CA,EE. UU.,Consumer
3179,3813,Brooklyn,NY,EE. UU.,Consumer
3180,8084,Houston,TX,EE. UU.,Consumer
3181,1524,La Mirada,CA,EE. UU.,Consumer
3182,10122,Salinas,CA,EE. UU.,Consumer
3183,8003,El Paso,TX,EE. UU.,Consumer
3184,1407,Bronx,NY,EE. UU.,Consumer
3185,10424,Philadelphia,PA,EE. UU.,Consumer
3186,4624,Lawton,OK,EE. UU.,Consumer
3187,838,Tinley Park,IL,EE. UU.,Consumer
3188,10241,Louisville,KY,EE. UU.,Consumer
3189,10062,Arlington Heights,IL,EE. UU.,Consumer
3190,2302,Bakersfield,CA,EE. UU.,Consumer
3191,7448,Apex,NC,EE. UU.,Consumer
3192,4931,Tampa,FL,EE. UU.,Consumer
3193,1426,Long Beach,CA,EE. UU.,Consumer
3194,11914,Colorado Springs,CO,EE. UU.,Consumer
3195,256,Chicago,IL,EE. UU.,Consumer
3196,4090,Brooklyn,NY,EE. UU.,Consumer
3197,7852,San Francisco,CA,EE. UU.,Consumer
3198,5300,Orlando,FL,EE. UU.,Consumer
3199,7562,Escondido,CA,EE. UU.,Consumer
3200,1543,Fayetteville,NC,EE. UU.,Consumer
3201,3873,Bronx,NY,EE. UU.,Consumer
3202,10739,Greeley,CO,EE. UU.,Consumer
3203,2223,Virginia Beach,VA,EE. UU.,Consumer
3204,5877,Tempe,AZ,EE. UU.,Consumer
3205,11585,Chicago,IL,EE. UU.,Consumer
3206,8588,Salt Lake City,UT,EE. UU.,Consumer
3207,3090,Middletown,CT,EE. UU.,Consumer
3208,1049,Washington,DC,EE. UU.,Consumer
3209,7342,Greeley,CO,EE. UU.,Consumer
3210,7829,Milford,CT,EE. UU.,Consumer
3211,7123,Meridian,ID,EE. UU.,Consumer
3212,4592,Bartlett,IL,EE. UU.,Consumer
3213,4377,Murfreesboro,TN,EE. UU.,Consumer
3214,4529,Bronx,NY,EE. UU.,Consumer
3215,2758,Phoenix,AZ,EE. UU.,Consumer
3216,9819,Stockton,CA,EE. UU.,Consumer
3217,6583,Moline,IL,EE. UU.,Consumer
3218,7544,Detroit,MI,EE. UU.,Consumer
3219,5487,Chicago,IL,EE. UU.,Consumer
3220,1528,Reno,NV,EE. UU.,Consumer
3221,11218,Murfreesboro,TN,EE. UU.,Consumer
3222,4752,Passaic,NJ,EE. UU.,Consumer
3223,1295,Winnetka,CA,EE. UU.,Consumer
3224,9753,New Albany,IN,EE. UU.,Consumer
3225,4846,Buffalo,NY,EE. UU.,Consumer
3226,6892,Bakersfield,CA,EE. UU.,Consumer
3227,6470,Revere,MA,EE. UU.,Consumer
3228,12164,Los Angeles,CA,EE. UU.,Consumer
3229,3543,Reseda,CA,EE. UU.,Consumer
3230,2520,Woonsocket,RI,EE. UU.,Consumer
3231,9692,Laredo,TX,EE. UU.,Consumer
3232,8047,San Jose,CA,EE. UU.,Consumer
3233,3710,Springfield,MO,EE. UU.,Consumer
3234,7293,Lancaster,SC,EE. UU.,Consumer
3235,3319,New York,NY,EE. UU.,Consumer
3236,6880,Annandale,VA,EE. UU.,Consumer
3237,5989,Brooklyn,NY,EE. UU.,Consumer
3238,11855,Columbus,OH,EE. UU.,Consumer
3239,10012,Lynnwood,WA,EE. UU.,Consumer
3240,10589,Levittown,NY,EE. UU.,Consumer
3241,7183,Hacienda Heights,CA,EE. UU.,Consumer
3242,4850,Wayne,NJ,EE. UU.,Consumer
3243,6325,Zanesville,OH,EE. UU.,Consumer
3244,1793,Glenview,IL,EE. UU.,Consumer
3245,5974,Mcallen,TX,EE. UU.,Consumer
3246,6441,Metairie,LA,EE. UU.,Consumer
3247,76,Los Angeles,CA,EE. UU.,Consumer
3248,9179,Rego Park,NY,EE. UU.,Consumer
3249,5928,Oxnard,CA,EE. UU.,Consumer
3250,4548,Hialeah,FL,EE. UU.,Consumer
3251,2373,Goose Creek,SC,EE. UU.,Consumer
3252,10251,Washington,DC,EE. UU.,Consumer
3253,9928,Aurora,IL,EE. UU.,Consumer
3254,7951,Chicago,IL,EE. UU.,Consumer
3255,12051,Campbell,CA,EE. UU.,Consumer
3256,11516,Carol Stream,IL,EE. UU.,Consumer
3257,349,Florissant,MO,EE. UU.,Consumer
3258,12368,Fresno,CA,EE. UU.,Consumer
3259,3525,Cleveland,OH,EE. UU.,Consumer
3260,871,Amarillo,TX,EE. UU.,Consumer
3261,8770,West Chester,PA,EE. UU.,Consumer
3262,7979,El Paso,TX,EE. UU.,Consumer
3263,11756,Greeley,CO,EE. UU.,Consumer
3264,12299,Chicago,IL,EE. UU.,Consumer
3265,1670,Opelousas,LA,EE. UU.,Consumer
3266,11385,Wheeling,WV,EE. UU.,Consumer
3267,12189,Ann Arbor,MI,EE. UU.,Consumer
3268,11459,Santa Ana,CA,EE. UU.,Consumer
3269,3947,Wichita,KS,EE. UU.,Consumer
3270,9559,Dallas,TX,EE. UU.,Consumer
3271,9454,Long Beach,CA,EE. UU.,Consumer
3272,12362,Tucson,AZ,EE. UU.,Consumer
3273,7719,Campbell,CA,EE. UU.,Consumer
3274,7902,El Paso,TX,EE. UU.,Consumer
3275,7787,Highland,CA,EE. UU.,Consumer
3276,10222,Pompano Beach,FL,EE. UU.,Consumer
3277,6393,Greenville,NC,EE. UU.,Consumer
3278,6585,San Diego,CA,EE. UU.,Consumer
3279,5227,New Castle,DE,EE. UU.,Consumer
3280,1511,Wichita,KS,EE. UU.,Consumer
3281,10505,Bell Gardens,CA,EE. UU.,Consumer
3282,1283,Hawthorne,CA,EE. UU.,Consumer
3283,4568,Buffalo,NY,EE. UU.,Consumer
3284,1483,Marietta,GA,EE. UU.,Consumer
3285,2675,Anaheim,CA,EE. UU.,Consumer
3286,7383,Aurora,IL,EE. UU.,Consumer
3287,606,Newark,DE,EE. UU.,Consumer
3288,10682,Salem,OR,EE. UU.,Consumer
3289,4292,Dearborn,MI,EE. UU.,Consumer
3290,10023,Newark,NJ,EE. UU.,Consumer
3291,4930,Napa,CA,EE. UU.,Consumer
3292,9396,Salinas,CA,EE. UU.,Consumer
3293,12284,New Haven,CT,EE. UU.,Consumer
3294,11037,Davis,CA,EE. UU.,Consumer
3295,11833,Strongsville,OH,EE. UU.,Consumer
3296,2939,Morrisville,PA,EE. UU.,Consumer
3297,11903,Berwyn,IL,EE. UU.,Consumer
3298,11425,Detroit,MI,EE. UU.,Consumer
3299,8171,Temecula,CA,EE. UU.,Consumer
3300,3407,Clovis,CA,EE. UU.,Consumer
3301,1620,Beloit,WI,EE. UU.,Consumer
3302,10701,Lynwood,CA,EE. UU.,Consumer
3303,7236,Columbia,MO,EE. UU.,Consumer
3304,1320,Los Angeles,CA,EE. UU.,Consumer
3305,10279,Mission Viejo,CA,EE. UU.,Consumer
3306,6003,Hickory,NC,EE. UU.,Consumer
3307,4538,Zanesville,OH,EE. UU.,Consumer
3308,11626,Marietta,GA,EE. UU.,Consumer
3309,3762,West New York,NJ,EE. UU.,Consumer
3310,11656,Aurora,CO,EE. UU.,Consumer
3311,11131,Brooklyn,NY,EE. UU.,Consumer
3312,4491,Elmhurst,NY,EE. UU.,Consumer
3313,836,Dearborn,MI,EE. UU.,Consumer
3314,3761,Hayward,CA,EE. UU.,Consumer
3315,9152,Salt Lake City,UT,EE. UU.,Consumer
3316,1381,Campbell,CA,EE. UU.,Consumer
3317,8872,Portland,OR,EE. UU.,Consumer
3318,7382,Chicago,IL,EE. UU.,Consumer
3319,1466,Lenoir,NC,EE. UU.,Consumer
3320,10268,Murfreesboro,TN,EE. UU.,Consumer
3321,10466,Escondido,CA,EE. UU.,Consumer
3322,773,Saint Paul,MN,EE. UU.,Consumer
3323,7379,Marrero,LA,EE. UU.,Consumer
3324,12041,Florissant,MO,EE. UU.,Consumer
3325,4572,Brooklyn,NY,EE. UU.,Consumer
3326,8097,Sheboygan,WI,EE. UU.,Consumer
3327,7600,Hacienda Heights,CA,EE. UU.,Consumer
3328,10239,Riverside,CA,EE. UU.,Consumer
3329,1155,Greeley,CO,EE. UU.,Consumer
3330,1400,Pompano Beach,FL,EE. UU.,Consumer
3331,856,Fountain Valley,CA,EE. UU.,Consumer
3332,10364,Los Angeles,CA,EE. UU.,Consumer
3333,3678,Brooklyn,NY,EE. UU.,Consumer
3334,11275,Webster,NY,EE. UU.,Consumer
3335,4876,Virginia Beach,VA,EE. UU.,Consumer
3336,9849,Dallas,TX,EE. UU.,Consumer
3337,6516,Las Cruces,NM,EE. UU.,Consumer
3338,254,San Antonio,TX,EE. UU.,Consumer
3339,8375,Philadelphia,PA,EE. UU.,Consumer
3340,8448,New York,NY,EE. UU.,Consumer
3341,2681,Duluth,GA,EE. UU.,Consumer
3342,6798,Gaithersburg,MD,EE. UU.,Consumer
3343,11552,Orlando,FL,EE. UU.,Consumer
3344,3664,Virginia Beach,VA,EE. UU.,Consumer
3345,2515,Apopka,FL,EE. UU.,Consumer
3346,9786,Salt Lake City,UT,EE. UU.,Consumer
3347,12403,Cypress,CA,EE. UU.,Consumer
3348,11862,Lutz,FL,EE. UU.,Consumer
3349,11765,South El Monte,CA,EE. UU.,Consumer
3350,1876,Salina,KS,EE. UU.,Consumer
3351,1078,Los Angeles,CA,EE. UU.,Consumer
3352,2696,Memphis,TN,EE. UU.,Consumer
3353,9650,Hampton,VA,EE. UU.,Consumer
3354,914,Bronx,NY,EE. UU.,Consumer
3355,10760,Oregon City,OR,EE. UU.,Consumer
3356,8250,Las Vegas,NV,EE. UU.,Consumer
3357,1689,Troy,NY,EE. UU.,Consumer
3358,755,Tucson,AZ,EE. UU.,Consumer
3359,1854,Folsom,CA,EE. UU.,Consumer
3360,6285,Brooklyn,NY,EE. UU.,Consumer
3361,4937,Baldwin Park,CA,EE. UU.,Consumer
3362,9570,Houston,TX,EE. UU.,Consumer
3363,9823,Ogden,UT,EE. UU.,Consumer
3364,1022,Ogden,UT,EE. UU.,Consumer
3365,4212,Fresno,CA,EE. UU.,Consumer
3366,1492,Montebello,CA,EE. UU.,Consumer
3367,1091,Tucson,AZ,EE. UU.,Consumer
3368,8342,El Centro,CA,EE. UU.,Consumer
3369,5383,Staten Island,NY,EE. UU.,Consumer
3370,11175,Phoenix,AZ,EE. UU.,Consumer
3371,7482,Stafford,VA,EE. UU.,Consumer
3372,6737,Moreno Valley,CA,EE. UU.,Consumer
3373,7947,Richardson,TX,EE. UU.,Consumer
3374,6095,Revere,MA,EE. UU.,Consumer
3375,2962,Jackson Heights,NY,EE. UU.,Consumer
3376,2787,Chicago,IL,EE. UU.,Consumer
3377,327,Carrollton,TX,EE. UU.,Consumer
3378,10310,Mcallen,TX,EE. UU.,Consumer
3379,11544,Chandler,AZ,EE. UU.,Consumer
3380,7133,Saint Paul,MN,EE. UU.,Consumer
3381,4556,Detroit,MI,EE. UU.,Consumer
3382,12296,Orlando,FL,EE. UU.,Consumer
3383,1174,Memphis,TN,EE. UU.,Consumer
3384,6423,San Diego,CA,EE. UU.,Consumer
3385,4017,Florissant,MO,EE. UU.,Consumer
3386,6649,Detroit,MI,EE. UU.,Consumer
3387,4169,Elgin,IL,EE. UU.,Consumer
3388,1565,Campbell,CA,EE. UU.,Consumer
3389,6279,Miami,FL,EE. UU.,Consumer
3390,10020,Phoenix,AZ,EE. UU.,Consumer
3391,1298,San Jose,CA,EE. UU.,Consumer
3392,613,South Ozone Park,NY,EE. UU.,Consumer
3393,2585,Brooklyn,NY,EE. UU.,Consumer
3394,11778,San Diego,CA,EE. UU.,Consumer
3395,7180,Pacoima,CA,EE. UU.,Consumer
3396,5242,Philadelphia,PA,EE. UU.,Consumer
3397,2959,Chicago,IL,EE. UU.,Consumer
3398,987,Albuquerque,NM,EE. UU.,Consumer
3399,7625,Detroit,MI,EE. UU.,Consumer
3400,11567,Spring Valley,CA,EE. UU.,Consumer
3401,8056,Pharr,TX,EE. UU.,Consumer
3402,8616,Riverside,CA,EE. UU.,Consumer
3403,7925,Houston,TX,EE. UU.,Consumer
3404,1482,Los Angeles,CA,EE. UU.,Consumer
3405,11177,Wayne,NJ,EE. UU.,Consumer
3406,4976,Milford,CT,EE. UU.,Consumer
3407,12120,Pompano Beach,FL,EE. UU.,Consumer
3408,6288,Detroit,MI,EE. UU.,Consumer
3409,1300,Mission,TX,EE. UU.,Consumer
3410,733,Amarillo,TX,EE. UU.,Consumer
3411,2957,Lynnwood,WA,EE. UU.,Consumer
3412,10357,Milwaukee,WI,EE. UU.,Consumer
3413,1014,Jamaica,NY,EE. UU.,Consumer
3414,6009,Salt Lake City,UT,EE. UU.,Consumer
3415,11589,Kent,WA,EE. UU.,Consumer
3416,8734,Ridgewood,NY,EE. UU.,Consumer
3417,5297,San Diego,CA,EE. UU.,Consumer
3418,590,Meridian,ID,EE. UU.,Consumer
3419,8723,Washington,DC,EE. UU.,Consumer
3420,4147,Dorchester Center,MA,EE. UU.,Consumer
3421,7725,Columbia,SC,EE. UU.,Consumer
3422,3101,Mission Viejo,CA,EE. UU.,Consumer
3423,12115,Mission,TX,EE. UU.,Consumer
3424,5403,Columbus,OH,EE. UU.,Consumer
3425,9126,Atlanta,GA,EE. UU.,Consumer
3426,10371,Mount Prospect,IL,EE. UU.,Consumer
3427,9576,Cupertino,CA,EE. UU.,Consumer
3428,5196,South San Francisco,CA,EE. UU.,Consumer
3429,7713,Chicago,IL,EE. UU.,Consumer
3430,2724,Los Angeles,CA,EE. UU.,Consumer
3431,9687,Miami,FL,EE. UU.,Consumer
3432,449,Columbus,OH,EE. UU.,Consumer
3433,1215,Las Vegas,NV,EE. UU.,Consumer
3434,3674,El Cajon,CA,EE. UU.,Consumer
3435,691,Stafford,VA,EE. UU.,Consumer
3436,6626,Ontario,CA,EE. UU.,Consumer
3437,226,Oxnard,CA,EE. UU.,Consumer
3438,6281,Lancaster,SC,EE. UU.,Consumer
3439,3748,Lake Forest,CA,EE. UU.,Consumer
3440,11238,Hendersonville,TN,EE. UU.,Consumer
3441,4852,Highland Park,MI,EE. UU.,Consumer
3442,1499,Fort Lauderdale,FL,EE. UU.,Consumer
3443,6,Passaic,NJ,EE. UU.,Consumer
3444,384,Las Vegas,NV,EE. UU.,Consumer
3445,3313,Ballwin,MO,EE. UU.,Consumer
3446,9443,Garden Grove,CA,EE. UU.,Consumer
3447,1317,Lake Forest,CA,EE. UU.,Consumer
3448,11764,Simi Valley,CA,EE. UU.,Consumer
3449,4326,Riverside,CA,EE. UU.,Consumer
3450,2389,Memphis,TN,EE. UU.,Consumer
3451,7650,Wayne,NJ,EE. UU.,Consumer
3452,1980,Clearfield,UT,EE. UU.,Consumer
3453,2821,Santa Ana,CA,EE. UU.,Consumer
3454,11832,Hendersonville,TN,EE. UU.,Consumer
3455,9414,Florissant,MO,EE. UU.,Consumer
3456,2794,Pittsburg,CA,EE. UU.,Consumer
3457,6307,Brooklyn,NY,EE. UU.,Consumer
3458,2382,Bronx,NY,EE. UU.,Consumer
3459,10312,El Paso,TX,EE. UU.,Consumer
3460,11789,East Brunswick,NJ,EE. UU.,Consumer
3461,11967,Daly City,CA,EE. UU.,Consumer
3462,8014,Seattle,WA,EE. UU.,Consumer
3463,117,La Crosse,WI,EE. UU.,Consumer
3464,8060,Chicago,IL,EE. UU.,Consumer
3465,2617,Santa Ana,CA,EE. UU.,Consumer
3466,3537,La Mesa,CA,EE. UU.,Consumer
3467,2235,Albuquerque,NM,EE. UU.,Consumer
3468,10146,Anaheim,CA,EE. UU.,Consumer
3469,9244,North Hollywood,CA,EE. UU.,Consumer
3470,3163,Saint Louis,MO,EE. UU.,Consumer
3471,687,Garden Grove,CA,EE. UU.,Consumer
3472,9817,Los Angeles,CA,EE. UU.,Consumer
3473,10083,Greeley,CO,EE. UU.,Consumer
3474,9263,Dallas,TX,EE. UU.,Consumer
3475,6417,Houston,TX,EE. UU.,Consumer
3476,11221,Antioch,TN,EE. UU.,Consumer
3477,2403,Philadelphia,PA,EE. UU.,Consumer
3478,1428,Frankfort,KY,EE. UU.,Consumer
3479,6356,Annapolis,MD,EE. UU.,Consumer
3480,2064,Dallas,TX,EE. UU.,Consumer
3481,3720,Los Angeles,CA,EE. UU.,Consumer
3482,4750,Martinsburg,WV,EE. UU.,Consumer
3483,3802,Miami,FL,EE. UU.,Consumer
3484,5856,Detroit,MI,EE. UU.,Consumer
3485,3331,Fountain Valley,CA,EE. UU.,Consumer
3486,11068,Longmont,CO,EE. UU.,Consumer
3487,11595,Modesto,CA,EE. UU.,Consumer
3488,9486,Philadelphia,PA,EE. UU.,Consumer
3489,6476,Washington,DC,EE. UU.,Consumer
3490,6458,Reynoldsburg,OH,EE. UU.,Consumer
3491,358,San Antonio,TX,EE. UU.,Consumer
3492,11775,Atlanta,GA,EE. UU.,Consumer
3493,11407,Marion,OH,EE. UU.,Consumer
3494,2788,Las Vegas,NV,EE. UU.,Consumer
3495,1438,Mesa,AZ,EE. UU.,Consumer
3496,2960,Manchester,CT,EE. UU.,Consumer
3497,11350,Dearborn,MI,EE. UU.,Consumer
3498,6146,Lancaster,CA,EE. UU.,Consumer
3499,3825,Silver Spring,MD,EE. UU.,Consumer
3500,12065,Chicago,IL,EE. UU.,Consumer
3501,9700,Ballwin,MO,EE. UU.,Consumer
3502,11527,Elgin,IL,EE. UU.,Consumer
3503,4101,Yonkers,NY,EE. UU.,Consumer
3504,11060,Sacramento,CA,EE. UU.,Consumer
3505,9401,Bronx,NY,EE. UU.,Consumer
3506,11772,Bloomfield,NJ,EE. UU.,Consumer
3507,10040,Dundalk,MD,EE. UU.,Consumer
3508,65,Princeton,NJ,EE. UU.,Consumer
3509,6925,New York,NY,EE. UU.,Consumer
3510,3635,San Jose,CA,EE. UU.,Consumer
3511,10756,Silver Spring,MD,EE. UU.,Consumer
3512,5469,Far Rockaway,NY,EE. UU.,Consumer
3513,7989,Augusta,GA,EE. UU.,Consumer
3514,11835,Scottsdale,AZ,EE. UU.,Consumer
3515,3858,Newark,OH,EE. UU.,Consumer
3516,12050,Bronx,NY,EE. UU.,Consumer
3517,3660,Del Rio,TX,EE. UU.,Consumer
3518,7980,Metairie,LA,EE. UU.,Consumer
3519,4621,Germantown,MD,EE. UU.,Consumer
3520,10690,Spring Valley,NY,EE. UU.,Consumer
3521,484,Hyattsville,MD,EE. UU.,Consumer
3522,1658,Los Angeles,CA,EE. UU.,Consumer
3523,5832,Baltimore,MD,EE. UU.,Consumer
3524,3711,Fort Worth,TX,EE. UU.,Consumer
3525,2628,Rancho Cordova,CA,EE. UU.,Consumer
3526,898,Tampa,FL,EE. UU.,Consumer
3527,2114,Los Angeles,CA,EE. UU.,Consumer
3528,5440,Ontario,CA,EE. UU.,Consumer
3529,5867,Tallahassee,FL,EE. UU.,Consumer
3530,11417,Chicago,IL,EE. UU.,Consumer
3531,1952,Silver Spring,MD,EE. UU.,Consumer
3532,4397,Long Beach,CA,EE. UU.,Consumer
3533,7000,Indianapolis,IN,EE. UU.,Consumer
3534,391,Saginaw,MI,EE. UU.,Consumer
3535,3764,Los Angeles,CA,EE. UU.,Consumer
3536,2458,Honolulu,HI,EE. UU.,Consumer
3537,6140,Union,NJ,EE. UU.,Consumer
3538,4242,West Orange,NJ,EE. UU.,Consumer
3539,6846,Saint Louis,MO,EE. UU.,Consumer
3540,6657,San Diego,CA,EE. UU.,Consumer
3541,5490,Bronx,NY,EE. UU.,Consumer
3542,9908,Baytown,TX,EE. UU.,Consumer
3543,2362,Placentia,CA,EE. UU.,Consumer
3544,771,Pawtucket,RI,EE. UU.,Consumer
3545,12233,Chicago,IL,EE. UU.,Consumer
3546,10039,Conway,AR,EE. UU.,Consumer
3547,5105,Alhambra,CA,EE. UU.,Consumer
3548,1790,Freeport,NY,EE. UU.,Consumer
3549,4790,Potomac,MD,EE. UU.,Consumer
3550,12226,Staten Island,NY,EE. UU.,Consumer
3551,12330,Modesto,CA,EE. UU.,Consumer
3552,6727,Ridgewood,NY,EE. UU.,Corporate
3553,11625,Brooklyn,NY,EE. UU.,Corporate
3554,2023,Brooklyn,NY,EE. UU.,Corporate
3555,9392,Hollywood,FL,EE. UU.,Corporate
3556,10664,San Ramon,CA,EE. UU.,Corporate
3557,2021,West Jordan,UT,EE. UU.,Corporate
3558,2649,Sandusky,OH,EE. UU.,Corporate
3559,8208,Lenoir,NC,EE. UU.,Corporate
3560,11723,Bridgeton,NJ,EE. UU.,Corporate
3561,8570,Escondido,CA,EE. UU.,Corporate
3562,12399,Valrico,FL,EE. UU.,Corporate
3563,1846,Pittsfield,MA,EE. UU.,Corporate
3564,5016,Oceanside,CA,EE. UU.,Corporate
3565,5549,Brooklyn,NY,EE. UU.,Corporate
3566,8313,Spring Valley,CA,EE. UU.,Corporate
3567,2592,San Marcos,TX,EE. UU.,Corporate
3568,1911,Fayetteville,NC,EE. UU.,Corporate
3569,6786,San Jose,CA,EE. UU.,Corporate
3570,5900,Colorado Springs,CO,EE. UU.,Corporate
3571,6419,San Pedro,CA,EE. UU.,Corporate
3572,7283,West Chester,PA,EE. UU.,Corporate
3573,9053,Tustin,CA,EE. UU.,Corporate
3574,2844,Greenville,NC,EE. UU.,Corporate
3575,8829,Woodside,NY,EE. UU.,Corporate
3576,8715,Apex,NC,EE. UU.,Corporate
3577,6068,Anaheim,CA,EE. UU.,Corporate
3578,7452,Pekin,IL,EE. UU.,Corporate
3579,10088,Grove City,OH,EE. UU.,Corporate
3580,5525,Knoxville,TN,EE. UU.,Corporate
3581,4645,Los Angeles,CA,EE. UU.,Corporate
3582,4822,Brooklyn,NY,EE. UU.,Corporate
3583,10911,San Diego,CA,EE. UU.,Corporate
3584,7281,Chicago,IL,EE. UU.,Corporate
3585,11308,San Marcos,CA,EE. UU.,Corporate
3586,3832,Aurora,IL,EE. UU.,Corporate
3587,2093,San Diego,CA,EE. UU.,Corporate
3588,5175,Huntington Park,CA,EE. UU.,Corporate
3589,1378,Campbell,CA,EE. UU.,Corporate
3590,10100,Sugar Land,TX,EE. UU.,Corporate
3591,1314,Anaheim,CA,EE. UU.,Corporate
3592,6222,New York,NY,EE. UU.,Corporate
3593,7975,Wayne,NJ,EE. UU.,Corporate
3594,3645,Watsonville,CA,EE. UU.,Corporate
3595,7370,Rock Hill,SC,EE. UU.,Corporate
3596,2778,Chicago,IL,EE. UU.,Corporate
3597,6873,Albuquerque,NM,EE. UU.,Corporate
3598,6232,Los Angeles,CA,EE. UU.,Corporate
3599,7710,Greensboro,NC,EE. UU.,Corporate
3600,8455,Brownsville,TX,EE. UU.,Corporate
3601,445,Fort Washington,MD,EE. UU.,Corporate
3602,5083,Bronx,NY,EE. UU.,Corporate
3603,9921,Greensburg,PA,EE. UU.,Corporate
3604,518,Cerritos,CA,EE. UU.,Corporate
3605,656,Pomona,CA,EE. UU.,Corporate
3606,3295,Los Angeles,CA,EE. UU.,Corporate
3607,3639,Tempe,AZ,EE. UU.,Corporate
3608,6271,Brooklyn,NY,EE. UU.,Corporate
3609,1607,Piscataway,NJ,EE. UU.,Corporate
3610,616,Smyrna,GA,EE. UU.,Corporate
3611,6480,Chula Vista,CA,EE. UU.,Corporate
3612,1836,Dallas,TX,EE. UU.,Corporate
3613,11463,Murfreesboro,TN,EE. UU.,Corporate
3614,5534,South El Monte,CA,EE. UU.,Corporate
3615,4732,Glendale,AZ,EE. UU.,Corporate
3616,1083,Dorchester Center,MA,EE. UU.,Corporate
3617,7282,Hanford,CA,EE. UU.,Corporate
3618,11405,Brooklyn,NY,EE. UU.,Corporate
3619,9678,Salt Lake City,UT,EE. UU.,Corporate
3620,11409,Stone Mountain,GA,EE. UU.,Corporate
3621,4470,Brooklyn,NY,EE. UU.,Corporate
3622,5017,Dallas,TX,EE. UU.,Corporate
3623,618,Jackson Heights,NY,EE. UU.,Corporate
3624,8545,Opelousas,LA,EE. UU.,Corporate
3625,8491,Chicago,IL,EE. UU.,Corporate
3626,5203,Lockport,IL,EE. UU.,Corporate
3627,12010,Del Rio,TX,EE. UU.,Corporate
3628,6183,Placentia,CA,EE. UU.,Corporate
3629,3850,El Paso,TX,EE. UU.,Corporate
3630,12046,Mesa,AZ,EE. UU.,Corporate
3631,11609,Poway,CA,EE. UU.,Corporate
3632,5025,Bronx,NY,EE. UU.,Corporate
3633,4300,Forest Hills,NY,EE. UU.,Corporate
3634,11150,Hialeah,FL,EE. UU.,Corporate
3635,5467,Apopka,FL,EE. UU.,Corporate
3636,649,Stockton,CA,EE. UU.,Corporate
3637,1523,Van Nuys,CA,EE. UU.,Corporate
3638,1641,Aurora,CO,EE. UU.,Corporate
3639,3022,Dallas,TX,EE. UU.,Corporate
3640,4225,Los Angeles,CA,EE. UU.,Corporate
3641,8974,Longmont,CO,EE. UU.,Corporate
3642,5599,Levittown,NY,EE. UU.,Corporate
3643,6082,Virginia Beach,VA,EE. UU.,Corporate
3644,9901,Jamaica,NY,EE. UU.,Corporate
3645,4444,Mount Prospect,IL,EE. UU.,Corporate
3646,1616,Endicott,NY,EE. UU.,Corporate
3647,6696,Alpharetta,GA,EE. UU.,Corporate
3648,6299,Pomona,CA,EE. UU.,Corporate
3649,10934,Cary,NC,EE. UU.,Corporate
3650,2473,Palatine,IL,EE. UU.,Corporate
3651,3428,Chicago,IL,EE. UU.,Corporate
3652,11959,Mesquite,TX,EE. UU.,Corporate
3653,276,West Covina,CA,EE. UU.,Corporate
3654,110,Beaverton,OR,EE. UU.,Corporate
3655,6304,Visalia,CA,EE. UU.,Corporate
3656,3457,Pomona,CA,EE. UU.,Corporate
3657,6784,O Fallon,MO,EE. UU.,Corporate
3658,8675,Chula Vista,CA,EE. UU.,Corporate
3659,11066,Phoenix,AZ,EE. UU.,Corporate
3660,7826,Riverside,CA,EE. UU.,Corporate
3661,10899,Encinitas,CA,EE. UU.,Corporate
3662,2701,Elyria,OH,EE. UU.,Corporate
3663,5507,Chambersburg,PA,EE. UU.,Corporate
3664,3137,Oxnard,CA,EE. UU.,Corporate
3665,11931,Philadelphia,PA,EE. UU.,Corporate
3666,1700,Los Angeles,CA,EE. UU.,Corporate
3667,9993,Broken Arrow,OK,EE. UU.,Corporate
3668,10612,Cleveland,OH,EE. UU.,Corporate
3669,10569,Normal,IL,EE. UU.,Corporate
3670,8558,West Jordan,UT,EE. UU.,Corporate
3671,3353,Lynn,MA,EE. UU.,Corporate
3672,4085,Panorama City,CA,EE. UU.,Corporate
3673,2857,Saint Peters,MO,EE. UU.,Corporate
3674,3671,Mentor,OH,EE. UU.,Corporate
3675,10602,Memphis,TN,EE. UU.,Corporate
3676,8906,New York,NY,EE. UU.,Corporate
3677,6914,San Diego,CA,EE. UU.,Corporate
3678,11083,Las Cruces,NM,EE. UU.,Corporate
3679,3398,Plano,TX,EE. UU.,Corporate
3680,4729,Miami,FL,EE. UU.,Corporate
3681,11823,Englewood,CO,EE. UU.,Corporate
3682,4172,Aurora,CO,EE. UU.,Corporate
3683,5020,Chicago,IL,EE. UU.,Corporate
3684,2071,Los Angeles,CA,EE. UU.,Corporate
3685,7790,Fullerton,CA,EE. UU.,Corporate
3686,9971,Detroit,MI,EE. UU.,Corporate
3687,22,North Bergen,NJ,EE. UU.,Corporate
3688,10857,Bensalem,PA,EE. UU.,Corporate
3689,2859,Carrollton,TX,EE. UU.,Corporate
3690,3199,New York,NY,EE. UU.,Corporate
3691,2798,Phoenix,AZ,EE. UU.,Corporate
3692,5100,Encinitas,CA,EE. UU.,Corporate
3693,2027,Mission Viejo,CA,EE. UU.,Corporate
3694,10634,Laguna Niguel,CA,EE. UU.,Corporate
3695,291,Bristol,CT,EE. UU.,Corporate
3696,11236,Bismarck,ND,EE. UU.,Corporate
3697,3028,North Las Vegas,NV,EE. UU.,Corporate
3698,5601,Sacramento,CA,EE. UU.,Corporate
3699,7340,Los Angeles,CA,EE. UU.,Corporate
3700,5104,West New York,NJ,EE. UU.,Corporate
3701,4314,Enfield,CT,EE. UU.,Corporate
3702,7176,Williamsport,PA,EE. UU.,Corporate
3703,10068,Carmichael,CA,EE. UU.,Corporate
3704,11972,Piscataway,NJ,EE. UU.,Corporate
3705,11446,Santa Ana,CA,EE. UU.,Corporate
3706,3631,Laredo,TX,EE. UU.,Corporate
3707,12136,Los Angeles,CA,EE. UU.,Corporate
3708,5018,Colorado Springs,CO,EE. UU.,Corporate
3709,1311,West Chester,PA,EE. UU.,Corporate
3710,9490,La Mesa,CA,EE. UU.,Corporate
3711,11263,Federal Way,WA,EE. UU.,Corporate
3712,4885,Oak Lawn,IL,EE. UU.,Corporate
3713,5263,San Jose,CA,EE. UU.,Corporate
3714,5673,Roswell,NM,EE. UU.,Corporate
3715,3697,Ypsilanti,MI,EE. UU.,Corporate
3716,10313,Saint Paul,MN,EE. UU.,Corporate
3717,8954,Columbia,SC,EE. UU.,Corporate
3718,5859,San Antonio,TX,EE. UU.,Corporate
3719,343,San Antonio,TX,EE. UU.,Corporate
3720,3734,Modesto,CA,EE. UU.,Corporate
3721,4663,Columbus,GA,EE. UU.,Corporate
3722,11457,San Benito,TX,EE. UU.,Corporate
3723,4318,San Benito,TX,EE. UU.,Corporate
3724,10164,Far Rockaway,NY,EE. UU.,Corporate
3725,7996,Potomac,MD,EE. UU.,Corporate
3726,7602,Harlingen,TX,EE. UU.,Corporate
3727,1205,Miami,FL,EE. UU.,Corporate
3728,11503,Saginaw,MI,EE. UU.,Corporate
3729,7438,Katy,TX,EE. UU.,Corporate
3730,8647,Lewisville,TX,EE. UU.,Corporate
3731,6682,Raleigh,NC,EE. UU.,Corporate
3732,3459,Chicago,IL,EE. UU.,Corporate
3733,3515,Fort Lauderdale,FL,EE. UU.,Corporate
3734,11708,Plano,TX,EE. UU.,Corporate
3735,9277,Eugene,OR,EE. UU.,Corporate
3736,4301,Newark,DE,EE. UU.,Corporate
3737,9318,Virginia Beach,VA,EE. UU.,Corporate
3738,9773,Hanford,CA,EE. UU.,Corporate
3739,7278,Tucson,AZ,EE. UU.,Corporate
3740,2603,Costa Mesa,CA,EE. UU.,Corporate
3741,9915,Highland Park,MI,EE. UU.,Corporate
3742,9157,Federal Way,WA,EE. UU.,Corporate
3743,9991,Danbury,CT,EE. UU.,Corporate
3744,2161,Bellflower,CA,EE. UU.,Corporate
3745,5789,Caguas,PR,Puerto Rico,Consumer
3746,1991,Caguas,PR,Puerto Rico,Consumer
3747,2360,San Antonio,TX,EE. UU.,Home Office
3748,1209,San Marcos,TX,EE. UU.,Consumer
3749,11032,Garden Grove,CA,EE. UU.,Corporate
3750,3421,Caguas,PR,Puerto Rico,Corporate
3751,11830,Pico Rivera,CA,EE. UU.,Corporate
3752,34,Caguas,PR,Puerto Rico,Corporate
3753,1303,Dallas,TX,EE. UU.,Corporate
3754,7648,Caguas,PR,Puerto Rico,Consumer
3755,736,Longview,WA,EE. UU.,Consumer
3756,8254,Martinsburg,WV,EE. UU.,Consumer
3757,7774,Caguas,PR,Puerto Rico,Home Office
3758,8412,Carson,CA,EE. UU.,Home Office
3759,11837,Norwalk,CA,EE. UU.,Consumer
3760,186,Caguas,PR,Puerto Rico,Home Office
3761,369,Chicago,IL,EE. UU.,Corporate
3762,5405,Chicago,IL,EE. UU.,Consumer
3763,12163,Caguas,PR,Puerto Rico,Consumer
3764,4011,Caguas,PR,Puerto Rico,Corporate
3765,5216,Caguas,PR,Puerto Rico,Corporate
3766,7475,Bridgeton,NJ,EE. UU.,Corporate
3767,7291,Detroit,MI,EE. UU.,Corporate
3768,7590,Los Angeles,CA,EE. UU.,Home Office
3769,12373,Chicago,IL,EE. UU.,Home Office
3770,9792,Caguas,PR,Puerto Rico,Home Office
3771,797,Caguas,PR,Puerto Rico,Consumer
3772,11132,Caguas,PR,Puerto Rico,Home Office
3773,9682,Caguas,PR,Puerto Rico,Corporate
3774,4153,Sugar Land,TX,EE. UU.,Consumer
3775,7479,Caguas,PR,Puerto Rico,Corporate
3776,2069,Caguas,PR,Puerto Rico,Corporate
3777,5715,Caguas,PR,Puerto Rico,Corporate
3778,11699,Hampton,VA,EE. UU.,Consumer
3779,7892,Dallas,TX,EE. UU.,Consumer
3780,8042,Lakewood,NJ,EE. UU.,Corporate
3781,11072,Wheaton,IL,EE. UU.,Home Office
3782,6800,West Covina,CA,EE. UU.,Corporate
3783,8124,Glendale,AZ,EE. UU.,Consumer
3784,9059,Caguas,PR,Puerto Rico,Home Office
3785,8451,Houston,TX,EE. UU.,Corporate
3786,10960,Van Nuys,CA,EE. UU.,Corporate
3787,6662,Troy,NY,EE. UU.,Consumer
3788,8116,Dallas,TX,EE. UU.,Consumer
3789,9925,Redmond,WA,EE. UU.,Consumer
3790,7129,Caguas,PR,Puerto Rico,Corporate
3791,6660,Spring Valley,CA,EE. UU.,Home Office
3792,8063,Brooklyn,NY,EE. UU.,Consumer
3793,3304,Chicago,IL,EE. UU.,Consumer
3794,2948,Los Angeles,CA,EE. UU.,Consumer
3795,1970,Caguas,PR,Puerto Rico,Corporate
3796,11020,Federal Way,WA,EE. UU.,Consumer
3797,11311,Chicago,IL,EE. UU.,Home Office
3798,4106,North Hills,CA,EE. UU.,Consumer
3799,1588,Caguas,PR,Puerto Rico,Corporate
3800,1976,Caguas,PR,Puerto Rico,Corporate
3801,7352,Anaheim,CA,EE. UU.,Consumer
3802,2263,Parkville,MD,EE. UU.,Consumer
3803,7315,Elgin,IL,EE. UU.,Home Office
3804,11444,San Diego,CA,EE. UU.,Corporate
3805,12293,Las Vegas,NV,EE. UU.,Consumer
3806,6922,Frankfort,KY,EE. UU.,Consumer
3807,1602,Santa Ana,CA,EE. UU.,Home Office
3808,11415,Oxnard,CA,EE. UU.,Corporate
3809,6311,Cordova,TN,EE. UU.,Home Office
3810,7974,Baltimore,MD,EE. UU.,Consumer
3811,4388,Holland,MI,EE. UU.,Consumer
3812,3889,Caguas,PR,Puerto Rico,Consumer
3813,5612,Caguas,PR,Puerto Rico,Corporate
3814,4863,Caguas,PR,Puerto Rico,Corporate
3815,11565,Harlingen,TX,EE. UU.,Consumer
3816,11880,Honolulu,HI,EE. UU.,Consumer
3817,5603,Charlotte,NC,EE. UU.,Corporate
3818,5763,Clovis,CA,EE. UU.,Home Office
3819,1603,Laredo,TX,EE. UU.,Consumer
3820,10436,New York,NY,EE. UU.,Consumer
3821,3756,Caguas,PR,Puerto Rico,Corporate
3822,2575,Pomona,CA,EE. UU.,Consumer
3823,10269,Caguas,PR,Puerto Rico,Consumer
3824,277,Caguas,PR,Puerto Rico,Corporate
3825,3979,Caguas,PR,Puerto Rico,Corporate
3826,11390,Caguas,PR,Puerto Rico,Corporate
3827,2102,Tustin,CA,EE. UU.,Corporate
3828,3833,Greeley,CO,EE. UU.,Consumer
3829,1894,Pico Rivera,CA,EE. UU.,Home Office
3830,4809,Caguas,PR,Puerto Rico,Corporate
3831,531,Caguas,PR,Puerto Rico,Corporate
3832,12237,Pompano Beach,FL,EE. UU.,Consumer
3833,4847,Caguas,PR,Puerto Rico,Home Office
3834,8536,Bayonne,NJ,EE. UU.,Consumer
3835,6586,Caguas,PR,Puerto Rico,Consumer
3836,10620,Caguas,PR,Puerto Rico,Corporate
3837,9295,College Station,TX,EE. UU.,Consumer
3838,7982,Chicago,IL,EE. UU.,Corporate
3839,4619,Richmond,TX,EE. UU.,Consumer
3840,2188,Tulare,CA,EE. UU.,Corporate
3841,6525,San Diego,CA,EE. UU.,Consumer
3842,9452,New York,NY,EE. UU.,Home Office
3843,6568,Joliet,IL,EE. UU.,Consumer
3844,8486,Los Angeles,CA,EE. UU.,Consumer
3845,8082,Caguas,PR,Puerto Rico,Consumer
3846,10511,Caguas,PR,Puerto Rico,Corporate
3847,3913,Caguas,PR,Puerto Rico,Consumer
3848,11284,Manati,PR,Puerto Rico,Consumer
3849,8384,Opa Locka,FL,EE. UU.,Consumer
3850,5154,Englewood,CO,EE. UU.,Consumer
3851,10897,Ventura,CA,EE. UU.,Consumer
3852,8048,Caguas,PR,Puerto Rico,Consumer
3853,6878,Caguas,PR,Puerto Rico,Corporate
3854,3377,Columbia,SC,EE. UU.,Consumer
3855,2969,Cicero,IL,EE. UU.,Consumer
3856,7751,National City,CA,EE. UU.,Consumer
3857,3926,Fullerton,CA,EE. UU.,Home Office
3858,8705,Stockton,CA,EE. UU.,Consumer
3859,8898,Montebello,CA,EE. UU.,Home Office
3860,10965,Caguas,PR,Puerto Rico,Home Office
3861,4531,Laredo,TX,EE. UU.,Consumer
3862,986,Caguas,PR,Puerto Rico,Home Office
3863,1496,Bridgeton,NJ,EE. UU.,Consumer
3864,12328,Tempe,AZ,EE. UU.,Consumer
3865,7491,Caguas,PR,Puerto Rico,Consumer
3866,8939,Staten Island,NY,EE. UU.,Corporate
3867,8800,Caguas,PR,Puerto Rico,Consumer
3868,543,Greenville,NC,EE. UU.,Home Office
3869,7420,Caguas,PR,Puerto Rico,Consumer
3870,12307,Caguas,PR,Puerto Rico,Consumer
3871,8125,Caguas,PR,Puerto Rico,Corporate
3872,5331,Bakersfield,CA,EE. UU.,Consumer
3873,10220,Caguas,PR,Puerto Rico,Consumer
3874,1355,Caguas,PR,Puerto Rico,Consumer
3875,10333,Caguas,PR,Puerto Rico,Consumer
3876,313,Caguas,PR,Puerto Rico,Consumer
3877,2501,Caguas,PR,Puerto Rico,Consumer
3878,9822,Caguas,PR,Puerto Rico,Consumer
3879,8187,Caguas,PR,Puerto Rico,Home Office
3880,5131,Santee,CA,EE. UU.,Home Office
3881,7245,Caguas,PR,Puerto Rico,Home Office
3882,12092,Caguas,PR,Puerto Rico,Consumer
3883,10778,Lakewood,OH,EE. UU.,Consumer
3884,2970,Brownsville,TX,EE. UU.,Consumer
3885,11570,Detroit,MI,EE. UU.,Home Office
3886,10044,Caguas,PR,Puerto Rico,Consumer
3887,10074,Caguas,PR,Puerto Rico,Corporate
3888,11673,Saginaw,MI,EE. UU.,Consumer
3889,7462,Tucson,AZ,EE. UU.,Consumer
3890,4372,Caguas,PR,Puerto Rico,Consumer
3891,4479,Caguas,PR,Puerto Rico,Corporate
3892,2740,Caguas,PR,Puerto Rico,Corporate
3893,5173,Corona,CA,EE. UU.,Home Office
3894,988,Pittsfield,MA,EE. UU.,Consumer
3895,4203,Portland,OR,EE. UU.,Consumer
3896,4395,Caguas,PR,Puerto Rico,Consumer
3897,6607,Caguas,PR,Puerto Rico,Home Office
3898,2512,Caguas,PR,Puerto Rico,Consumer
3899,10509,Columbus,OH,EE. UU.,Consumer
3900,5695,Caguas,PR,Puerto Rico,Corporate
3901,7835,Caguas,PR,Puerto Rico,Consumer
3902,2281,Caguas,PR,Puerto Rico,Home Office
3903,11475,Houston,TX,EE. UU.,Home Office
3904,1837,Caguas,PR,Puerto Rico,Home Office
3905,1614,San Diego,CA,EE. UU.,Corporate
3906,10109,Caguas,PR,Puerto Rico,Consumer
3907,880,Marietta,GA,EE. UU.,Consumer
3908,1679,Caguas,PR,Puerto Rico,Consumer
3909,9471,Caguas,PR,Puerto Rico,Consumer
3910,6695,Bronx,NY,EE. UU.,Corporate
3911,12246,Pompano Beach,FL,EE. UU.,Consumer
3912,11569,Caguas,PR,Puerto Rico,Corporate
3913,3547,South San Francisco,CA,EE. UU.,Consumer
3914,5493,Jersey City,NJ,EE. UU.,Home Office
3915,52,Chicago,IL,EE. UU.,Corporate
3916,9517,Caguas,PR,Puerto Rico,Consumer
3917,6659,Caguas,PR,Puerto Rico,Corporate
3918,2858,Caguas,PR,Puerto Rico,Corporate
3919,4025,Oceanside,CA,EE. UU.,Corporate
3920,7262,Webster,NY,EE. UU.,Consumer
3921,3458,Caguas,PR,Puerto Rico,Corporate
3922,7050,Porterville,CA,EE. UU.,Consumer
3923,2634,Caguas,PR,Puerto Rico,Corporate
3924,11081,Caguas,PR,Puerto Rico,Corporate
3925,10784,Loveland,OH,EE. UU.,Corporate
3926,7013,Amarillo,TX,EE. UU.,Consumer
3927,7670,Houston,TX,EE. UU.,Corporate
3928,5656,Caguas,PR,Puerto Rico,Consumer
3929,6028,Caguas,PR,Puerto Rico,Corporate
3930,4916,Caguas,PR,Puerto Rico,Consumer
3931,1852,Rome,NY,EE. UU.,Consumer
3932,1103,Mentor,OH,EE. UU.,Corporate
3933,3314,Caguas,PR,Puerto Rico,Consumer
3934,3867,Caguas,PR,Puerto Rico,Consumer
3935,11313,Caguas,PR,Puerto Rico,Consumer
3936,2250,New York,NY,EE. UU.,Corporate
3937,1969,La Crosse,WI,EE. UU.,Corporate
3938,944,Wyoming,MI,EE. UU.,Corporate
3939,10248,Newburgh,NY,EE. UU.,Consumer
3940,8390,Pompano Beach,FL,EE. UU.,Consumer
3941,3519,San Antonio,TX,EE. UU.,Consumer
3942,10954,Las Vegas,NV,EE. UU.,Consumer
3943,2131,Annandale,VA,EE. UU.,Consumer
3944,3804,Hagerstown,MD,EE. UU.,Consumer
3945,4276,Riverside,CA,EE. UU.,Consumer
3946,6045,Bakersfield,CA,EE. UU.,Consumer
3947,14504,Atlanta,GA,EE. UU.,Consumer
3948,13002,Dayton,OH,EE. UU.,Consumer
3949,13001,San Francisco,CA,EE. UU.,Consumer
3950,12998,Tracy,CA,EE. UU.,Consumer
3951,13339,San Jose,CA,EE. UU.,Consumer
3952,13374,Madison,WI,EE. UU.,Consumer
3953,14192,Dallas,TX,EE. UU.,Consumer
3954,13384,Lawrence,MA,EE. UU.,Consumer
3955,229,Jacksonville,FL,EE. UU.,Consumer
3956,10830,Rosemead,CA,EE. UU.,Consumer
3957,10720,Bakersfield,CA,EE. UU.,Consumer
3958,8393,Richmond,VA,EE. UU.,Consumer
3959,14041,Chandler,AZ,EE. UU.,Consumer
3960,6664,Portland,OR,EE. UU.,Consumer
3961,5640,Cumberland,MD,EE. UU.,Consumer
3962,13733,San Diego,CA,EE. UU.,Consumer
3963,7441,Joliet,IL,EE. UU.,Consumer
3964,4588,Tampa,FL,EE. UU.,Consumer
3965,11621,Los Angeles,CA,EE. UU.,Consumer
3966,3454,Brooklyn,NY,EE. UU.,Consumer
3967,13601,Houston,TX,EE. UU.,Consumer
3968,2015,San Antonio,TX,EE. UU.,Consumer
3969,11645,Summerville,SC,EE. UU.,Consumer
3970,8247,Philadelphia,PA,EE. UU.,Consumer
3971,2120,Brooklyn,NY,EE. UU.,Consumer
3972,10987,Escondido,CA,EE. UU.,Consumer
3973,3297,Moreno Valley,CA,EE. UU.,Consumer
3974,3580,Palatine,IL,EE. UU.,Consumer
3975,13576,Highland,CA,EE. UU.,Consumer
3976,3923,Albuquerque,NM,EE. UU.,Consumer
3977,7376,Lombard,IL,EE. UU.,Consumer
3978,7551,El Paso,TX,EE. UU.,Consumer
3979,13935,Fort Lauderdale,FL,EE. UU.,Consumer
3980,3403,Philadelphia,PA,EE. UU.,Consumer
3981,7204,Fresno,CA,EE. UU.,Consumer
3982,10722,Lake Forest,CA,EE. UU.,Consumer
3983,4997,Valrico,FL,EE. UU.,Consumer
3984,1768,Las Vegas,NV,EE. UU.,Consumer
3985,5445,Hilliard,OH,EE. UU.,Consumer
3986,9193,Carlsbad,CA,EE. UU.,Consumer
3987,10092,Philadelphia,PA,EE. UU.,Consumer
3988,1034,Merced,CA,EE. UU.,Consumer
3989,6834,Fresno,CA,EE. UU.,Consumer
3990,440,Brooklyn,NY,EE. UU.,Consumer
3991,4559,Tucson,AZ,EE. UU.,Consumer
3992,3238,Brooklyn,NY,EE. UU.,Consumer
3993,11583,Blacksburg,VA,EE. UU.,Consumer
3994,2255,Philadelphia,PA,EE. UU.,Consumer
3995,4995,Lawrenceville,GA,EE. UU.,Consumer
3996,10145,Chicago,IL,EE. UU.,Consumer
3997,12648,South Ozone Park,NY,EE. UU.,Consumer
3998,12697,Cerritos,CA,EE. UU.,Consumer
3999,14986,Elgin,IL,EE. UU.,Consumer
4000,15019,Mchenry,IL,EE. UU.,Consumer
4001,9403,Fountain Valley,CA,EE. UU.,Consumer
4002,1176,Chula Vista,CA,EE. UU.,Consumer
4003,12419,Greensburg,PA,EE. UU.,Consumer
4004,5503,Escondido,CA,EE. UU.,Consumer
4005,11559,Long Beach,CA,EE. UU.,Consumer
4006,2779,Mentor,OH,EE. UU.,Consumer
4007,11358,Salt Lake City,UT,EE. UU.,Consumer
4008,11239,New Albany,IN,EE. UU.,Consumer
4009,7805,Hickory,NC,EE. UU.,Consumer
4010,12417,Massapequa,NY,EE. UU.,Consumer
4011,3911,El Paso,TX,EE. UU.,Consumer
4012,3840,Salinas,CA,EE. UU.,Consumer
4013,8437,Atlanta,GA,EE. UU.,Consumer
4014,1771,Bridgeton,NJ,EE. UU.,Consumer
4015,5116,Brockton,MA,EE. UU.,Consumer
4016,5369,North Richland Hills,TX,EE. UU.,Consumer
4017,4137,Tucson,AZ,EE. UU.,Consumer
4018,8298,Scottsdale,AZ,EE. UU.,Consumer
4019,8427,Chicago,IL,EE. UU.,Consumer
4020,7828,Oak Lawn,IL,EE. UU.,Consumer
4021,3239,Olathe,KS,EE. UU.,Consumer
4022,6362,Plano,TX,EE. UU.,Consumer
4023,500,Michigan City,IN,EE. UU.,Consumer
4024,7090,Van Nuys,CA,EE. UU.,Consumer
4025,7700,Decatur,GA,EE. UU.,Consumer
4026,9705,Washington,DC,EE. UU.,Consumer
4027,2177,Norwalk,CA,EE. UU.,Consumer
4028,4763,Martinsburg,WV,EE. UU.,Consumer
4029,231,Wyoming,MI,EE. UU.,Consumer
4030,7501,Las Vegas,NV,EE. UU.,Consumer
4031,5665,Virginia Beach,VA,EE. UU.,Consumer
4032,6796,Lenoir,NC,EE. UU.,Consumer
4033,8708,Dallas,TX,EE. UU.,Consumer
4034,9458,Bronx,NY,EE. UU.,Consumer
4035,7173,Salem,OR,EE. UU.,Consumer
4036,4706,Ballwin,MO,EE. UU.,Consumer
4037,10229,Detroit,MI,EE. UU.,Consumer
4038,112,Middletown,OH,EE. UU.,Consumer
4039,7642,San Jose,CA,EE. UU.,Consumer
4040,523,Mission Viejo,CA,EE. UU.,Consumer
4041,1099,Washington,DC,EE. UU.,Consumer
4042,294,Newark,DE,EE. UU.,Consumer
4043,6030,Brooklyn,NY,EE. UU.,Consumer
4044,18167,Oxnard,CA,EE. UU.,Consumer
4045,17889,Carrollton,TX,EE. UU.,Consumer
4046,16625,Los Angeles,CA,EE. UU.,Consumer
4047,19084,Austin,TX,EE. UU.,Consumer
4048,19165,Augusta,GA,EE. UU.,Consumer
4049,16540,Pekin,IL,EE. UU.,Consumer
4050,15827,Carson,CA,EE. UU.,Consumer
4051,3704,Chandler,AZ,EE. UU.,Consumer
4052,5916,Hayward,CA,EE. UU.,Consumer
4053,2589,Wayne,NJ,EE. UU.,Consumer
4054,7027,Joliet,IL,EE. UU.,Consumer
4055,3379,Union City,NJ,EE. UU.,Consumer
4056,3539,Washington,DC,EE. UU.,Consumer
4057,17717,Brooklyn,NY,EE. UU.,Consumer
4058,20495,Tucson,AZ,EE. UU.,Consumer
4059,18512,Richmond,VA,EE. UU.,Consumer
4060,2774,Lockport,IL,EE. UU.,Consumer
4061,9314,Chula Vista,CA,EE. UU.,Consumer
4062,9159,Los Angeles,CA,EE. UU.,Consumer
4063,3344,Virginia Beach,VA,EE. UU.,Consumer
4064,17316,Baltimore,MD,EE. UU.,Consumer
4065,9571,Hyattsville,MD,EE. UU.,Consumer
4066,17439,Chicago,IL,EE. UU.,Consumer
4067,12197,Pawtucket,RI,EE. UU.,Consumer
4068,15917,Wyoming,MI,EE. UU.,Consumer
4069,10918,Mechanicsburg,PA,EE. UU.,Consumer
4070,18411,Portland,OR,EE. UU.,Consumer
4071,4650,Hanover,PA,EE. UU.,Consumer
4072,8215,Eagle Pass,TX,EE. UU.,Consumer
4073,671,Tucson,AZ,EE. UU.,Consumer
4074,11519,Howell,MI,EE. UU.,Consumer
4075,15353,San Jose,CA,EE. UU.,Consumer
4076,15582,Opa Locka,FL,EE. UU.,Consumer
4077,4234,Lilburn,GA,EE. UU.,Consumer
4078,7436,Fairfield,CA,EE. UU.,Consumer
4079,674,Morrisville,PA,EE. UU.,Consumer
4080,683,Harlingen,TX,EE. UU.,Consumer
4081,7954,York,PA,EE. UU.,Consumer
4082,4256,Bronx,NY,EE. UU.,Consumer
4083,4832,Vallejo,CA,EE. UU.,Consumer
4084,4514,West Covina,CA,EE. UU.,Consumer
4085,6364,San Bernardino,CA,EE. UU.,Consumer
4086,12187,Fayetteville,NC,EE. UU.,Consumer
4087,8273,New Orleans,LA,EE. UU.,Consumer
4088,17572,Memphis,TN,EE. UU.,Consumer
4089,19955,Las Vegas,NV,EE. UU.,Consumer
4090,17155,Bend,OR,EE. UU.,Consumer
4091,18982,Tucson,AZ,EE. UU.,Consumer
4092,17077,Tracy,CA,EE. UU.,Consumer
4093,19030,Memphis,TN,EE. UU.,Consumer
4094,20360,San Benito,TX,EE. UU.,Consumer
4095,17181,Decatur,GA,EE. UU.,Consumer
4096,5993,Carson,CA,EE. UU.,Consumer
4097,1255,New York,NY,EE. UU.,Consumer
4098,10763,Miami,FL,EE. UU.,Consumer
4099,515,Stockbridge,GA,EE. UU.,Consumer
4100,1517,Philadelphia,PA,EE. UU.,Consumer
4101,11767,West Haven,CT,EE. UU.,Consumer
4102,2596,Yuma,AZ,EE. UU.,Consumer
4103,6098,Westland,MI,EE. UU.,Consumer
4104,3717,Lakewood,OH,EE. UU.,Consumer
4105,1368,Miami,FL,EE. UU.,Consumer
4106,7692,Orlando,FL,EE. UU.,Consumer
4107,4892,Canton,MI,EE. UU.,Consumer
4108,4394,Provo,UT,EE. UU.,Consumer
4109,7549,Phoenix,AZ,EE. UU.,Consumer
4110,438,Carlsbad,CA,EE. UU.,Consumer
4111,7812,Hickory,NC,EE. UU.,Consumer
4112,10765,Milford,CT,EE. UU.,Consumer
4113,145,Dayton,OH,EE. UU.,Consumer
4114,1352,Lawrence,MA,EE. UU.,Consumer
4115,10179,Jersey City,NJ,EE. UU.,Consumer
4116,481,Los Angeles,CA,EE. UU.,Consumer
4117,9580,Las Vegas,NV,EE. UU.,Consumer
4118,9336,Spring Valley,CA,EE. UU.,Consumer
4119,9740,San Jose,CA,EE. UU.,Consumer
4120,10432,Bristol,CT,EE. UU.,Consumer
4121,11186,Winnetka,CA,EE. UU.,Consumer
4122,7673,Chicago,IL,EE. UU.,Consumer
4123,11024,San Diego,CA,EE. UU.,Consumer
4124,12321,Pasadena,MD,EE. UU.,Consumer
4125,1573,Phoenix,AZ,EE. UU.,Consumer
4126,2303,Chicago,IL,EE. UU.,Consumer
4127,7246,Raleigh,NC,EE. UU.,Consumer
4128,9165,San Diego,CA,EE. UU.,Consumer
4129,6249,Middletown,CT,EE. UU.,Consumer
4130,7777,Rowland Heights,CA,EE. UU.,Consumer
4131,666,Orange Park,FL,EE. UU.,Consumer
4132,2081,Rio Rancho,NM,EE. UU.,Consumer
4133,18393,Caguas,PR,Puerto Rico,Home Office
4134,9436,Caguas,PR,Puerto Rico,Home Office
4135,17944,Caguas,PR,Puerto Rico,Home Office
4136,20519,Caguas,PR,Puerto Rico,Home Office
4137,6350,Caguas,PR,Puerto Rico,Home Office
4138,4989,Caguas,PR,Puerto Rico,Home Office
4139,4766,Caguas,PR,Puerto Rico,Home Office
4140,5654,Caguas,PR,Puerto Rico,Home Office
4141,4028,Caguas,PR,Puerto Rico,Home Office
4142,15368,Caguas,PR,Puerto Rico,Home Office
4143,15436,Caguas,PR,Puerto Rico,Home Office
4144,662,Caguas,PR,Puerto Rico,Home Office
4145,2261,Aguadilla,PR,Puerto Rico,Home Office
4146,4488,Caguas,PR,Puerto Rico,Home Office
4147,738,Caguas,PR,Puerto Rico,Home Office
4148,9544,Caguas,PR,Puerto Rico,Home Office
4149,2801,Caguas,PR,Puerto Rico,Home Office
4150,10986,Caguas,PR,Puerto Rico,Home Office
4151,10733,Caguas,PR,Puerto Rico,Home Office
4152,268,Caguas,PR,Puerto Rico,Home Office
4153,5762,Trujillo Alto,PR,Puerto Rico,Home Office
4154,8179,Caguas,PR,Puerto Rico,Home Office
4155,10655,Caguas,PR,Puerto Rico,Home Office
4156,5063,Caguas,PR,Puerto Rico,Home Office
4157,9079,Caguas,PR,Puerto Rico,Home Office
4158,8137,Caguas,PR,Puerto Rico,Home Office
4159,601,Caguas,PR,Puerto Rico,Home Office
4160,17610,Caguas,PR,Puerto Rico,Home Office
4161,17616,Caguas,PR,Puerto Rico,Home Office
4162,17614,Caguas,PR,Puerto Rico,Home Office
4163,20207,Caguas,PR,Puerto Rico,Home Office
4164,18966,Caguas,PR,Puerto Rico,Home Office
4165,16134,Caguas,PR,Puerto Rico,Home Office
4166,16097,Caguas,PR,Puerto Rico,Home Office
4167,15249,Caguas,PR,Puerto Rico,Home Office
4168,17836,Caguas,PR,Puerto Rico,Home Office
4169,16203,Caguas,PR,Puerto Rico,Home Office
4170,19033,Caguas,PR,Puerto Rico,Home Office
4171,18623,Caguas,PR,Puerto Rico,Home Office
4172,19855,Caguas,PR,Puerto Rico,Home Office
4173,15221,Caguas,PR,Puerto Rico,Home Office
4174,16141,Caguas,PR,Puerto Rico,Home Office
4175,20088,Caguas,PR,Puerto Rico,Home Office
4176,18919,Caguas,PR,Puerto Rico,Home Office
4177,16285,Caguas,PR,Puerto Rico,Home Office
4178,20212,Caguas,PR,Puerto Rico,Home Office
4179,19977,Caguas,PR,Puerto Rico,Home Office
4180,16354,Caguas,PR,Puerto Rico,Home Office
4181,18598,Caguas,PR,Puerto Rico,Home Office
4182,16281,Caguas,PR,Puerto Rico,Home Office
4183,19922,Caguas,PR,Puerto Rico,Home Office
4184,17194,Caguas,PR,Puerto Rico,Home Office
4185,4431,Caguas,PR,Puerto Rico,Home Office
4186,5578,Caguas,PR,Puerto Rico,Home Office
4187,4374,Caguas,PR,Puerto Rico,Home Office
4188,780,Caguas,PR,Puerto Rico,Home Office
4189,9418,Caguas,PR,Puerto Rico,Home Office
4190,10809,Caguas,PR,Puerto Rico,Home Office
4191,10147,Caguas,PR,Puerto Rico,Home Office
4192,6533,Caguas,PR,Puerto Rico,Home Office
4193,1051,Caguas,PR,Puerto Rico,Home Office
4194,8112,Caguas,PR,Puerto Rico,Home Office
4195,4983,Caguas,PR,Puerto Rico,Home Office
4196,8514,Caguas,PR,Puerto Rico,Home Office
4197,8605,Caguas,PR,Puerto Rico,Home Office
4198,1247,Caguas,PR,Puerto Rico,Home Office
4199,5795,Caguas,PR,Puerto Rico,Home Office
4200,8015,Caguas,PR,Puerto Rico,Home Office
4201,1883,Caguas,PR,Puerto Rico,Home Office
4202,4905,Caguas,PR,Puerto Rico,Home Office
4203,452,Caguas,PR,Puerto Rico,Home Office
4204,2903,Caguas,PR,Puerto Rico,Home Office
4205,6055,Caguas,PR,Puerto Rico,Home Office
4206,5308,Caguas,PR,Puerto Rico,Home Office
4207,4576,Caguas,PR,Puerto Rico,Home Office
4208,66,Caguas,PR,Puerto Rico,Home Office
4209,9055,Caguas,PR,Puerto Rico,Home Office
4210,6390,Caguas,PR,Puerto Rico,Home Office
4211,3358,Caguas,PR,Puerto Rico,Home Office
4212,2260,Caguas,PR,Puerto Rico,Home Office
4213,3305,Caguas,PR,Puerto Rico,Home Office
4214,2310,Bayamon,PR,Puerto Rico,Home Office
4215,9410,Caguas,PR,Puerto Rico,Home Office
4216,10868,Caguas,PR,Puerto Rico,Home Office
4217,9599,Caguas,PR,Puerto Rico,Home Office
4218,3194,Caguas,PR,Puerto Rico,Home Office
4219,3140,Caguas,PR,Puerto Rico,Home Office
4220,2164,Caguas,PR,Puerto Rico,Home Office
4221,7265,Caguas,PR,Puerto Rico,Home Office
4222,1938,Caguas,PR,Puerto Rico,Home Office
4223,1934,Caguas,PR,Puerto Rico,Home Office
4224,3412,Caguas,PR,Puerto Rico,Home Office
4225,1604,Caguas,PR,Puerto Rico,Home Office
4226,6205,Caguas,PR,Puerto Rico,Home Office
4227,1724,Caguas,PR,Puerto Rico,Home Office
4228,1058,Caguas,PR,Puerto Rico,Home Office
4229,9670,Caguas,PR,Puerto Rico,Home Office
4230,5766,Caguas,PR,Puerto Rico,Home Office
4231,10507,Caguas,PR,Puerto Rico,Home Office
4232,11676,Caguas,PR,Puerto Rico,Home Office
4233,1470,Caguas,PR,Puerto Rico,Home Office
4234,11745,Caguas,PR,Puerto Rico,Home Office
4235,11261,Caguas,PR,Puerto Rico,Home Office
4236,8782,Caguas,PR,Puerto Rico,Home Office
4237,3437,Caguas,PR,Puerto Rico,Home Office
4238,5085,Caguas,PR,Puerto Rico,Home Office
4239,9038,Caguas,PR,Puerto Rico,Home Office
4240,2111,Caguas,PR,Puerto Rico,Home Office
4241,11276,Caguas,PR,Puerto Rico,Home Office
4242,12079,Caguas,PR,Puerto Rico,Home Office
4243,9393,Caguas,PR,Puerto Rico,Home Office
4244,4227,Caguas,PR,Puerto Rico,Home Office
4245,7361,Carolina,PR,Puerto Rico,Home Office
4246,7716,Caguas,PR,Puerto Rico,Home Office
4247,7398,Caguas,PR,Puerto Rico,Home Office
4248,2287,Caguas,PR,Puerto Rico,Home Office
4249,4141,Caguas,PR,Puerto Rico,Home Office
4250,6762,Caguas,PR,Puerto Rico,Home Office
4251,4523,Caguas,PR,Puerto Rico,Home Office
4252,12434,Caguas,PR,Puerto Rico,Home Office
4253,3652,Caguas,PR,Puerto Rico,Home Office
4254,10962,Caguas,PR,Puerto Rico,Home Office
4255,2437,Caguas,PR,Puerto Rico,Home Office
4256,11962,Caguas,PR,Puerto Rico,Home Office
4257,3382,Caguas,PR,Puerto Rico,Home Office
4258,1477,Caguas,PR,Puerto Rico,Home Office
4259,644,Caguas,PR,Puerto Rico,Home Office
4260,12059,Caguas,PR,Puerto Rico,Home Office
4261,11121,Caguas,PR,Puerto Rico,Home Office
4262,3894,Caguas,PR,Puerto Rico,Home Office
4263,9444,Caguas,PR,Puerto Rico,Home Office
4264,5,Caguas,PR,Puerto Rico,Home Office
4265,1677,Caguas,PR,Puerto Rico,Home Office
4266,6224,Caguas,PR,Puerto Rico,Home Office
4267,1432,Caguas,PR,Puerto Rico,Home Office
4268,6169,Caguas,PR,Puerto Rico,Home Office
4269,9607,Caguas,PR,Puerto Rico,Home Office
4270,8629,Caguas,PR,Puerto Rico,Home Office
4271,6949,Caguas,PR,Puerto Rico,Home Office
4272,9720,Caguas,PR,Puerto Rico,Home Office
4273,11796,Caguas,PR,Puerto Rico,Home Office
4274,11678,Caguas,PR,Puerto Rico,Home Office
4275,3944,Caguas,PR,Puerto Rico,Home Office
4276,5848,Caguas,PR,Puerto Rico,Home Office
4277,8967,Caguas,PR,Puerto Rico,Home Office
4278,4223,Caguas,PR,Puerto Rico,Home Office
4279,3291,Caguas,PR,Puerto Rico,Home Office
4280,8315,Caguas,PR,Puerto Rico,Home Office
4281,2227,Caguas,PR,Puerto Rico,Home Office
4282,10202,Caguas,PR,Puerto Rico,Home Office
4283,931,Caguas,PR,Puerto Rico,Home Office
4284,11005,Caguas,PR,Puerto Rico,Home Office
4285,10595,Caguas,PR,Puerto Rico,Home Office
4286,8288,Caguas,PR,Puerto Rico,Consumer
4287,10375,Caguas,PR,Puerto Rico,Consumer
4288,12301,Caguas,PR,Puerto Rico,Consumer
4289,10888,Caguas,PR,Puerto Rico,Consumer
4290,113,Caguas,PR,Puerto Rico,Consumer
4291,11124,Humacao,PR,Puerto Rico,Consumer
4292,326,Caguas,PR,Puerto Rico,Consumer
4293,12090,Caguas,PR,Puerto Rico,Consumer
4294,1774,Caguas,PR,Puerto Rico,Consumer
4295,10413,Caguas,PR,Puerto Rico,Consumer
4296,19811,Caguas,PR,Puerto Rico,Consumer
4297,20116,Caguas,PR,Puerto Rico,Consumer
4298,18626,Caguas,PR,Puerto Rico,Consumer
4299,19915,Caguas,PR,Puerto Rico,Consumer
4300,15227,Caguas,PR,Puerto Rico,Consumer
4301,18588,Caguas,PR,Puerto Rico,Consumer
4302,17239,Caguas,PR,Puerto Rico,Consumer
4303,20219,Caguas,PR,Puerto Rico,Consumer
4304,20055,Caguas,PR,Puerto Rico,Consumer
4305,17237,Caguas,PR,Puerto Rico,Consumer
4306,20072,Caguas,PR,Puerto Rico,Consumer
4307,18937,Caguas,PR,Puerto Rico,Consumer
4308,19799,Caguas,PR,Puerto Rico,Consumer
4309,20375,Caguas,PR,Puerto Rico,Consumer
4310,17787,Caguas,PR,Puerto Rico,Consumer
4311,16119,Caguas,PR,Puerto Rico,Consumer
4312,19831,Bayamon,PR,Puerto Rico,Consumer
4313,19939,Caguas,PR,Puerto Rico,Consumer
4314,17803,Caguas,PR,Puerto Rico,Consumer
4315,17156,Caguas,PR,Puerto Rico,Consumer
4316,10119,Caguas,PR,Puerto Rico,Consumer
4317,17309,Caguas,PR,Puerto Rico,Consumer
4318,17504,Caguas,PR,Puerto Rico,Consumer
4319,3705,Caguas,PR,Puerto Rico,Consumer
4320,56,Caguas,PR,Puerto Rico,Consumer
4321,20477,Caguas,PR,Puerto Rico,Consumer
4322,475,Caguas,PR,Puerto Rico,Consumer
4323,16047,Caguas,PR,Puerto Rico,Consumer
4324,10264,Caguas,PR,Puerto Rico,Consumer
4325,754,Caguas,PR,Puerto Rico,Consumer
4326,10761,Caguas,PR,Puerto Rico,Consumer
4327,17366,Caguas,PR,Puerto Rico,Consumer
4328,17311,Caguas,PR,Puerto Rico,Consumer
4329,15347,Caguas,PR,Puerto Rico,Consumer
4330,12191,Caguas,PR,Puerto Rico,Consumer
4331,20349,Caguas,PR,Puerto Rico,Consumer
4332,7290,Caguas,PR,Puerto Rico,Consumer
4333,2718,Caguas,PR,Puerto Rico,Consumer
4334,8193,Caguas,PR,Puerto Rico,Consumer
4335,7711,Caguas,PR,Puerto Rico,Consumer
4336,2461,Caguas,PR,Puerto Rico,Consumer
4337,6529,Caguas,PR,Puerto Rico,Consumer
4338,804,Caguas,PR,Puerto Rico,Consumer
4339,6733,Caguas,PR,Puerto Rico,Consumer
4340,7074,Caguas,PR,Puerto Rico,Consumer
4341,8053,Caguas,PR,Puerto Rico,Consumer
4342,1113,Caguas,PR,Puerto Rico,Consumer
4343,2357,Caguas,PR,Puerto Rico,Consumer
4344,10880,Caguas,PR,Puerto Rico,Consumer
4345,8447,Caguas,PR,Puerto Rico,Consumer
4346,8901,Guayama,PR,Puerto Rico,Consumer
4347,10700,Caguas,PR,Puerto Rico,Consumer
4348,10898,Caguas,PR,Puerto Rico,Consumer
4349,5994,Caguas,PR,Puerto Rico,Consumer
4350,6847,Caguas,PR,Puerto Rico,Consumer
4351,7182,Caguas,PR,Puerto Rico,Consumer
4352,11504,Caguas,PR,Puerto Rico,Consumer
4353,1613,Caguas,PR,Puerto Rico,Consumer
4354,11074,Caguas,PR,Puerto Rico,Consumer
4355,3476,Caguas,PR,Puerto Rico,Consumer
4356,6294,Caguas,PR,Puerto Rico,Consumer
4357,3879,Caguas,PR,Puerto Rico,Consumer
4358,10027,Caguas,PR,Puerto Rico,Consumer
4359,9593,Caguas,PR,Puerto Rico,Consumer
4360,4597,Caguas,PR,Puerto Rico,Consumer
4361,6702,Caguas,PR,Puerto Rico,Consumer
4362,1282,Caguas,PR,Puerto Rico,Consumer
4363,1732,Caguas,PR,Puerto Rico,Consumer
4364,978,Caguas,PR,Puerto Rico,Consumer
4365,11230,Caguas,PR,Puerto Rico,Consumer
4366,4322,Caguas,PR,Puerto Rico,Consumer
4367,2374,Caguas,PR,Puerto Rico,Consumer
4368,8211,Caguas,PR,Puerto Rico,Consumer
4369,4589,Caguas,PR,Puerto Rico,Consumer
4370,3378,Caguas,PR,Puerto Rico,Consumer
4371,3799,Caguas,PR,Puerto Rico,Consumer
4372,3722,Caguas,PR,Puerto Rico,Consumer
4373,6590,Caguas,PR,Puerto Rico,Consumer
4374,12413,Caguas,PR,Puerto Rico,Consumer
4375,9560,Caguas,PR,Puerto Rico,Consumer
4376,11982,Caguas,PR,Puerto Rico,Consumer
4377,758,Caguas,PR,Puerto Rico,Consumer
4378,9860,Caguas,PR,Puerto Rico,Consumer
4379,5761,Caguas,PR,Puerto Rico,Consumer
4380,3200,Caguas,PR,Puerto Rico,Consumer
4381,3145,Caguas,PR,Puerto Rico,Consumer
4382,6774,Caguas,PR,Puerto Rico,Consumer
4383,8555,Caguas,PR,Puerto Rico,Consumer
4384,2005,Caguas,PR,Puerto Rico,Consumer
4385,5277,Caguas,PR,Puerto Rico,Consumer
4386,10191,Caguas,PR,Puerto Rico,Consumer
4387,8733,Caguas,PR,Puerto Rico,Consumer
4388,10343,Caguas,PR,Puerto Rico,Consumer
4389,3901,Caguas,PR,Puerto Rico,Consumer
4390,5236,Caguas,PR,Puerto Rico,Consumer
4391,2838,Caguas,PR,Puerto Rico,Consumer
4392,11116,Caguas,PR,Puerto Rico,Consumer
4393,9905,Caguas,PR,Puerto Rico,Consumer
4394,3891,Caguas,PR,Puerto Rico,Consumer
4395,6539,Caguas,PR,Puerto Rico,Consumer
4396,6547,Caguas,PR,Puerto Rico,Consumer
4397,8929,Caguas,PR,Puerto Rico,Consumer
4398,2060,Caguas,PR,Puerto Rico,Consumer
4399,1619,Caguas,PR,Puerto Rico,Consumer
4400,2277,Caguas,PR,Puerto Rico,Consumer
4401,1175,Caguas,PR,Puerto Rico,Consumer
4402,11319,Arecibo,PR,Puerto Rico,Consumer
4403,10866,Caguas,PR,Puerto Rico,Consumer
4404,2625,Caguas,PR,Puerto Rico,Consumer
4405,10321,Caguas,PR,Puerto Rico,Consumer
4406,9073,Bayamon,PR,Puerto Rico,Consumer
4407,6334,Caguas,PR,Puerto Rico,Consumer
4408,9815,Caguas,PR,Puerto Rico,Consumer
4409,5441,Caguas,PR,Puerto Rico,Consumer
4410,12273,Caguas,PR,Puerto Rico,Consumer
4411,4016,Caguas,PR,Puerto Rico,Consumer
4412,1488,Caguas,PR,Puerto Rico,Consumer
4413,4076,Trujillo Alto,PR,Puerto Rico,Consumer
4414,10015,Caguas,PR,Puerto Rico,Consumer
4415,4132,Caguas,PR,Puerto Rico,Consumer
4416,8191,Caguas,PR,Puerto Rico,Consumer
4417,2469,Caguas,PR,Puerto Rico,Consumer
4418,11826,Caguas,PR,Puerto Rico,Consumer
4419,949,Caguas,PR,Puerto Rico,Consumer
4420,10757,Caguas,PR,Puerto Rico,Consumer
4421,3920,Caguas,PR,Puerto Rico,Consumer
4422,4567,Caguas,PR,Puerto Rico,Consumer
4423,1807,Caguas,PR,Puerto Rico,Consumer
4424,1907,Caguas,PR,Puerto Rico,Consumer
4425,4042,Caguas,PR,Puerto Rico,Consumer
4426,7811,Caguas,PR,Puerto Rico,Consumer
4427,7538,Caguas,PR,Puerto Rico,Consumer
4428,7522,Caguas,PR,Puerto Rico,Consumer
4429,1751,Caguas,PR,Puerto Rico,Consumer
4430,7878,Caguas,PR,Puerto Rico,Consumer
4431,9118,Caguas,PR,Puerto Rico,Consumer
4432,1373,Caguas,PR,Puerto Rico,Consumer
4433,3439,Caguas,PR,Puerto Rico,Consumer
4434,6699,Caguas,PR,Puerto Rico,Consumer
4435,2457,Caguas,PR,Puerto Rico,Consumer
4436,2771,Caguas,PR,Puerto Rico,Consumer
4437,4569,Caguas,PR,Puerto Rico,Consumer
4438,2572,Caguas,PR,Puerto Rico,Consumer
4439,3987,Caguas,PR,Puerto Rico,Consumer
4440,1757,Caguas,PR,Puerto Rico,Consumer
4441,9986,Caguas,PR,Puerto Rico,Consumer
4442,5777,Caguas,PR,Puerto Rico,Consumer
4443,429,Caguas,PR,Puerto Rico,Consumer
4444,9848,Caguas,PR,Puerto Rico,Consumer
4445,9590,Caguas,PR,Puerto Rico,Consumer
4446,3478,Caguas,PR,Puerto Rico,Consumer
4447,7227,Caguas,PR,Puerto Rico,Consumer
4448,1216,Caguas,PR,Puerto Rico,Consumer
4449,2406,Caguas,PR,Puerto Rico,Consumer
4450,98,Caguas,PR,Puerto Rico,Consumer
4451,8272,Caguas,PR,Puerto Rico,Consumer
4452,7056,Caguas,PR,Puerto Rico,Consumer
4453,3095,Caguas,PR,Puerto Rico,Consumer
4454,9535,Caguas,PR,Puerto Rico,Consumer
4455,5893,Caguas,PR,Puerto Rico,Consumer
4456,10691,Caguas,PR,Puerto Rico,Consumer
4457,4579,Caguas,PR,Puerto Rico,Consumer
4458,2016,Caguas,PR,Puerto Rico,Consumer
4459,6208,Caguas,PR,Puerto Rico,Consumer
4460,4662,Caguas,PR,Puerto Rico,Consumer
4461,9087,Caguas,PR,Puerto Rico,Consumer
4462,10538,Caguas,PR,Puerto Rico,Consumer
4463,419,Caguas,PR,Puerto Rico,Consumer
4464,1502,Caguas,PR,Puerto Rico,Consumer
4465,5238,Caguas,PR,Puerto Rico,Consumer
4466,6484,Caguas,PR,Puerto Rico,Consumer
4467,4511,Caguas,PR,Puerto Rico,Consumer
4468,1315,Caguas,PR,Puerto Rico,Consumer
4469,4436,Caguas,PR,Puerto Rico,Consumer
4470,2723,Caguas,PR,Puerto Rico,Consumer
4471,2932,Caguas,PR,Puerto Rico,Consumer
4472,3102,Caguas,PR,Puerto Rico,Consumer
4473,3599,Caguas,PR,Puerto Rico,Consumer
4474,4095,Caguas,PR,Puerto Rico,Consumer
4475,9041,Caguas,PR,Puerto Rico,Consumer
4476,4059,Caguas,PR,Puerto Rico,Consumer
4477,119,Caguas,PR,Puerto Rico,Consumer
4478,2660,Caguas,PR,Puerto Rico,Consumer
4479,12112,Caguas,PR,Puerto Rico,Consumer
4480,8902,Caguas,PR,Puerto Rico,Consumer
4481,4751,Caguas,PR,Puerto Rico,Consumer
4482,5232,Caguas,PR,Puerto Rico,Consumer
4483,7314,Caguas,PR,Puerto Rico,Consumer
4484,6245,Caguas,PR,Puerto Rico,Consumer
4485,8812,Caguas,PR,Puerto Rico,Consumer
4486,5145,Caguas,PR,Puerto Rico,Consumer
4487,10102,Caguas,PR,Puerto Rico,Consumer
4488,2092,Caguas,PR,Puerto Rico,Consumer
4489,8006,San Juan,PR,Puerto Rico,Consumer
4490,10975,Caguas,PR,Puerto Rico,Consumer
4491,8914,Yauco,PR,Puerto Rico,Consumer
4492,1369,Caguas,PR,Puerto Rico,Consumer
4493,1468,Caguas,PR,Puerto Rico,Consumer
4494,9199,Caguas,PR,Puerto Rico,Consumer
4495,10738,Caguas,PR,Puerto Rico,Consumer
4496,9665,Caguas,PR,Puerto Rico,Consumer
4497,9089,Caguas,PR,Puerto Rico,Consumer
4498,11383,Caguas,PR,Puerto Rico,Consumer
4499,6663,Caguas,PR,Puerto Rico,Consumer
4500,5169,Caguas,PR,Puerto Rico,Consumer
4501,5841,Caguas,PR,Puerto Rico,Consumer
4502,8497,Caguas,PR,Puerto Rico,Consumer
4503,5461,Caguas,PR,Puerto Rico,Consumer
4504,10859,Caguas,PR,Puerto Rico,Consumer
4505,9325,Caguas,PR,Puerto Rico,Consumer
4506,6983,Caguas,PR,Puerto Rico,Consumer
4507,568,Caguas,PR,Puerto Rico,Consumer
4508,559,Caguas,PR,Puerto Rico,Consumer
4509,4246,Caguas,PR,Puerto Rico,Consumer
4510,4853,Caguas,PR,Puerto Rico,Consumer
4511,3341,Caguas,PR,Puerto Rico,Consumer
4512,11206,Caguas,PR,Puerto Rico,Consumer
4513,3983,Caguas,PR,Puerto Rico,Corporate
4514,6041,Caguas,PR,Puerto Rico,Corporate
4515,3160,Caguas,PR,Puerto Rico,Corporate
4516,8658,Caguas,PR,Puerto Rico,Corporate
4517,7337,Caguas,PR,Puerto Rico,Corporate
4518,1346,Caguas,PR,Puerto Rico,Corporate
4519,12472,Caguas,PR,Puerto Rico,Corporate
4520,3611,Caguas,PR,Puerto Rico,Corporate
4521,23,San Juan,PR,Puerto Rico,Corporate
4522,7568,Caguas,PR,Puerto Rico,Corporate
4523,6345,Rio Grande,PR,Puerto Rico,Corporate
4524,6413,Caguas,PR,Puerto Rico,Corporate
4525,8268,Caguas,PR,Puerto Rico,Corporate
4526,8388,Caguas,PR,Puerto Rico,Corporate
4527,11852,Caguas,PR,Puerto Rico,Corporate
4528,3169,Caguas,PR,Puerto Rico,Corporate
4529,12002,Caguas,PR,Puerto Rico,Corporate
4530,4412,Caguas,PR,Puerto Rico,Corporate
4531,10785,Caguas,PR,Puerto Rico,Corporate
4532,2238,Caguas,PR,Puerto Rico,Corporate
4533,2083,Caguas,PR,Puerto Rico,Corporate
4534,1802,Caguas,PR,Puerto Rico,Corporate
4535,4182,Caguas,PR,Puerto Rico,Corporate
4536,8032,Caguas,PR,Puerto Rico,Corporate
4537,693,Caguas,PR,Puerto Rico,Corporate
4538,6840,Caguas,PR,Puerto Rico,Corporate
4539,9085,Caguas,PR,Puerto Rico,Corporate
4540,232,Caguas,PR,Puerto Rico,Corporate
4541,16,Caguas,PR,Puerto Rico,Corporate
4542,1108,Caguas,PR,Puerto Rico,Corporate
4543,1257,Caguas,PR,Puerto Rico,Corporate
4544,9659,Caguas,PR,Puerto Rico,Corporate
4545,4819,Caguas,PR,Puerto Rico,Corporate
4546,12430,Caguas,PR,Puerto Rico,Corporate
4547,8997,Caguas,PR,Puerto Rico,Corporate
4548,4270,Caguas,PR,Puerto Rico,Corporate
4549,19268,Caguas,PR,Puerto Rico,Corporate
4550,19058,Caguas,PR,Puerto Rico,Corporate
4551,19054,Caguas,PR,Puerto Rico,Corporate
4552,18786,Caguas,PR,Puerto Rico,Corporate
4553,1715,Caguas,PR,Puerto Rico,Corporate
4554,8565,Caguas,PR,Puerto Rico,Corporate
4555,2994,Caguas,PR,Puerto Rico,Corporate
4556,158,Caguas,PR,Puerto Rico,Corporate
4557,5371,Caguas,PR,Puerto Rico,Corporate
4558,10490,Caguas,PR,Puerto Rico,Corporate
4559,20473,Caguas,PR,Puerto Rico,Corporate
4560,17950,Caguas,PR,Puerto Rico,Corporate
4561,1184,Caguas,PR,Puerto Rico,Corporate
4562,20395,Caguas,PR,Puerto Rico,Corporate
4563,11354,Caguas,PR,Puerto Rico,Corporate
4564,180,Caguas,PR,Puerto Rico,Corporate
4565,10521,Caguas,PR,Puerto Rico,Corporate
4566,1988,Rio Grande,PR,Puerto Rico,Corporate
4567,4759,Caguas,PR,Puerto Rico,Corporate
4568,15491,Caguas,PR,Puerto Rico,Corporate
4569,15432,Caguas,PR,Puerto Rico,Corporate
4570,9212,Caguas,PR,Puerto Rico,Corporate
4571,6958,Caguas,PR,Puerto Rico,Corporate
4572,2384,Caguas,PR,Puerto Rico,Corporate
4573,5799,Caguas,PR,Puerto Rico,Corporate
4574,20297,Caguas,PR,Puerto Rico,Corporate
4575,16349,Caguas,PR,Puerto Rico,Corporate
4576,16325,Caguas,PR,Puerto Rico,Corporate
4577,17805,Caguas,PR,Puerto Rico,Corporate
4578,10527,Caguas,PR,Puerto Rico,Corporate
4579,5838,Caguas,PR,Puerto Rico,Corporate
4580,4994,Caguas,PR,Puerto Rico,Corporate
4581,7655,Caguas,PR,Puerto Rico,Corporate
4582,5180,Caguas,PR,Puerto Rico,Corporate
4583,2830,Caguas,PR,Puerto Rico,Corporate
4584,32,Caguas,PR,Puerto Rico,Corporate
4585,7319,Caguas,PR,Puerto Rico,Corporate
4586,6935,Caguas,PR,Puerto Rico,Corporate
4587,3425,Caguas,PR,Puerto Rico,Corporate
4588,8842,Caguas,PR,Puerto Rico,Corporate
4589,4667,Caguas,PR,Puerto Rico,Corporate
4590,7260,Caguas,PR,Puerto Rico,Corporate
4591,1064,Caguas,PR,Puerto Rico,Corporate
4592,5955,Carolina,PR,Puerto Rico,Corporate
4593,11958,Caguas,PR,Puerto Rico,Corporate
4594,5918,Caguas,PR,Puerto Rico,Corporate
4595,10089,Caguas,PR,Puerto Rico,Corporate
4596,1867,Caguas,PR,Puerto Rico,Corporate
4597,8009,Caguas,PR,Puerto Rico,Corporate
4598,10377,Caguas,PR,Puerto Rico,Corporate
4599,11923,Caguas,PR,Puerto Rico,Corporate
4600,4924,Caguas,PR,Puerto Rico,Corporate
4601,497,Caguas,PR,Puerto Rico,Corporate
4602,3553,Caguas,PR,Puerto Rico,Corporate
4603,9967,Caguas,PR,Puerto Rico,Corporate
4604,10457,Caguas,PR,Puerto Rico,Corporate
4605,11984,Caguas,PR,Puerto Rico,Corporate
4606,10134,Caguas,PR,Puerto Rico,Corporate
4607,9506,Caguas,PR,Puerto Rico,Corporate
4608,3736,Caguas,PR,Puerto Rico,Corporate
4609,11398,Caguas,PR,Puerto Rico,Corporate
4610,11430,Caguas,PR,Puerto Rico,Corporate
4611,11624,Caguas,PR,Puerto Rico,Corporate
4612,7179,Caguas,PR,Puerto Rico,Corporate
4613,10877,Juana Diaz,PR,Puerto Rico,Corporate
4614,8915,Caguas,PR,Puerto Rico,Corporate
4615,5317,Caguas,PR,Puerto Rico,Corporate
4616,3849,Caguas,PR,Puerto Rico,Corporate
4617,11576,Caguas,PR,Puerto Rico,Corporate
4618,8656,Caguas,PR,Puerto Rico,Corporate
4619,4606,Caguas,PR,Puerto Rico,Corporate
4620,7938,Caguas,PR,Puerto Rico,Corporate
4621,1842,Caguas,PR,Puerto Rico,Corporate
4622,14075,Caguas,PR,Puerto Rico,Corporate
4623,14609,Caguas,PR,Puerto Rico,Corporate
4624,14480,Caguas,PR,Puerto Rico,Corporate
4625,13447,Caguas,PR,Puerto Rico,Corporate
4626,14424,Rio Grande,PR,Puerto Rico,Corporate
4627,13086,Caguas,PR,Puerto Rico,Corporate
4628,14635,Caguas,PR,Puerto Rico,Corporate
4629,14653,Caguas,PR,Puerto Rico,Corporate
4630,13332,Caguas,PR,Puerto Rico,Corporate
4631,14331,Caguas,PR,Puerto Rico,Corporate
4632,14403,Caguas,PR,Puerto Rico,Corporate
4633,3410,Caguas,PR,Puerto Rico,Corporate
4634,7353,Caguas,PR,Puerto Rico,Corporate
4635,6446,Caguas,PR,Puerto Rico,Corporate
4636,8341,Caguas,PR,Puerto Rico,Corporate
4637,10163,Caguas,PR,Puerto Rico,Corporate
4638,10187,Caguas,PR,Puerto Rico,Corporate
4639,266,Caguas,PR,Puerto Rico,Corporate
4640,10861,Caguas,PR,Puerto Rico,Corporate
4641,3024,Caguas,PR,Puerto Rico,Corporate
4642,1080,Caguas,PR,Puerto Rico,Corporate
4643,13571,Caguas,PR,Puerto Rico,Corporate
4644,11920,Caguas,PR,Puerto Rico,Corporate
4645,3750,Caguas,PR,Puerto Rico,Corporate
4646,2336,Caguas,PR,Puerto Rico,Corporate
4647,6424,Caguas,PR,Puerto Rico,Corporate
4648,3670,Caguas,PR,Puerto Rico,Corporate
4649,10892,Caguas,PR,Puerto Rico,Corporate
4650,6230,Caguas,PR,Puerto Rico,Corporate
4651,14855,Caguas,PR,Puerto Rico,Corporate
4652,12031,Caguas,PR,Puerto Rico,Corporate
4653,10156,Caguas,PR,Puerto Rico,Corporate
4654,1744,Caguas,PR,Puerto Rico,Corporate
4655,599,Caguas,PR,Puerto Rico,Corporate
4656,14817,Caguas,PR,Puerto Rico,Corporate
4657,11908,Caguas,PR,Puerto Rico,Corporate
4658,3589,Caguas,PR,Puerto Rico,Corporate
4659,5638,Caguas,PR,Puerto Rico,Corporate
4660,11934,Caguas,PR,Puerto Rico,Corporate
4661,1591,Caguas,PR,Puerto Rico,Corporate
4662,4290,Caguas,PR,Puerto Rico,Corporate
4663,11820,Caguas,PR,Puerto Rico,Corporate
4664,4348,Caguas,PR,Puerto Rico,Corporate
4665,1904,Caguas,PR,Puerto Rico,Corporate
4666,9541,Caguas,PR,Puerto Rico,Corporate
4667,4179,Caguas,PR,Puerto Rico,Corporate
4668,13648,Caguas,PR,Puerto Rico,Corporate
4669,8043,Caguas,PR,Puerto Rico,Corporate
4670,5873,Caguas,PR,Puerto Rico,Corporate
4671,5733,Caguas,PR,Puerto Rico,Corporate
4672,1617,Caguas,PR,Puerto Rico,Corporate
4673,11640,Caguas,PR,Puerto Rico,Corporate
4674,14862,Caguas,PR,Puerto Rico,Corporate
4675,14736,Caguas,PR,Puerto Rico,Corporate
4676,10232,Caguas,PR,Puerto Rico,Corporate
4677,6690,Caguas,PR,Puerto Rico,Corporate
4678,8155,Caguas,PR,Puerto Rico,Corporate
4679,4967,Caguas,PR,Puerto Rico,Corporate
4680,3083,Caguas,PR,Puerto Rico,Corporate
4681,272,Caguas,PR,Puerto Rico,Corporate
4682,11285,Caguas,PR,Puerto Rico,Corporate
4683,4770,Caguas,PR,Puerto Rico,Corporate
4684,7696,Caguas,PR,Puerto Rico,Corporate
4685,9632,Caguas,PR,Puerto Rico,Corporate
4686,1181,Caguas,PR,Puerto Rico,Corporate
4687,4469,Caguas,PR,Puerto Rico,Corporate
4688,5811,Caguas,PR,Puerto Rico,Corporate
4689,7035,Caguas,PR,Puerto Rico,Corporate
4690,1167,Caguas,PR,Puerto Rico,Corporate
4691,6781,Caguas,PR,Puerto Rico,Corporate
4692,10362,Caguas,PR,Puerto Rico,Corporate
4693,2251,Caguas,PR,Puerto Rico,Corporate
4694,2410,Caguas,PR,Puerto Rico,Corporate
4695,12702,Caguas,PR,Puerto Rico,Corporate
4696,15081,Caguas,PR,Puerto Rico,Corporate
4697,15074,Caguas,PR,Puerto Rico,Corporate
4698,14929,Caguas,PR,Puerto Rico,Corporate
4699,15090,Caguas,PR,Puerto Rico,Corporate
4700,9765,Caguas,PR,Puerto Rico,Corporate
4701,8838,Caguas,PR,Puerto Rico,Corporate
4702,7161,Caguas,PR,Puerto Rico,Corporate
4703,2341,Caguas,PR,Puerto Rico,Corporate
4704,6273,Caguas,PR,Puerto Rico,Corporate
4705,9469,Caguas,PR,Puerto Rico,Corporate
4706,10616,Caguas,PR,Puerto Rico,Corporate
4707,4299,Caguas,PR,Puerto Rico,Corporate
4708,6184,Caguas,PR,Puerto Rico,Corporate
4709,6270,Caguas,PR,Puerto Rico,Corporate
4710,3027,Caguas,PR,Puerto Rico,Corporate
4711,911,Caguas,PR,Puerto Rico,Corporate
4712,597,Caguas,PR,Puerto Rico,Corporate
4713,11370,Caguas,PR,Puerto Rico,Corporate
4714,9051,Caguas,PR,Puerto Rico,Corporate
4715,2181,Caguas,PR,Puerto Rico,Corporate
4716,6638,Caguas,PR,Puerto Rico,Corporate
4717,5535,Caguas,PR,Puerto Rico,Corporate
4718,10940,Caguas,PR,Puerto Rico,Corporate
4719,4541,Caguas,PR,Puerto Rico,Corporate
4720,8548,Caguas,PR,Puerto Rico,Corporate
4721,9635,Caguas,PR,Puerto Rico,Corporate
4722,2556,Caguas,PR,Puerto Rico,Corporate
4723,12104,Caguas,PR,Puerto Rico,Corporate
4724,3634,Caguas,PR,Puerto Rico,Corporate
4725,1692,Mayaguez,PR,Puerto Rico,Corporate
4726,1863,Caguas,PR,Puerto Rico,Corporate
4727,3460,Caguas,PR,Puerto Rico,Corporate
4728,7217,Caguas,PR,Puerto Rico,Corporate
4729,9321,Caguas,PR,Puerto Rico,Corporate
4730,6155,Caguas,PR,Puerto Rico,Corporate
4731,679,Caguas,PR,Puerto Rico,Corporate
4732,12011,Caguas,PR,Puerto Rico,Corporate
4733,5526,Caguas,PR,Puerto Rico,Corporate
4734,752,Caguas,PR,Puerto Rico,Corporate
4735,5973,Caguas,PR,Puerto Rico,Corporate
4736,6052,Caguas,PR,Puerto Rico,Corporate
4737,6067,Caguas,PR,Puerto Rico,Corporate
4738,5466,Caguas,PR,Puerto Rico,Corporate
4739,1102,Caguas,PR,Puerto Rico,Corporate
4740,2328,Caguas,PR,Puerto Rico,Corporate
4741,10303,Caguas,PR,Puerto Rico,Corporate
4742,5759,Caguas,PR,Puerto Rico,Corporate
4743,10885,Caguas,PR,Puerto Rico,Corporate
4744,9111,Caguas,PR,Puerto Rico,Corporate
4745,11183,San Juan,PR,Puerto Rico,Corporate
4746,6787,Caguas,PR,Puerto Rico,Corporate
4747,2025,Caguas,PR,Puerto Rico,Corporate
4748,5560,Caguas,PR,Puerto Rico,Corporate
4749,2668,Caguas,PR,Puerto Rico,Corporate
4750,9741,Caguas,PR,Puerto Rico,Corporate
4751,11416,Caguas,PR,Puerto Rico,Corporate
4752,8580,Caguas,PR,Puerto Rico,Corporate
4753,11158,Caguas,PR,Puerto Rico,Corporate
4754,11970,Caguas,PR,Puerto Rico,Corporate
4755,9605,Bayamon,PR,Puerto Rico,Corporate
4756,8586,Caguas,PR,Puerto Rico,Corporate
4757,2578,Caguas,PR,Puerto Rico,Corporate
4758,6564,Caguas,PR,Puerto Rico,Corporate
4759,1941,Caguas,PR,Puerto Rico,Corporate
4760,2408,Caguas,PR,Puerto Rico,Corporate
4761,11050,Caguas,PR,Puerto Rico,Corporate
4762,3596,Caguas,PR,Puerto Rico,Corporate
4763,4026,Caguas,PR,Puerto Rico,Corporate
4764,6048,Caguas,PR,Puerto Rico,Corporate
4765,9903,Caguas,PR,Puerto Rico,Corporate
4766,4084,Caguas,PR,Puerto Rico,Corporate
4767,8163,Caguas,PR,Puerto Rico,Corporate
4768,5940,Caguas,PR,Puerto Rico,Corporate
4769,18109,Caguas,PR,Puerto Rico,Corporate
4770,18106,Caguas,PR,Puerto Rico,Corporate
4771,18267,Caguas,PR,Puerto Rico,Corporate
4772,16531,Caguas,PR,Puerto Rico,Corporate
4773,19128,Caguas,PR,Puerto Rico,Corporate
4774,15809,Caguas,PR,Puerto Rico,Corporate
4775,18799,Caguas,PR,Puerto Rico,Corporate
4776,8183,Caguas,PR,Puerto Rico,Corporate
4777,6602,Caguas,PR,Puerto Rico,Corporate
4778,4008,Caguas,PR,Puerto Rico,Corporate
4779,3263,Caguas,PR,Puerto Rico,Corporate
4780,1435,Caguas,PR,Puerto Rico,Corporate
4781,6302,Caguas,PR,Puerto Rico,Corporate
4782,3346,Arecibo,PR,Puerto Rico,Corporate
4783,20446,Caguas,PR,Puerto Rico,Corporate
4784,3883,Caguas,PR,Puerto Rico,Corporate
4785,4987,Caguas,PR,Puerto Rico,Corporate
4786,4342,Caguas,PR,Puerto Rico,Corporate
4787,8796,Caguas,PR,Puerto Rico,Corporate
4788,9366,Caguas,PR,Puerto Rico,Corporate
4789,18316,Caguas,PR,Puerto Rico,Corporate
4790,10104,Caguas,PR,Puerto Rico,Corporate
4791,17939,Caguas,PR,Puerto Rico,Corporate
4792,3994,Caguas,PR,Puerto Rico,Corporate
4793,12379,Caguas,PR,Puerto Rico,Corporate
4794,17393,Caguas,PR,Puerto Rico,Corporate
4795,3325,Caguas,PR,Puerto Rico,Corporate
4796,4585,Caguas,PR,Puerto Rico,Corporate
4797,10541,Caguas,PR,Puerto Rico,Corporate
4798,8460,Aguadilla,PR,Puerto Rico,Corporate
4799,18346,Caguas,PR,Puerto Rico,Corporate
4800,740,Caguas,PR,Puerto Rico,Corporate
4801,8354,Caguas,PR,Puerto Rico,Corporate
4802,3020,Caguas,PR,Puerto Rico,Corporate
4803,7658,Caguas,PR,Puerto Rico,Corporate
4804,16063,Caguas,PR,Puerto Rico,Corporate
4805,20703,Caguas,PR,Puerto Rico,Corporate
4806,18019,Caguas,PR,Puerto Rico,Corporate
4807,7669,Caguas,PR,Puerto Rico,Corporate
4808,3771,Caguas,PR,Puerto Rico,Corporate
4809,17725,Caguas,PR,Puerto Rico,Corporate
4810,10576,Caguas,PR,Puerto Rico,Corporate
4811,11542,Caguas,PR,Puerto Rico,Corporate
4812,16006,Caguas,PR,Puerto Rico,Corporate
4813,12134,Caguas,PR,Puerto Rico,Corporate
4814,10766,Caguas,PR,Puerto Rico,Corporate
4815,2072,Caguas,PR,Puerto Rico,Corporate
4816,2799,Caguas,PR,Puerto Rico,Corporate
4817,5414,Caguas,PR,Puerto Rico,Corporate
4818,12173,Caguas,PR,Puerto Rico,Corporate
4819,7039,Caguas,PR,Puerto Rico,Corporate
4820,7883,Caguas,PR,Puerto Rico,Corporate
4821,15394,Caguas,PR,Puerto Rico,Corporate
4822,15300,Caguas,PR,Puerto Rico,Corporate
4823,15624,Caguas,PR,Puerto Rico,Corporate
4824,1742,Caguas,PR,Puerto Rico,Corporate
4825,10951,Caguas,PR,Puerto Rico,Corporate
4826,5040,Caguas,PR,Puerto Rico,Corporate
4827,4382,Caguas,PR,Puerto Rico,Corporate
4828,10873,Caguas,PR,Puerto Rico,Corporate
4829,11612,Caguas,PR,Puerto Rico,Corporate
4830,7250,Caguas,PR,Puerto Rico,Corporate
4831,9110,Mount Pleasant,MI,EE. UU.,Corporate
4832,8655,San Bernardino,CA,EE. UU.,Corporate
4833,8150,Los Angeles,CA,EE. UU.,Corporate
4834,8088,San Marcos,TX,EE. UU.,Corporate
4835,12168,Bronx,NY,EE. UU.,Corporate
4836,3086,Tampa,FL,EE. UU.,Corporate
4837,8156,Los Angeles,CA,EE. UU.,Corporate
4838,608,Fairfield,OH,EE. UU.,Corporate
4839,563,Los Angeles,CA,EE. UU.,Corporate
4840,7320,Salina,KS,EE. UU.,Corporate
4841,1835,Buffalo,NY,EE. UU.,Corporate
4842,1864,Chicago,IL,EE. UU.,Corporate
4843,4689,Baltimore,MD,EE. UU.,Corporate
4844,2026,Colorado Springs,CO,EE. UU.,Corporate
4845,10615,Escondido,CA,EE. UU.,Corporate
4846,10833,Dundalk,MD,EE. UU.,Corporate
4847,5043,Bronx,NY,EE. UU.,Corporate
4848,4083,Wyandotte,MI,EE. UU.,Corporate
4849,7338,Santee,CA,EE. UU.,Corporate
4850,5311,Brighton,MA,EE. UU.,Corporate
4851,10392,Gardena,CA,EE. UU.,Corporate
4852,10151,Oxnard,CA,EE. UU.,Corporate
4853,917,Palatine,IL,EE. UU.,Corporate
4854,1761,Bend,OR,EE. UU.,Corporate
4855,2559,Orlando,FL,EE. UU.,Corporate
4856,8890,York,PA,EE. UU.,Corporate
4857,4684,San Ramon,CA,EE. UU.,Corporate
4858,10804,Ridgewood,NY,EE. UU.,Corporate
4859,8963,Los Angeles,CA,EE. UU.,Corporate
4860,2885,New York,NY,EE. UU.,Corporate
4861,787,Piscataway,NJ,EE. UU.,Corporate
4862,4604,Brooklyn,NY,EE. UU.,Corporate
4863,935,New York,NY,EE. UU.,Corporate
4864,7559,Chandler,AZ,EE. UU.,Corporate
4865,10470,Greensboro,NC,EE. UU.,Corporate
4866,4383,Taylor,MI,EE. UU.,Corporate
4867,9658,Houston,TX,EE. UU.,Corporate
4868,9261,Fond Du Lac,WI,EE. UU.,Corporate
4869,4823,Compton,CA,EE. UU.,Corporate
4870,4403,Bismarck,ND,EE. UU.,Corporate
4871,7015,Rosemead,CA,EE. UU.,Corporate
4872,8940,Greensboro,NC,EE. UU.,Corporate
4873,3243,Hamilton,OH,EE. UU.,Corporate
4874,3986,Ewa Beach,HI,EE. UU.,Corporate
4875,11611,Metairie,LA,EE. UU.,Corporate
4876,7249,Apex,NC,EE. UU.,Corporate
4877,3487,Findlay,OH,EE. UU.,Corporate
4878,3362,Denver,CO,EE. UU.,Corporate
4879,3505,Chicago,IL,EE. UU.,Corporate
4880,10265,Wyoming,MI,EE. UU.,Corporate
4881,7879,Aurora,CO,EE. UU.,Corporate
4882,948,Lawrence,MA,EE. UU.,Corporate
4883,3737,Chapel Hill,NC,EE. UU.,Corporate
4884,9434,Merced,CA,EE. UU.,Corporate
4885,9582,Cleveland,OH,EE. UU.,Corporate
4886,7476,Austin,TX,EE. UU.,Corporate
4887,9838,La Mirada,CA,EE. UU.,Corporate
4888,1711,Salem,OR,EE. UU.,Corporate
4889,589,Oxnard,CA,EE. UU.,Corporate
4890,10290,Watsonville,CA,EE. UU.,Corporate
4891,3406,El Paso,TX,EE. UU.,Corporate
4892,9040,Bowling Green,KY,EE. UU.,Corporate
4893,2667,Sun Valley,CA,EE. UU.,Corporate
4894,5741,Los Angeles,CA,EE. UU.,Corporate
4895,11092,Rochester,NY,EE. UU.,Corporate
4896,264,Goleta,CA,EE. UU.,Corporate
4897,990,Merced,CA,EE. UU.,Corporate
4898,6593,Miami,FL,EE. UU.,Corporate
4899,10318,Columbus,OH,EE. UU.,Corporate
4900,6093,Santa Ana,CA,EE. UU.,Corporate
4901,2154,Laredo,TX,EE. UU.,Corporate
4902,6868,Detroit,MI,EE. UU.,Corporate
4903,4810,El Paso,TX,EE. UU.,Corporate
4904,5213,South Gate,CA,EE. UU.,Corporate
4905,8611,Wichita,KS,EE. UU.,Corporate
4906,4637,Folsom,CA,EE. UU.,Corporate
4907,5198,Warren,MI,EE. UU.,Corporate
4908,8090,Clarksville,TN,EE. UU.,Corporate
4909,4610,North Tonawanda,NY,EE. UU.,Corporate
4910,8687,Brooklyn,NY,EE. UU.,Corporate
4911,8162,Fort Worth,TX,EE. UU.,Corporate
4912,10258,Cleveland,OH,EE. UU.,Corporate
4913,11389,Saint Louis,MO,EE. UU.,Corporate
4914,10460,New Braunfels,TX,EE. UU.,Corporate
4915,9513,Denver,CO,EE. UU.,Corporate
4916,7770,South Gate,CA,EE. UU.,Corporate
4917,5465,Alameda,CA,EE. UU.,Corporate
4918,7509,Brooklyn,NY,EE. UU.,Corporate
4919,4156,Fairfield,CA,EE. UU.,Corporate
4920,3489,Austin,TX,EE. UU.,Corporate
4921,6454,Albuquerque,NM,EE. UU.,Corporate
4922,8538,Laredo,TX,EE. UU.,Corporate
4923,5558,Kaneohe,HI,EE. UU.,Corporate
4924,779,New Haven,CT,EE. UU.,Corporate
4925,1590,Katy,TX,EE. UU.,Corporate
4926,7647,Muskegon,MI,EE. UU.,Corporate
4927,6779,Pacoima,CA,EE. UU.,Corporate
4928,8362,Hampton,VA,EE. UU.,Corporate
4929,7212,Fort Worth,TX,EE. UU.,Corporate
4930,1721,Ventura,CA,EE. UU.,Corporate
4931,1000,Freeport,NY,EE. UU.,Corporate
4932,97,Phoenix,AZ,EE. UU.,Corporate
4933,4636,Yonkers,NY,EE. UU.,Corporate
4934,3001,Compton,CA,EE. UU.,Corporate
4935,2317,Santa Cruz,CA,EE. UU.,Corporate
4936,2539,Brooklyn,NY,EE. UU.,Corporate
4937,1730,Lake Forest,CA,EE. UU.,Corporate
4938,5133,Jacksonville,NC,EE. UU.,Corporate
4939,9206,Pomona,CA,EE. UU.,Corporate
4940,6623,Aurora,CO,EE. UU.,Corporate
4941,6439,Lancaster,SC,EE. UU.,Corporate
4942,11000,Elmhurst,NY,EE. UU.,Corporate
4943,4258,San Diego,CA,EE. UU.,Corporate
4944,12351,Bowling Green,KY,EE. UU.,Corporate
4945,7645,Laredo,TX,EE. UU.,Corporate
4946,7069,Santa Clara,CA,EE. UU.,Corporate
4947,8322,Vista,CA,EE. UU.,Corporate
4948,7528,Brooklyn,NY,EE. UU.,Corporate
4949,3276,Lancaster,PA,EE. UU.,Corporate
4950,2391,Westland,MI,EE. UU.,Corporate
4951,7211,Littleton,CO,EE. UU.,Corporate
4952,6601,Fort Lauderdale,FL,EE. UU.,Corporate
4953,2145,Tempe,AZ,EE. UU.,Corporate
4954,2666,Los Angeles,CA,EE. UU.,Corporate
4955,11747,Las Vegas,NV,EE. UU.,Corporate
4956,12313,Chandler,AZ,EE. UU.,Corporate
4957,3514,Danbury,CT,EE. UU.,Corporate
4958,8830,Bensalem,PA,EE. UU.,Corporate
4959,1441,Houston,TX,EE. UU.,Corporate
4960,3896,Orlando,FL,EE. UU.,Corporate
4961,5997,Lynn,MA,EE. UU.,Corporate
4962,1869,Summerville,SC,EE. UU.,Corporate
4963,8667,Alameda,CA,EE. UU.,Corporate
4964,4224,Brooklyn,NY,EE. UU.,Corporate
4965,9688,Tucson,AZ,EE. UU.,Corporate
4966,9994,Encinitas,CA,EE. UU.,Corporate
4967,7305,Brooklyn,NY,EE. UU.,Corporate
4968,5814,Washington,DC,EE. UU.,Corporate
4969,5639,Tampa,FL,EE. UU.,Corporate
4970,11871,Clarksville,TN,EE. UU.,Corporate
4971,1140,Highland,CA,EE. UU.,Corporate
4972,7630,Opelousas,LA,EE. UU.,Corporate
4973,8366,Las Vegas,NV,EE. UU.,Corporate
4974,2084,Compton,CA,EE. UU.,Corporate
4975,2526,Seattle,WA,EE. UU.,Corporate
4976,3008,Salina,KS,EE. UU.,Corporate
4977,943,Tucson,AZ,EE. UU.,Corporate
4978,5563,West Chester,PA,EE. UU.,Corporate
4979,9898,Pasadena,MD,EE. UU.,Corporate
4980,5259,Houston,TX,EE. UU.,Corporate
4981,10579,Fontana,CA,EE. UU.,Corporate
4982,5223,Rowland Heights,CA,EE. UU.,Corporate
4983,7140,San Jose,CA,EE. UU.,Corporate
4984,4870,Decatur,GA,EE. UU.,Corporate
4985,8959,Dearborn,MI,EE. UU.,Corporate
4986,1225,Scottsdale,AZ,EE. UU.,Corporate
4987,2769,Honolulu,HI,EE. UU.,Corporate
4988,2699,Fairfield,OH,EE. UU.,Corporate
4989,10361,Corona,CA,EE. UU.,Corporate
4990,8336,Hesperia,CA,EE. UU.,Corporate
4991,2163,Irving,TX,EE. UU.,Corporate
4992,476,Eugene,OR,EE. UU.,Corporate
4993,1119,North Richland Hills,TX,EE. UU.,Corporate
4994,3552,La Mesa,CA,EE. UU.,Corporate
4995,4010,Honolulu,HI,EE. UU.,Corporate
4996,1274,Virginia Beach,VA,EE. UU.,Corporate
4997,9912,Houston,TX,EE. UU.,Corporate
4998,3308,Annandale,VA,EE. UU.,Corporate
4999,11387,San Antonio,TX,EE. UU.,Corporate
5000,12311,Los Angeles,CA,EE. UU.,Corporate
5001,11342,Salem,OR,EE. UU.,Corporate
5002,2335,Riverside,CA,EE. UU.,Corporate
5003,11501,Buena Park,CA,EE. UU.,Corporate
5004,3411,Salina,KS,EE. UU.,Corporate
5005,10623,Mililani,HI,EE. UU.,Corporate
5006,2246,Ontario,CA,EE. UU.,Corporate
5007,6241,Arlington Heights,IL,EE. UU.,Corporate
5008,8620,Philadelphia,PA,EE. UU.,Corporate
5009,154,Brandon,FL,EE. UU.,Corporate
5010,7768,Winnetka,CA,EE. UU.,Corporate
5011,2468,Enfield,CT,EE. UU.,Corporate
5012,10407,West Chester,PA,EE. UU.,Corporate
5013,10854,Diamond Bar,CA,EE. UU.,Corporate
5014,5960,Round Rock,TX,EE. UU.,Corporate
5015,9537,East Lansing,MI,EE. UU.,Corporate
5016,5221,Ballwin,MO,EE. UU.,Corporate
5017,4678,La Mirada,CA,EE. UU.,Corporate
5018,10252,Honolulu,HI,EE. UU.,Corporate
5019,575,Rancho Cucamonga,CA,EE. UU.,Corporate
5020,2622,Fayetteville,NC,EE. UU.,Corporate
5021,3477,Wheeling,WV,EE. UU.,Corporate
5022,517,Brooklyn,NY,EE. UU.,Corporate
5023,2936,Visalia,CA,EE. UU.,Corporate
5024,4747,Chicago,IL,EE. UU.,Corporate
5025,3426,Fort Lauderdale,FL,EE. UU.,Corporate
5026,5716,Longview,WA,EE. UU.,Corporate
5027,6655,Pekin,IL,EE. UU.,Corporate
5028,2767,Webster,NY,EE. UU.,Corporate
5029,6051,Ewa Beach,HI,EE. UU.,Corporate
5030,8501,Bloomfield,NJ,EE. UU.,Corporate
5031,7984,Chillicothe,OH,EE. UU.,Corporate
5032,7966,Elgin,IL,EE. UU.,Corporate
5033,1310,Indianapolis,IN,EE. UU.,Corporate
5034,2075,Lansdale,PA,EE. UU.,Corporate
5035,4818,Gardena,CA,EE. UU.,Corporate
5036,2910,Mount Prospect,IL,EE. UU.,Corporate
5037,1696,Los Angeles,CA,EE. UU.,Corporate
5038,2478,Las Vegas,NV,EE. UU.,Corporate
5039,286,Santa Cruz,CA,EE. UU.,Corporate
5040,12048,Hamtramck,MI,EE. UU.,Corporate
5041,3668,Salem,OR,EE. UU.,Corporate
5042,8371,San Jose,CA,EE. UU.,Corporate
5043,1709,Westland,MI,EE. UU.,Corporate
5044,3190,Sandusky,OH,EE. UU.,Corporate
5045,8557,Lansdale,PA,EE. UU.,Corporate
5046,7185,Wichita,KS,EE. UU.,Corporate
5047,1189,Detroit,MI,EE. UU.,Corporate
5048,9208,Hempstead,NY,EE. UU.,Corporate
5049,3690,Virginia Beach,VA,EE. UU.,Corporate
5050,10650,Redmond,WA,EE. UU.,Corporate
5051,10010,Phoenix,AZ,EE. UU.,Corporate
5052,8768,Hamtramck,MI,EE. UU.,Corporate
5053,3422,Atlanta,GA,EE. UU.,Corporate
5054,7503,Union City,CA,EE. UU.,Corporate
5055,7842,Murfreesboro,TN,EE. UU.,Corporate
5056,11910,Woodbridge,VA,EE. UU.,Corporate
5057,2892,San Antonio,TX,EE. UU.,Corporate
5058,10746,Winter Park,FL,EE. UU.,Corporate
5059,436,Tampa,FL,EE. UU.,Corporate
5060,1028,Austin,TX,EE. UU.,Corporate
5061,3955,Yonkers,NY,EE. UU.,Corporate
5062,907,North Las Vegas,NV,EE. UU.,Corporate
5063,8175,Santa Maria,CA,EE. UU.,Corporate
5064,7498,Milpitas,CA,EE. UU.,Corporate
5065,5095,Doylestown,PA,EE. UU.,Corporate
5066,9496,Parkville,MD,EE. UU.,Corporate
5067,7672,Chicago,IL,EE. UU.,Corporate
5068,3566,Chicago,IL,EE. UU.,Corporate
5069,10512,Brooklyn,NY,EE. UU.,Corporate
5070,10555,Van Nuys,CA,EE. UU.,Corporate
5071,2561,Jersey City,NJ,EE. UU.,Corporate
5072,7316,Baytown,TX,EE. UU.,Corporate
5073,4170,Amarillo,TX,EE. UU.,Corporate
5074,6215,Painesville,OH,EE. UU.,Corporate
5075,8030,Virginia Beach,VA,EE. UU.,Corporate
5076,4772,Rochester,NY,EE. UU.,Corporate
5077,7541,Pompano Beach,FL,EE. UU.,Corporate
5078,6342,El Paso,TX,EE. UU.,Corporate
5079,1974,Wheaton,IL,EE. UU.,Corporate
5080,5327,Raleigh,NC,EE. UU.,Corporate
5081,11904,Washington,DC,EE. UU.,Corporate
5082,6229,Richmond,IN,EE. UU.,Corporate
5083,5488,Ontario,CA,EE. UU.,Corporate
5084,11190,Toms River,NJ,EE. UU.,Corporate
5085,8152,Colton,CA,EE. UU.,Corporate
5086,7303,Madison,WI,EE. UU.,Corporate
5087,4868,Austin,TX,EE. UU.,Corporate
5088,5863,Cordova,TN,EE. UU.,Corporate
5089,7162,Brooklyn,NY,EE. UU.,Corporate
5090,1196,Bronx,NY,EE. UU.,Corporate
5091,6027,Hollister,CA,EE. UU.,Corporate
5092,9936,Anaheim,CA,EE. UU.,Corporate
5093,10437,San Francisco,CA,EE. UU.,Corporate
5094,7814,Dallas,TX,EE. UU.,Corporate
5095,1640,Bell Gardens,CA,EE. UU.,Corporate
5096,1258,Houston,TX,EE. UU.,Corporate
5097,932,Middletown,OH,EE. UU.,Corporate
5098,462,Newark,NJ,EE. UU.,Corporate
5099,8975,Fort Worth,TX,EE. UU.,Corporate
5100,2232,Louisville,KY,EE. UU.,Corporate
5101,713,Moreno Valley,CA,EE. UU.,Corporate
5102,9235,Buffalo,NY,EE. UU.,Corporate
5103,8610,Federal Way,WA,EE. UU.,Corporate
5104,5637,New Orleans,LA,EE. UU.,Corporate
5105,10687,Hialeah,FL,EE. UU.,Corporate
5106,1127,Chicago,IL,EE. UU.,Corporate
5107,6081,Chicago,IL,EE. UU.,Corporate
5108,7605,San Marcos,TX,EE. UU.,Corporate
5109,6729,Bridgeton,NJ,EE. UU.,Corporate
5110,1038,Highland,CA,EE. UU.,Corporate
5111,7738,Pharr,TX,EE. UU.,Corporate
5112,9946,Simi Valley,CA,EE. UU.,Corporate
5113,2057,Bountiful,UT,EE. UU.,Corporate
5114,6375,Levittown,NY,EE. UU.,Corporate
5115,11028,Tampa,FL,EE. UU.,Corporate
5116,4250,Dallas,TX,EE. UU.,Corporate
5117,8961,Huntington Beach,CA,EE. UU.,Corporate
5118,6968,Elyria,OH,EE. UU.,Corporate
5119,1845,York,PA,EE. UU.,Corporate
5120,5812,New York,NY,EE. UU.,Corporate
5121,1142,Columbia,SC,EE. UU.,Corporate
5122,9256,New Orleans,LA,EE. UU.,Corporate
5123,8839,Campbell,CA,EE. UU.,Corporate
5124,5528,Fresno,CA,EE. UU.,Corporate
5125,1101,Rowland Heights,CA,EE. UU.,Corporate
5126,8767,Pasadena,MD,EE. UU.,Corporate
5127,2420,Weslaco,TX,EE. UU.,Corporate
5128,8757,Aurora,CO,EE. UU.,Corporate
5129,7729,Las Vegas,NV,EE. UU.,Corporate
5130,4698,College Station,TX,EE. UU.,Corporate
5131,8688,Eagle Pass,TX,EE. UU.,Corporate
5132,786,Chicago,IL,EE. UU.,Corporate
5133,11087,Wichita,KS,EE. UU.,Corporate
5134,10472,Bakersfield,CA,EE. UU.,Corporate
5135,5211,New Brunswick,NJ,EE. UU.,Corporate
5136,7474,Memphis,TN,EE. UU.,Corporate
5137,9757,Santa Maria,CA,EE. UU.,Corporate
5138,10061,South San Francisco,CA,EE. UU.,Corporate
5139,10715,Philadelphia,PA,EE. UU.,Corporate
5140,7214,Memphis,TN,EE. UU.,Corporate
5141,8369,Garden Grove,CA,EE. UU.,Corporate
5142,624,Oceanside,CA,EE. UU.,Corporate
5143,5619,Potomac,MD,EE. UU.,Corporate
5144,8527,Orlando,FL,EE. UU.,Corporate
5145,3908,Lakewood,NJ,EE. UU.,Corporate
5146,10363,Riverside,CA,EE. UU.,Corporate
5147,10095,New York,NY,EE. UU.,Corporate
5148,6221,San Jose,CA,EE. UU.,Corporate
5149,10661,Fremont,CA,EE. UU.,Corporate
5150,985,Richmond,IN,EE. UU.,Consumer
5151,10350,Freeport,NY,EE. UU.,Consumer
5152,10261,Jamaica,NY,EE. UU.,Consumer
5153,8231,Marietta,GA,EE. UU.,Consumer
5154,7359,Jackson,MI,EE. UU.,Consumer
5155,1997,Hanford,CA,EE. UU.,Consumer
5156,3330,Hagerstown,MD,EE. UU.,Consumer
5157,1422,Compton,CA,EE. UU.,Consumer
5158,5972,Pomona,CA,EE. UU.,Consumer
5159,3595,Catonsville,MD,EE. UU.,Consumer
5160,3177,Irvington,NJ,EE. UU.,Consumer
5161,2,Littleton,CO,EE. UU.,Consumer
5162,6337,Madison,WI,EE. UU.,Consumer
5163,2330,Corona,CA,EE. UU.,Consumer
5164,6467,Tucson,AZ,EE. UU.,Consumer
5165,4672,Detroit,MI,EE. UU.,Consumer
5166,5756,Charlotte,NC,EE. UU.,Consumer
5167,5725,Brooklyn,NY,EE. UU.,Consumer
5168,5778,Eagle Pass,TX,EE. UU.,Consumer
5169,9271,Fort Worth,TX,EE. UU.,Consumer
5170,1503,Las Vegas,NV,EE. UU.,Consumer
5171,8016,Carson,CA,EE. UU.,Consumer
5172,7470,Orlando,FL,EE. UU.,Consumer
5173,1,Brownsville,TX,EE. UU.,Consumer
5174,8147,Muskegon,MI,EE. UU.,Consumer
5175,10839,Detroit,MI,EE. UU.,Consumer
5176,2837,Roswell,GA,EE. UU.,Consumer
5177,11262,Long Beach,CA,EE. UU.,Consumer
5178,3328,Chicago,IL,EE. UU.,Consumer
5179,11471,Round Rock,TX,EE. UU.,Consumer
5180,8790,Toms River,NJ,EE. UU.,Consumer
5181,12290,Enfield,CT,EE. UU.,Consumer
5182,8979,Albuquerque,NM,EE. UU.,Consumer
5183,11381,Bronx,NY,EE. UU.,Consumer
5184,6536,San Francisco,CA,EE. UU.,Consumer
5185,851,El Centro,CA,EE. UU.,Consumer
5186,4097,Aurora,CO,EE. UU.,Consumer
5187,578,Kaneohe,HI,EE. UU.,Consumer
5188,4754,Freeport,NY,EE. UU.,Consumer
5189,2444,Moline,IL,EE. UU.,Consumer
5190,4190,Woonsocket,RI,EE. UU.,Consumer
5191,3168,Chicago,IL,EE. UU.,Consumer
5192,12180,Zanesville,OH,EE. UU.,Consumer
5193,10889,Houston,TX,EE. UU.,Consumer
5194,458,San Francisco,CA,EE. UU.,Consumer
5195,11788,Florissant,MO,EE. UU.,Consumer
5196,5616,Oxnard,CA,EE. UU.,Consumer
5197,6296,Bakersfield,CA,EE. UU.,Consumer
5198,8352,San Diego,CA,EE. UU.,Consumer
5199,6637,Saint Paul,MN,EE. UU.,Consumer
5200,4492,Lawrence,MA,EE. UU.,Consumer
5201,6879,Sanford,NC,EE. UU.,Consumer
5202,5567,New York,NY,EE. UU.,Consumer
5203,9317,Brooklyn,NY,EE. UU.,Consumer
5204,7362,Lakewood,OH,EE. UU.,Consumer
5205,2443,Stone Mountain,GA,EE. UU.,Consumer
5206,421,San Ramon,CA,EE. UU.,Consumer
5207,8107,Denver,CO,EE. UU.,Consumer
5208,12318,Saint Paul,MN,EE. UU.,Consumer
5209,4481,Doylestown,PA,EE. UU.,Consumer
5210,3692,Los Angeles,CA,EE. UU.,Consumer
5211,2951,El Monte,CA,EE. UU.,Consumer
5212,1813,Katy,TX,EE. UU.,Consumer
5213,12414,Chicago,IL,EE. UU.,Consumer
5214,4,San Marcos,CA,EE. UU.,Consumer
5215,7030,Alpharetta,GA,EE. UU.,Consumer
5216,10641,Irving,TX,EE. UU.,Consumer
5217,4498,Los Angeles,CA,EE. UU.,Consumer
5218,7780,Richardson,TX,EE. UU.,Consumer
5219,435,Chicago,IL,EE. UU.,Consumer
5220,5780,Bronx,NY,EE. UU.,Consumer
5221,5245,Elyria,OH,EE. UU.,Consumer
5222,9924,Daly City,CA,EE. UU.,Consumer
5223,9591,Sunnyvale,CA,EE. UU.,Consumer
5224,5661,Indio,CA,EE. UU.,Consumer
5225,7499,Seattle,WA,EE. UU.,Consumer
5226,11998,Montebello,CA,EE. UU.,Consumer
5227,9771,Virginia Beach,VA,EE. UU.,Consumer
5228,938,Madison,WI,EE. UU.,Consumer
5229,4599,Newark,NJ,EE. UU.,Consumer
5230,9775,Chicago,IL,EE. UU.,Consumer
5231,641,Plainfield,NJ,EE. UU.,Consumer
5232,7785,Fort Washington,MD,EE. UU.,Consumer
5233,4496,Newark,NJ,EE. UU.,Consumer
5234,9104,Apex,NC,EE. UU.,Consumer
5235,6193,Quincy,MA,EE. UU.,Consumer
5236,10874,San Diego,CA,EE. UU.,Consumer
5237,3811,Lancaster,CA,EE. UU.,Consumer
5238,9018,Dallas,TX,EE. UU.,Consumer
5239,3550,Philadelphia,PA,EE. UU.,Consumer
5240,1707,Kaneohe,HI,EE. UU.,Consumer
5241,12335,Knoxville,TN,EE. UU.,Consumer
5242,4815,Los Angeles,CA,EE. UU.,Consumer
5243,10799,Brockton,MA,EE. UU.,Consumer
5244,7355,San Diego,CA,EE. UU.,Consumer
5245,10921,Wyoming,MI,EE. UU.,Consumer
5246,3569,West Jordan,UT,EE. UU.,Consumer
5247,4945,Brownsville,TX,EE. UU.,Consumer
5248,11523,Tampa,FL,EE. UU.,Consumer
5249,9108,Methuen,MA,EE. UU.,Consumer
5250,1480,Chicago,IL,EE. UU.,Consumer
5251,6465,Massapequa,NY,EE. UU.,Consumer
5252,10263,Germantown,MD,EE. UU.,Consumer
5253,953,Philadelphia,PA,EE. UU.,Consumer
5254,8472,Findlay,OH,EE. UU.,Consumer
5255,11122,Troy,MI,EE. UU.,Consumer
5256,6986,North Hollywood,CA,EE. UU.,Consumer
5257,11059,Brooklyn,NY,EE. UU.,Consumer
5258,2316,West Orange,NJ,EE. UU.,Consumer
5259,2003,Lancaster,PA,EE. UU.,Consumer
5260,5135,Tempe,AZ,EE. UU.,Consumer
5261,5127,Tempe,AZ,EE. UU.,Consumer
5262,7756,Daly City,CA,EE. UU.,Consumer
5263,79,Knoxville,TN,EE. UU.,Consumer
5264,4783,South Richmond Hill,NY,EE. UU.,Consumer
5265,8793,Bellingham,WA,EE. UU.,Consumer
5266,4643,South San Francisco,CA,EE. UU.,Consumer
5267,1035,Milford,CT,EE. UU.,Consumer
5268,2619,Warren,MI,EE. UU.,Consumer
5269,883,Santa Clara,CA,EE. UU.,Consumer
5270,1076,Fort Worth,TX,EE. UU.,Consumer
5271,9195,Fresno,CA,EE. UU.,Consumer
5272,8198,New Orleans,LA,EE. UU.,Consumer
5273,7411,Fresno,CA,EE. UU.,Consumer
5274,818,San Diego,CA,EE. UU.,Consumer
5275,6079,Plymouth,MA,EE. UU.,Consumer
5276,11727,Staten Island,NY,EE. UU.,Consumer
5277,9614,Rosemead,CA,EE. UU.,Consumer
5278,10111,Westerville,OH,EE. UU.,Consumer
5279,9281,Los Angeles,CA,EE. UU.,Consumer
5280,7248,Houston,TX,EE. UU.,Consumer
5281,1927,Los Angeles,CA,EE. UU.,Consumer
5282,5146,Santa Ana,CA,EE. UU.,Consumer
5283,7434,Cordova,TN,EE. UU.,Consumer
5284,7354,Flushing,NY,EE. UU.,Consumer
5285,4494,Orange Park,FL,EE. UU.,Consumer
5286,10762,Antioch,TN,EE. UU.,Consumer
5287,504,Orange Park,FL,EE. UU.,Consumer
5288,8788,Chicago,IL,EE. UU.,Consumer
5289,10142,Cerritos,CA,EE. UU.,Consumer
5290,3909,Mount Prospect,IL,EE. UU.,Consumer
5291,5914,Chicago,IL,EE. UU.,Consumer
5292,10452,Gilroy,CA,EE. UU.,Consumer
5293,6308,Huntington Beach,CA,EE. UU.,Consumer
5294,8324,South Gate,CA,EE. UU.,Consumer
5295,2963,Los Angeles,CA,EE. UU.,Consumer
5296,7511,Miami,FL,EE. UU.,Consumer
5297,8918,Bakersfield,CA,EE. UU.,Consumer
5298,8376,Silver Spring,MD,EE. UU.,Consumer
5299,3376,Tonawanda,NY,EE. UU.,Consumer
5300,10459,El Paso,TX,EE. UU.,Consumer
5301,8725,New York,NY,EE. UU.,Consumer
5302,746,Santa Ana,CA,EE. UU.,Consumer
5303,12063,Fort Worth,TX,EE. UU.,Consumer
5304,3721,Mount Pleasant,MI,EE. UU.,Consumer
5305,6323,Brighton,MA,EE. UU.,Consumer
5306,1540,Pittsfield,MA,EE. UU.,Consumer
5307,11936,Laguna Niguel,CA,EE. UU.,Consumer
5308,8808,Glen Burnie,MD,EE. UU.,Consumer
5309,6164,Los Angeles,CA,EE. UU.,Consumer
5310,3100,Huntington Park,CA,EE. UU.,Consumer
5311,8972,Bismarck,ND,EE. UU.,Consumer
5312,10769,Los Angeles,CA,EE. UU.,Consumer
5313,9968,Saint Louis,MO,EE. UU.,Consumer
5314,10114,Los Angeles,CA,EE. UU.,Consumer
5315,2424,Jacksonville,FL,EE. UU.,Consumer
5316,10005,Clearfield,UT,EE. UU.,Consumer
5317,5194,Chandler,AZ,EE. UU.,Consumer
5318,7228,Wayne,NJ,EE. UU.,Consumer
5319,7414,Laredo,TX,EE. UU.,Consumer
5320,4941,Chicago,IL,EE. UU.,Consumer
5321,1930,Saint Paul,MN,EE. UU.,Consumer
5322,1278,San Antonio,TX,EE. UU.,Consumer
5323,4336,Azusa,CA,EE. UU.,Consumer
5324,1474,Milpitas,CA,EE. UU.,Consumer
5325,3679,New York,NY,EE. UU.,Consumer
5326,2685,La Crosse,WI,EE. UU.,Consumer
5327,973,Cleveland,OH,EE. UU.,Consumer
5328,4602,East Lansing,MI,EE. UU.,Consumer
5329,3772,Brooklyn,NY,EE. UU.,Consumer
5330,840,Sylmar,CA,EE. UU.,Consumer
5331,2276,Bowling Green,KY,EE. UU.,Consumer
5332,2210,Saint Charles,MO,EE. UU.,Consumer
5333,8664,El Cajon,CA,EE. UU.,Consumer
5334,12040,Harlingen,TX,EE. UU.,Consumer
5335,3855,New York,NY,EE. UU.,Consumer
5336,2651,Salem,OR,EE. UU.,Consumer
5337,9569,Napa,CA,EE. UU.,Consumer
5338,5831,Hesperia,CA,EE. UU.,Consumer
5339,1307,Highland,CA,EE. UU.,Consumer
5340,8214,North Hills,CA,EE. UU.,Consumer
5341,708,Phoenix,AZ,EE. UU.,Consumer
5342,6751,Los Angeles,CA,EE. UU.,Consumer
5343,11478,Jackson,MI,EE. UU.,Consumer
5344,4233,Parkville,MD,EE. UU.,Consumer
5345,1018,Metairie,LA,EE. UU.,Consumer
5346,2414,Mesa,AZ,EE. UU.,Consumer
5347,9523,Sun Valley,CA,EE. UU.,Consumer
5348,10405,Houston,TX,EE. UU.,Consumer
5349,2912,Simi Valley,CA,EE. UU.,Consumer
5350,5657,Lakewood,OH,EE. UU.,Consumer
5351,8330,Mchenry,IL,EE. UU.,Consumer
5352,10506,Wayne,NJ,EE. UU.,Consumer
5353,10905,Hayward,CA,EE. UU.,Consumer
5354,9127,Dallas,TX,EE. UU.,Consumer
5355,11312,New York,NY,EE. UU.,Consumer
5356,9856,Albuquerque,NM,EE. UU.,Consumer
5357,8189,Portland,OR,EE. UU.,Consumer
5358,6812,Cleveland,OH,EE. UU.,Consumer
5359,6714,Smyrna,GA,EE. UU.,Consumer
5360,12300,Roswell,GA,EE. UU.,Consumer
5361,9618,Brandon,FL,EE. UU.,Consumer
5362,10796,Potomac,MD,EE. UU.,Consumer
5363,8726,New Brunswick,NJ,EE. UU.,Consumer
5364,8991,Rancho Cucamonga,CA,EE. UU.,Consumer
5365,8307,Dallas,TX,EE. UU.,Consumer
5366,10596,Milford,CT,EE. UU.,Consumer
5367,12013,Daly City,CA,EE. UU.,Consumer
5368,4229,Lockport,NY,EE. UU.,Consumer
5369,1498,Houston,TX,EE. UU.,Consumer
5370,10056,Salt Lake City,UT,EE. UU.,Consumer
5371,3978,Walnut,CA,EE. UU.,Consumer
5372,8018,Grove City,OH,EE. UU.,Consumer
5373,6578,Laredo,TX,EE. UU.,Consumer
5374,9944,Lawrenceville,GA,EE. UU.,Consumer
5375,8851,Long Beach,CA,EE. UU.,Consumer
5376,3026,Augusta,GA,EE. UU.,Consumer
5377,8576,Fremont,CA,EE. UU.,Consumer
5378,10367,Fort Lauderdale,FL,EE. UU.,Consumer
5379,4183,Chicago,IL,EE. UU.,Consumer
5380,2642,Lindenhurst,NY,EE. UU.,Consumer
5381,91,Spring,TX,EE. UU.,Consumer
5382,9100,La Habra,CA,EE. UU.,Consumer
5383,9852,Cincinnati,OH,EE. UU.,Consumer
5384,7839,Hamtramck,MI,EE. UU.,Consumer
5385,6901,Garland,TX,EE. UU.,Consumer
5386,8692,Summerville,SC,EE. UU.,Consumer
5387,3643,Los Angeles,CA,EE. UU.,Consumer
5388,3334,Mount Pleasant,MI,EE. UU.,Consumer
5389,5152,El Monte,CA,EE. UU.,Consumer
5390,11033,Laredo,TX,EE. UU.,Consumer
5391,11712,Woodbridge,VA,EE. UU.,Consumer
5392,2034,Fort Lauderdale,FL,EE. UU.,Consumer
5393,12097,San Jose,CA,EE. UU.,Consumer
5394,1148,Augusta,GA,EE. UU.,Consumer
5395,6791,Orlando,FL,EE. UU.,Consumer
5396,1797,Memphis,TN,EE. UU.,Consumer
5397,1680,Bloomfield,NJ,EE. UU.,Consumer
5398,6927,Summerville,SC,EE. UU.,Consumer
5399,10685,San Jose,CA,EE. UU.,Consumer
5400,6127,Pompano Beach,FL,EE. UU.,Consumer
5401,2734,Valrico,FL,EE. UU.,Consumer
5402,9553,Florissant,MO,EE. UU.,Consumer
5403,5709,Strongsville,OH,EE. UU.,Consumer
5404,11550,Ventura,CA,EE. UU.,Consumer
5405,5046,Astoria,NY,EE. UU.,Consumer
5406,10212,Irving,TX,EE. UU.,Consumer
5407,2508,Ann Arbor,MI,EE. UU.,Consumer
5408,6313,Phoenix,AZ,EE. UU.,Consumer
5409,5886,Hampton,VA,EE. UU.,Consumer
5410,12186,Flushing,NY,EE. UU.,Consumer
5411,1489,New York,NY,EE. UU.,Consumer
5412,10378,Forest Hills,NY,EE. UU.,Consumer
5413,3973,Alhambra,CA,EE. UU.,Consumer
5414,7061,Marietta,GA,EE. UU.,Consumer
5415,13172,Longview,WA,EE. UU.,Consumer
5416,868,Irvington,NJ,EE. UU.,Consumer
5417,5168,Fort Worth,TX,EE. UU.,Consumer
5418,5797,La Mirada,CA,EE. UU.,Consumer
5419,6850,Albuquerque,NM,EE. UU.,Consumer
5420,14467,Los Angeles,CA,EE. UU.,Consumer
5421,13182,Santa Ana,CA,EE. UU.,Consumer
5422,13287,El Centro,CA,EE. UU.,Consumer
5423,14159,Moreno Valley,CA,EE. UU.,Consumer
5424,13123,Garden Grove,CA,EE. UU.,Consumer
5425,14339,Blacksburg,VA,EE. UU.,Consumer
5426,13248,Bronx,NY,EE. UU.,Consumer
5427,13464,Austin,TX,EE. UU.,Consumer
5428,13356,New Braunfels,TX,EE. UU.,Consumer
5429,13517,Sacramento,CA,EE. UU.,Consumer
5430,13138,Bend,OR,EE. UU.,Consumer
5431,13442,Laredo,TX,EE. UU.,Consumer
5432,13136,Chula Vista,CA,EE. UU.,Consumer
5433,14153,Porterville,CA,EE. UU.,Consumer
5434,13277,Bronx,NY,EE. UU.,Consumer
5435,13276,Sylmar,CA,EE. UU.,Consumer
5436,11684,Rego Park,NY,EE. UU.,Consumer
5437,10159,Hollywood,FL,EE. UU.,Consumer
5438,2237,West New York,NJ,EE. UU.,Consumer
5439,8271,North Hollywood,CA,EE. UU.,Consumer
5440,744,North Hollywood,CA,EE. UU.,Consumer
5441,5964,Saint Louis,MO,EE. UU.,Consumer
5442,7009,Lancaster,CA,EE. UU.,Consumer
5443,11214,Santa Ana,CA,EE. UU.,Consumer
5444,1179,Broken Arrow,OK,EE. UU.,Consumer
5445,3062,Columbus,OH,EE. UU.,Consumer
5446,5502,Brooklyn,NY,EE. UU.,Consumer
5447,1859,Milwaukee,WI,EE. UU.,Consumer
5448,10522,Chicago,IL,EE. UU.,Consumer
5449,418,Gardena,CA,EE. UU.,Consumer
5450,11874,Elyria,OH,EE. UU.,Consumer
5451,11227,Orlando,FL,EE. UU.,Consumer
5452,1708,Arlington,TX,EE. UU.,Consumer
5453,5013,Reynoldsburg,OH,EE. UU.,Consumer
5454,13606,Morristown,NJ,EE. UU.,Consumer
5455,8285,Brooklyn,NY,EE. UU.,Consumer
5456,9397,Fontana,CA,EE. UU.,Consumer
5457,8200,Muskegon,MI,EE. UU.,Consumer
5458,1994,Cleveland,OH,EE. UU.,Consumer
5459,7895,Milford,CT,EE. UU.,Consumer
5460,1145,Columbus,OH,EE. UU.,Consumer
5461,2605,Livermore,CA,EE. UU.,Consumer
5462,9389,Miami,FL,EE. UU.,Consumer
5463,1843,Lawton,OK,EE. UU.,Consumer
5464,9042,Ogden,UT,EE. UU.,Consumer
5465,7431,Houston,TX,EE. UU.,Consumer
5466,5719,Virginia Beach,VA,EE. UU.,Consumer
5467,10748,Aurora,IL,EE. UU.,Consumer
5468,7800,Bronx,NY,EE. UU.,Consumer
5469,4409,Garden Grove,CA,EE. UU.,Consumer
5470,3270,National City,CA,EE. UU.,Consumer
5471,12787,Stockton,CA,EE. UU.,Consumer
5472,14886,Newark,DE,EE. UU.,Consumer
5473,8987,Chicago,IL,EE. UU.,Consumer
5474,12768,Placentia,CA,EE. UU.,Consumer
5475,8671,Santa Fe,NM,EE. UU.,Consumer
5476,5457,Mesa,AZ,EE. UU.,Consumer
5477,7234,San Antonio,TX,EE. UU.,Consumer
5478,3011,Wichita,KS,EE. UU.,Consumer
5479,14811,Bronx,NY,EE. UU.,Consumer
5480,8718,Seattle,WA,EE. UU.,Consumer
5481,1147,Brooklyn,NY,EE. UU.,Consumer
5482,1309,Roswell,NM,EE. UU.,Consumer
5483,2711,Bronx,NY,EE. UU.,Consumer
5484,13736,Mission,TX,EE. UU.,Consumer
5485,7413,San Bernardino,CA,EE. UU.,Consumer
5486,6618,Huntington Beach,CA,EE. UU.,Consumer
5487,998,Anaheim,CA,EE. UU.,Consumer
5488,1116,Warren,MI,EE. UU.,Consumer
5489,4765,Milford,CT,EE. UU.,Consumer
5490,7403,Honolulu,HI,EE. UU.,Consumer
5491,10182,San Diego,CA,EE. UU.,Consumer
5492,4093,Brockton,MA,EE. UU.,Consumer
5493,4922,Bronx,NY,EE. UU.,Consumer
5494,8396,San Jose,CA,EE. UU.,Consumer
5495,11508,Newark,DE,EE. UU.,Consumer
5496,10698,La Mirada,CA,EE. UU.,Consumer
5497,3402,Moreno Valley,CA,EE. UU.,Consumer
5498,3658,Huntington Beach,CA,EE. UU.,Consumer
5499,4002,Columbus,GA,EE. UU.,Consumer
5500,7110,Beaverton,OR,EE. UU.,Consumer
5501,8305,Jackson,MI,EE. UU.,Consumer
5502,706,Brighton,MA,EE. UU.,Consumer
5503,1643,Staten Island,NY,EE. UU.,Consumer
5504,2814,Chicago,IL,EE. UU.,Consumer
5505,1626,Garden Grove,CA,EE. UU.,Consumer
5506,1458,Philadelphia,PA,EE. UU.,Consumer
5507,11718,Chino,CA,EE. UU.,Consumer
5508,5494,Oceanside,CA,EE. UU.,Consumer
5509,2555,Costa Mesa,CA,EE. UU.,Consumer
5510,1567,San Diego,CA,EE. UU.,Consumer
5511,7099,Orlando,FL,EE. UU.,Consumer
5512,2872,Bronx,NY,EE. UU.,Corporate
5513,6802,Alpharetta,GA,EE. UU.,Corporate
5514,3192,Panorama City,CA,EE. UU.,Corporate
5515,9348,Wyoming,MI,EE. UU.,Corporate
5516,4540,Wichita,KS,EE. UU.,Corporate
5517,9613,Phoenix,AZ,EE. UU.,Corporate
5518,10705,Orlando,FL,EE. UU.,Corporate
5519,11259,Palo Alto,CA,EE. UU.,Corporate
5520,5727,Cleveland,OH,EE. UU.,Corporate
5521,8761,Bronx,NY,EE. UU.,Corporate
5522,3629,North Tonawanda,NY,EE. UU.,Corporate
5523,4478,West Jordan,UT,EE. UU.,Corporate
5524,9904,Chicago,IL,EE. UU.,Corporate
5525,4339,Astoria,NY,EE. UU.,Corporate
5526,11912,Glendale,AZ,EE. UU.,Corporate
5527,64,Chicago,IL,EE. UU.,Corporate
5528,6305,Mount Pleasant,MI,EE. UU.,Corporate
5529,5561,Martinsburg,WV,EE. UU.,Corporate
5530,6043,Detroit,MI,EE. UU.,Corporate
5531,2452,Santa Fe,NM,EE. UU.,Corporate
5532,6789,Pompano Beach,FL,EE. UU.,Corporate
5533,1170,Morristown,NJ,EE. UU.,Corporate
5534,12,San Antonio,TX,EE. UU.,Corporate
5535,325,Washington,DC,EE. UU.,Corporate
5536,7886,Salem,OR,EE. UU.,Corporate
5537,1265,San Francisco,CA,EE. UU.,Corporate
5538,3267,Henrico,VA,EE. UU.,Corporate
5539,12378,Eugene,OR,EE. UU.,Corporate
5540,6261,Corona,CA,EE. UU.,Corporate
5541,6688,Los Angeles,CA,EE. UU.,Corporate
5542,7732,Bronx,NY,EE. UU.,Corporate
5543,1870,Amarillo,TX,EE. UU.,Corporate
5544,2705,Hanover,PA,EE. UU.,Corporate
5545,8683,Brighton,MA,EE. UU.,Corporate
5546,7794,Chicago,IL,EE. UU.,Corporate
5547,11702,Lawrence,MA,EE. UU.,Corporate
5548,7792,La Mirada,CA,EE. UU.,Corporate
5549,6386,Folsom,CA,EE. UU.,Corporate
5550,371,San Antonio,TX,EE. UU.,Corporate
5551,10184,Holland,MI,EE. UU.,Corporate
5552,1081,Sacramento,CA,EE. UU.,Corporate
5553,4696,Ballwin,MO,EE. UU.,Corporate
5554,3623,Bayonne,NJ,EE. UU.,Corporate
5555,1537,Pompano Beach,FL,EE. UU.,Corporate
5556,2187,Westminster,CA,EE. UU.,Corporate
5557,4139,Antioch,CA,EE. UU.,Corporate
5558,11992,Mentor,OH,EE. UU.,Corporate
5559,4736,New Orleans,LA,EE. UU.,Corporate
5560,10218,Vallejo,CA,EE. UU.,Corporate
5561,1985,San Antonio,TX,EE. UU.,Corporate
5562,1741,Mission Viejo,CA,EE. UU.,Corporate
5563,9003,Lancaster,SC,EE. UU.,Corporate
5564,3862,Watsonville,CA,EE. UU.,Corporate
5565,3274,Des Plaines,IL,EE. UU.,Corporate
5566,9654,Mentor,OH,EE. UU.,Corporate
5567,10540,Virginia Beach,VA,EE. UU.,Corporate
5568,3075,Algonquin,IL,EE. UU.,Corporate
5569,567,Las Vegas,NV,EE. UU.,Corporate
5570,7598,San Benito,TX,EE. UU.,Corporate
5571,11819,Honolulu,HI,EE. UU.,Corporate
5572,6343,Virginia Beach,VA,EE. UU.,Corporate
5573,1385,Littleton,CO,EE. UU.,Corporate
5574,3609,Hollywood,FL,EE. UU.,Corporate
5575,6046,Denton,TX,EE. UU.,Corporate
5576,8126,Philadelphia,PA,EE. UU.,Corporate
5577,11719,Chicago,IL,EE. UU.,Corporate
5578,11695,Chicago,IL,EE. UU.,Corporate
5579,10037,Weslaco,TX,EE. UU.,Corporate
5580,7542,Buffalo,NY,EE. UU.,Corporate
5581,5433,Columbus,OH,EE. UU.,Corporate
5582,3482,Richmond,VA,EE. UU.,Corporate
5583,9899,Elk Grove,CA,EE. UU.,Corporate
5584,5572,San Jose,CA,EE. UU.,Corporate
5585,5069,Hialeah,FL,EE. UU.,Corporate
5586,12376,San Francisco,CA,EE. UU.,Corporate
5587,3361,San Diego,CA,EE. UU.,Corporate
5588,4266,Miami,FL,EE. UU.,Corporate
5589,6957,Los Angeles,CA,EE. UU.,Corporate
5590,9063,New York,NY,EE. UU.,Corporate
5591,6731,Norwalk,CA,EE. UU.,Corporate
5592,4757,New Orleans,LA,EE. UU.,Corporate
5593,3541,Atlanta,GA,EE. UU.,Corporate
5594,1682,Woodside,NY,EE. UU.,Corporate
5595,11411,Glendale,AZ,EE. UU.,Corporate
5596,8592,Carol Stream,IL,EE. UU.,Corporate
5597,5219,Fort Lauderdale,FL,EE. UU.,Corporate
5598,6888,San Jose,CA,EE. UU.,Corporate
5599,5999,Cupertino,CA,EE. UU.,Corporate
5600,5041,Massillon,OH,EE. UU.,Corporate
5601,8033,Miami,FL,EE. UU.,Corporate
5602,2156,Livermore,CA,EE. UU.,Corporate
5603,8877,Livermore,CA,EE. UU.,Corporate
5604,2889,Hialeah,FL,EE. UU.,Corporate
5605,9707,Brooklyn,NY,EE. UU.,Corporate
5606,1589,Cleveland,OH,EE. UU.,Corporate
5607,11115,Williamsport,PA,EE. UU.,Corporate
5608,4710,Daly City,CA,EE. UU.,Corporate
5609,1917,Moreno Valley,CA,EE. UU.,Corporate
5610,2296,Phoenix,AZ,EE. UU.,Corporate
5611,11287,Houston,TX,EE. UU.,Corporate
5612,6053,Elmhurst,NY,EE. UU.,Corporate
5613,5704,Medford,MA,EE. UU.,Corporate
5614,8653,Saint Louis,MO,EE. UU.,Corporate
5615,8321,Sugar Land,TX,EE. UU.,Corporate
5616,2765,Woodbridge,VA,EE. UU.,Corporate
5617,9448,Grand Prairie,TX,EE. UU.,Corporate
5618,812,Bronx,NY,EE. UU.,Corporate
5619,2839,Stockbridge,GA,EE. UU.,Corporate
5620,5431,Oceanside,CA,EE. UU.,Corporate
5621,4988,Washington,DC,EE. UU.,Corporate
5622,9045,Chicago,IL,EE. UU.,Corporate
5623,11488,Salem,OR,EE. UU.,Corporate
5624,12135,Chicago,IL,EE. UU.,Corporate
5625,626,Dallas,TX,EE. UU.,Corporate
5626,6962,Elgin,IL,EE. UU.,Corporate
5627,5803,Jamaica,NY,EE. UU.,Corporate
5628,2094,Portland,OR,EE. UU.,Corporate
5629,3957,Cumberland,MD,EE. UU.,Corporate
5630,11001,Sylmar,CA,EE. UU.,Corporate
5631,5958,Garden Grove,CA,EE. UU.,Corporate
5632,7157,Vallejo,CA,EE. UU.,Corporate
5633,9763,Irving,TX,EE. UU.,Corporate
5634,11295,Chula Vista,CA,EE. UU.,Corporate
5635,10980,Chicago,IL,EE. UU.,Corporate
5636,224,Wheeling,WV,EE. UU.,Corporate
5637,4411,Brighton,MA,EE. UU.,Corporate
5638,10696,Waipahu,HI,EE. UU.,Corporate
5639,1652,Raleigh,NC,EE. UU.,Corporate
5640,3159,Cleveland,OH,EE. UU.,Corporate
5641,11173,Enfield,CT,EE. UU.,Corporate
5642,12133,Mililani,HI,EE. UU.,Corporate
5643,5362,Milford,CT,EE. UU.,Corporate
5644,4915,Fort Lauderdale,FL,EE. UU.,Corporate
5645,10117,Waipahu,HI,EE. UU.,Corporate
5646,11794,Brooklyn,NY,EE. UU.,Corporate
5647,7187,Apex,NC,EE. UU.,Corporate
5648,6354,Visalia,CA,EE. UU.,Corporate
5649,8694,Winter Park,FL,EE. UU.,Corporate
5650,682,Salinas,CA,EE. UU.,Corporate
5651,11071,Brooklyn,NY,EE. UU.,Corporate
5652,3005,San Diego,CA,EE. UU.,Corporate
5653,2562,Apex,NC,EE. UU.,Corporate
5654,213,Enfield,CT,EE. UU.,Corporate
5655,10138,Brighton,MA,EE. UU.,Corporate
5656,11314,Encinitas,CA,EE. UU.,Corporate
5657,8657,Douglasville,GA,EE. UU.,Corporate
5658,6963,Harlingen,TX,EE. UU.,Corporate
5659,10676,Quincy,IL,EE. UU.,Corporate
5660,9930,Detroit,MI,EE. UU.,Corporate
5661,3310,Glenview,IL,EE. UU.,Corporate
5662,8500,Brooklyn,NY,EE. UU.,Corporate
5663,10812,Albuquerque,NM,EE. UU.,Corporate
5664,7657,Goleta,CA,EE. UU.,Corporate
5665,8008,Oxnard,CA,EE. UU.,Corporate
5666,5148,Findlay,OH,EE. UU.,Corporate
5667,2050,Doylestown,PA,EE. UU.,Corporate
5668,1703,Birmingham,AL,EE. UU.,Corporate
5669,2184,Hollister,CA,EE. UU.,Corporate
5670,10566,Los Angeles,CA,EE. UU.,Corporate
5671,8367,Newark,DE,EE. UU.,Corporate
5672,783,Broomfield,CO,EE. UU.,Corporate
5673,6896,Santa Ana,CA,EE. UU.,Corporate
5674,946,La Mesa,CA,EE. UU.,Corporate
5675,12302,Austin,TX,EE. UU.,Corporate
5676,7978,Chicago,IL,EE. UU.,Corporate
5677,53,Roswell,GA,EE. UU.,Corporate
5678,742,Santa Maria,CA,EE. UU.,Corporate
5679,2926,Levittown,NY,EE. UU.,Corporate
5680,11888,Fullerton,CA,EE. UU.,Corporate
5681,5629,Glendale,AZ,EE. UU.,Corporate
5682,12106,Los Angeles,CA,EE. UU.,Corporate
5683,413,Potomac,MD,EE. UU.,Corporate
5684,5876,Costa Mesa,CA,EE. UU.,Corporate
5685,821,Piscataway,NJ,EE. UU.,Corporate
5686,2992,Newark,OH,EE. UU.,Corporate
5687,4291,Corona,NY,EE. UU.,Corporate
5688,10843,Saint Louis,MO,EE. UU.,Corporate
5689,9542,Chicago,IL,EE. UU.,Corporate
5690,7510,Albuquerque,NM,EE. UU.,Corporate
5691,8621,Salem,OR,EE. UU.,Corporate
5692,3757,Rosemead,CA,EE. UU.,Corporate
5693,11331,Ypsilanti,MI,EE. UU.,Corporate
5694,11320,Tracy,CA,EE. UU.,Corporate
5695,2436,Albuquerque,NM,EE. UU.,Corporate
5696,1141,Howell,MI,EE. UU.,Corporate
5697,10619,North Tonawanda,NY,EE. UU.,Corporate
5698,5527,Sacramento,CA,EE. UU.,Corporate
5699,3149,Dallas,TX,EE. UU.,Corporate
5700,10207,Nashville,TN,EE. UU.,Corporate
5701,7848,Hickory,NC,EE. UU.,Corporate
5702,3434,Greensboro,NC,EE. UU.,Corporate
5703,933,Bridgeton,NJ,EE. UU.,Corporate
5704,7983,New York,NY,EE. UU.,Corporate
5705,5463,Fond Du Lac,WI,EE. UU.,Corporate
5706,4860,Aurora,CO,EE. UU.,Corporate
5707,11735,Richmond,TX,EE. UU.,Corporate
5708,11460,New York,NY,EE. UU.,Corporate
5709,592,Detroit,MI,EE. UU.,Corporate
5710,6672,Fort Lauderdale,FL,EE. UU.,Corporate
5711,2613,Chicago,IL,EE. UU.,Corporate
5712,4888,Modesto,CA,EE. UU.,Corporate
5713,7841,Brooklyn,NY,EE. UU.,Corporate
5714,1776,Glendale,AZ,EE. UU.,Corporate
5715,7287,Caguas,PR,Puerto Rico,Home Office
5716,3196,Caguas,PR,Puerto Rico,Home Office
5717,5162,Caguas,PR,Puerto Rico,Home Office
5718,10683,Caguas,PR,Puerto Rico,Home Office
5719,1710,Caguas,PR,Puerto Rico,Home Office
5720,10871,Caguas,PR,Puerto Rico,Home Office
5721,7589,Caguas,PR,Puerto Rico,Home Office
5722,7426,Caguas,PR,Puerto Rico,Home Office
5723,11619,Caguas,PR,Puerto Rico,Home Office
5724,73,Caguas,PR,Puerto Rico,Home Office
5725,5486,Caguas,PR,Puerto Rico,Home Office
5726,3981,Caguas,PR,Puerto Rico,Home Office
5727,5684,Caguas,PR,Puerto Rico,Home Office
5728,7417,Caguas,PR,Puerto Rico,Home Office
5729,11316,Caguas,PR,Puerto Rico,Home Office
5730,4056,Caguas,PR,Puerto Rico,Home Office
5731,11458,Caguas,PR,Puerto Rico,Home Office
5732,1822,Caguas,PR,Puerto Rico,Home Office
5733,14846,Caguas,PR,Puerto Rico,Home Office
5734,13273,Caguas,PR,Puerto Rico,Home Office
5735,13216,Caguas,PR,Puerto Rico,Home Office
5736,14570,Caguas,PR,Puerto Rico,Home Office
5737,1104,Caguas,PR,Puerto Rico,Home Office
5738,13667,Caguas,PR,Puerto Rico,Home Office
5739,8046,Caguas,PR,Puerto Rico,Home Office
5740,5304,Caguas,PR,Puerto Rico,Home Office
5741,10351,Caguas,PR,Puerto Rico,Home Office
5742,12686,Caguas,PR,Puerto Rico,Home Office
5743,13129,Caguas,PR,Puerto Rico,Home Office
5744,13016,Caguas,PR,Puerto Rico,Home Office
5745,14584,Caguas,PR,Puerto Rico,Home Office
5746,7267,Caguas,PR,Puerto Rico,Home Office
5747,921,Caguas,PR,Puerto Rico,Home Office
5748,5264,Caguas,PR,Puerto Rico,Home Office
5749,7142,Caguas,PR,Puerto Rico,Home Office
5750,14844,Caguas,PR,Puerto Rico,Home Office
5751,4378,Caguas,PR,Puerto Rico,Home Office
5752,5568,Caguas,PR,Puerto Rico,Home Office
5753,9711,Caguas,PR,Puerto Rico,Home Office
5754,96,Caguas,PR,Puerto Rico,Home Office
5755,12557,Caguas,PR,Puerto Rico,Home Office
5756,15101,Trujillo Alto,PR,Puerto Rico,Home Office
5757,12915,Caguas,PR,Puerto Rico,Home Office
5758,9360,Caguas,PR,Puerto Rico,Home Office
5759,390,Caguas,PR,Puerto Rico,Home Office
5760,11052,Caguas,PR,Puerto Rico,Home Office
5761,890,Caguas,PR,Puerto Rico,Home Office
5762,7891,Caguas,PR,Puerto Rico,Home Office
5763,9504,Caguas,PR,Puerto Rico,Home Office
5764,8833,Caguas,PR,Puerto Rico,Home Office
5765,8418,Caguas,PR,Puerto Rico,Home Office
5766,3778,Caguas,PR,Puerto Rico,Home Office
5767,5436,Caguas,PR,Puerto Rico,Home Office
5768,202,Caguas,PR,Puerto Rico,Home Office
5769,2179,Caguas,PR,Puerto Rico,Home Office
5770,8306,Caguas,PR,Puerto Rico,Home Office
5771,9362,Caguas,PR,Puerto Rico,Home Office
5772,9715,Caguas,PR,Puerto Rico,Home Office
5773,1161,Caguas,PR,Puerto Rico,Home Office
5774,20634,Caguas,PR,Puerto Rico,Home Office
5775,16108,Caguas,PR,Puerto Rico,Home Office
5776,19257,Caguas,PR,Puerto Rico,Home Office
5777,5191,Caguas,PR,Puerto Rico,Home Office
5778,10988,Caguas,PR,Puerto Rico,Home Office
5779,5349,Caguas,PR,Puerto Rico,Home Office
5780,20533,Caguas,PR,Puerto Rico,Home Office
5781,8971,Caguas,PR,Puerto Rico,Home Office
5782,3356,Caguas,PR,Puerto Rico,Home Office
5783,9845,Caguas,PR,Puerto Rico,Home Office
5784,17933,Caguas,PR,Puerto Rico,Home Office
5785,20740,Caguas,PR,Puerto Rico,Home Office
5786,214,Caguas,PR,Puerto Rico,Home Office
5787,11879,Caguas,PR,Puerto Rico,Home Office
5788,17554,Caguas,PR,Puerto Rico,Home Office
5789,20295,Caguas,PR,Puerto Rico,Home Office
5790,16216,Caguas,PR,Puerto Rico,Home Office
5791,18902,Caguas,PR,Puerto Rico,Home Office
5792,17896,Caguas,PR,Puerto Rico,Home Office
5793,18216,Caguas,PR,Puerto Rico,Home Office
5794,18085,Caguas,PR,Puerto Rico,Home Office
5795,19101,Caguas,PR,Puerto Rico,Home Office
5796,18871,Caguas,PR,Puerto Rico,Home Office
5797,17946,Caguas,PR,Puerto Rico,Home Office
5798,15291,Carolina,PR,Puerto Rico,Home Office
5799,20153,Caguas,PR,Puerto Rico,Home Office
5800,20149,Caguas,PR,Puerto Rico,Home Office
5801,16214,Caguas,PR,Puerto Rico,Home Office
5802,20031,Caguas,PR,Puerto Rico,Home Office
5803,15799,Caguas,PR,Puerto Rico,Home Office
5804,10815,Caguas,PR,Puerto Rico,Home Office
5805,11091,Caguas,PR,Puerto Rico,Home Office
5806,7156,Caguas,PR,Puerto Rico,Home Office
5807,9728,Caguas,PR,Puerto Rico,Home Office
5808,1285,Caguas,PR,Puerto Rico,Home Office
5809,3899,Caguas,PR,Puerto Rico,Home Office
5810,11026,Caguas,PR,Puerto Rico,Home Office
5811,5590,Caguas,PR,Puerto Rico,Home Office
5812,8459,Caguas,PR,Puerto Rico,Home Office
5813,6675,Caguas,PR,Puerto Rico,Home Office
5814,61,Caguas,PR,Puerto Rico,Home Office
5815,11950,Caguas,PR,Puerto Rico,Home Office
5816,9732,Caguas,PR,Puerto Rico,Home Office
5817,6820,Caguas,PR,Puerto Rico,Home Office
5818,5594,Caguas,PR,Puerto Rico,Home Office
5819,10906,Caguas,PR,Puerto Rico,Home Office
5820,11250,Caguas,PR,Puerto Rico,Home Office
5821,7888,Caguas,PR,Puerto Rico,Home Office
5822,4979,Caguas,PR,Puerto Rico,Home Office
5823,4286,Caguas,PR,Puerto Rico,Home Office
5824,2419,Caguas,PR,Puerto Rico,Home Office
5825,12821,Caguas,PR,Puerto Rico,Home Office
5826,6379,Caguas,PR,Puerto Rico,Home Office
5827,9730,Caguas,PR,Puerto Rico,Home Office
5828,15063,Caguas,PR,Puerto Rico,Home Office
5829,12071,Caguas,PR,Puerto Rico,Home Office
5830,9952,Caguas,PR,Puerto Rico,Home Office
5831,4031,Caguas,PR,Puerto Rico,Home Office
5832,3464,Caguas,PR,Puerto Rico,Home Office
5833,8951,Caguas,PR,Puerto Rico,Home Office
5834,6629,Caguas,PR,Puerto Rico,Home Office
5835,20644,Caguas,PR,Puerto Rico,Home Office
5836,20460,Caguas,PR,Puerto Rico,Home Office
5837,15423,Caguas,PR,Puerto Rico,Home Office
5838,9135,Caguas,PR,Puerto Rico,Home Office
5839,17201,Caguas,PR,Puerto Rico,Home Office
5840,15420,Caguas,PR,Puerto Rico,Home Office
5841,1639,Caguas,PR,Puerto Rico,Home Office
5842,17595,Caguas,PR,Puerto Rico,Home Office
5843,129,Caguas,PR,Puerto Rico,Home Office
5844,12242,Caguas,PR,Puerto Rico,Home Office
5845,10289,Caguas,PR,Puerto Rico,Home Office
5846,5491,Caguas,PR,Puerto Rico,Home Office
5847,872,Caguas,PR,Puerto Rico,Home Office
5848,5764,Caguas,PR,Puerto Rico,Home Office
5849,8662,Caguas,PR,Puerto Rico,Home Office
5850,348,Caguas,PR,Puerto Rico,Home Office
5851,352,Caguas,PR,Puerto Rico,Home Office
5852,15022,Caguas,PR,Puerto Rico,Home Office
5853,13073,Caguas,PR,Puerto Rico,Home Office
5854,14289,Caguas,PR,Puerto Rico,Home Office
5855,9974,Caguas,PR,Puerto Rico,Home Office
5856,9457,Caguas,PR,Puerto Rico,Home Office
5857,9945,Caguas,PR,Puerto Rico,Home Office
5858,13670,Caguas,PR,Puerto Rico,Home Office
5859,1288,Caguas,PR,Puerto Rico,Home Office
5860,13075,Caguas,PR,Puerto Rico,Home Office
5861,13337,Caguas,PR,Puerto Rico,Home Office
5862,2965,Caguas,PR,Puerto Rico,Home Office
5863,7796,Caguas,PR,Puerto Rico,Home Office
5864,2361,Caguas,PR,Puerto Rico,Home Office
5865,14905,Caguas,PR,Puerto Rico,Home Office
5866,11137,Caguas,PR,Puerto Rico,Home Office
5867,13706,Caguas,PR,Puerto Rico,Home Office
5868,9116,Caguas,PR,Puerto Rico,Home Office
5869,12077,Caguas,PR,Puerto Rico,Home Office
5870,10638,Caguas,PR,Puerto Rico,Home Office
5871,1923,Caguas,PR,Puerto Rico,Home Office
5872,2258,Caguas,PR,Puerto Rico,Home Office
5873,11142,Caguas,PR,Puerto Rico,Home Office
5874,8818,Caguas,PR,Puerto Rico,Home Office
5875,8784,Caguas,PR,Puerto Rico,Home Office
5876,2580,Caguas,PR,Puerto Rico,Home Office
5877,12266,Caguas,PR,Puerto Rico,Home Office
5878,10346,Caguas,PR,Puerto Rico,Home Office
5879,4985,Caguas,PR,Puerto Rico,Home Office
5880,861,Caguas,PR,Puerto Rico,Home Office
5881,7346,Caguas,PR,Puerto Rico,Home Office
5882,7591,Caguas,PR,Puerto Rico,Home Office
5883,4633,Caguas,PR,Puerto Rico,Home Office
5884,19906,Caguas,PR,Puerto Rico,Home Office
5885,18175,Caguas,PR,Puerto Rico,Home Office
5886,16462,Caguas,PR,Puerto Rico,Home Office
5887,15696,Caguas,PR,Puerto Rico,Home Office
5888,5354,Caguas,PR,Puerto Rico,Home Office
5889,3516,Caguas,PR,Puerto Rico,Home Office
5890,15209,Caguas,PR,Puerto Rico,Home Office
5891,19820,Caguas,PR,Puerto Rico,Home Office
5892,16599,Caguas,PR,Puerto Rico,Home Office
5893,15775,Caguas,PR,Puerto Rico,Home Office
5894,7833,Caguas,PR,Puerto Rico,Home Office
5895,20667,Caguas,PR,Puerto Rico,Home Office
5896,15952,Caguas,PR,Puerto Rico,Home Office
5897,18651,Caguas,PR,Puerto Rico,Home Office
5898,5376,Caguas,PR,Puerto Rico,Home Office
5899,10123,Caguas,PR,Puerto Rico,Home Office
5900,8856,Caguas,PR,Puerto Rico,Home Office
5901,10168,Caguas,PR,Puerto Rico,Home Office
5902,19861,Caguas,PR,Puerto Rico,Home Office
5903,16306,Caguas,PR,Puerto Rico,Home Office
5904,19818,Caguas,PR,Puerto Rico,Home Office
5905,17628,Caguas,PR,Puerto Rico,Home Office
5906,24,Caguas,PR,Puerto Rico,Home Office
5907,5344,Caguas,PR,Puerto Rico,Home Office
5908,3743,Caguas,PR,Puerto Rico,Home Office
5909,4962,Caguas,PR,Puerto Rico,Home Office
5910,10406,Caguas,PR,Puerto Rico,Home Office
5911,3165,Caguas,PR,Puerto Rico,Home Office
5912,2283,Caguas,PR,Puerto Rico,Home Office
5913,1687,Caguas,PR,Puerto Rico,Home Office
5914,11662,Caguas,PR,Puerto Rico,Home Office
5915,5009,Caguas,PR,Puerto Rico,Home Office
5916,10626,Caguas,PR,Puerto Rico,Home Office
5917,4188,Caguas,PR,Puerto Rico,Home Office
5918,3501,Caguas,PR,Puerto Rico,Home Office
5919,10185,Caguas,PR,Puerto Rico,Home Office
5920,10504,Caguas,PR,Puerto Rico,Home Office
5921,1684,Caguas,PR,Puerto Rico,Home Office
5922,9694,Caguas,PR,Puerto Rico,Home Office
5923,1349,Caguas,PR,Puerto Rico,Home Office
5924,5315,Caguas,PR,Puerto Rico,Home Office
5925,3568,Caguas,PR,Puerto Rico,Home Office
5926,1890,Caguas,PR,Puerto Rico,Home Office
5927,8946,Caguas,PR,Puerto Rico,Home Office
5928,6822,Caguas,PR,Puerto Rico,Home Office
5929,6358,Caguas,PR,Puerto Rico,Home Office
5930,10300,Caguas,PR,Puerto Rico,Home Office
5931,8129,Caguas,PR,Puerto Rico,Home Office
5932,9296,Caguas,PR,Puerto Rico,Home Office
5933,5681,Caguas,PR,Puerto Rico,Home Office
5934,8462,Caguas,PR,Puerto Rico,Home Office
5935,13748,Caguas,PR,Puerto Rico,Home Office
5936,9772,Caguas,PR,Puerto Rico,Home Office
5937,3782,Caguas,PR,Puerto Rico,Home Office
5938,14292,Caguas,PR,Puerto Rico,Home Office
5939,14395,Caguas,PR,Puerto Rico,Home Office
5940,14080,Caguas,PR,Puerto Rico,Home Office
5941,13168,Caguas,PR,Puerto Rico,Home Office
5942,13150,Caguas,PR,Puerto Rico,Home Office
5943,12026,Caguas,PR,Puerto Rico,Home Office
5944,6806,Caguas,PR,Puerto Rico,Home Office
5945,2077,Caguas,PR,Puerto Rico,Home Office
5946,1704,Caguas,PR,Puerto Rico,Home Office
5947,11479,Caguas,PR,Puerto Rico,Home Office
5948,13906,Caguas,PR,Puerto Rico,Home Office
5949,14833,Caguas,PR,Puerto Rico,Home Office
5950,10024,Caguas,PR,Puerto Rico,Home Office
5951,3607,Caguas,PR,Puerto Rico,Home Office
5952,11666,Caguas,PR,Puerto Rico,Home Office
5953,14719,Caguas,PR,Puerto Rico,Home Office
5954,11798,Caguas,PR,Puerto Rico,Home Office
5955,1895,Caguas,PR,Puerto Rico,Home Office
5956,1412,Caguas,PR,Puerto Rico,Home Office
5957,2201,Caguas,PR,Puerto Rico,Home Office
5958,858,Caguas,PR,Puerto Rico,Home Office
5959,6173,Caguas,PR,Puerto Rico,Home Office
5960,15012,Caguas,PR,Puerto Rico,Home Office
5961,15076,Caguas,PR,Puerto Rico,Home Office
5962,14364,Caguas,PR,Puerto Rico,Home Office
5963,14256,Caguas,PR,Puerto Rico,Home Office
5964,14398,Caguas,PR,Puerto Rico,Home Office
5965,14245,Caguas,PR,Puerto Rico,Home Office
5966,13494,Caguas,PR,Puerto Rico,Home Office
5967,12365,Caguas,PR,Puerto Rico,Home Office
5968,12780,Caguas,PR,Puerto Rico,Home Office
5969,2032,Caguas,PR,Puerto Rico,Home Office
5970,3780,Caguas,PR,Puerto Rico,Home Office
5971,14746,Bayamon,PR,Puerto Rico,Home Office
5972,12790,Caguas,PR,Puerto Rico,Home Office
5973,2848,Caguas,PR,Puerto Rico,Home Office
5974,12788,Caguas,PR,Puerto Rico,Home Office
5975,3217,Caguas,PR,Puerto Rico,Home Office
5976,7428,Caguas,PR,Puerto Rico,Home Office
5977,5748,Caguas,PR,Puerto Rico,Home Office
5978,2604,Caguas,PR,Puerto Rico,Home Office
5979,10384,Caguas,PR,Puerto Rico,Home Office
5980,7400,Caguas,PR,Puerto Rico,Home Office
5981,765,Caguas,PR,Puerto Rico,Home Office
5982,1110,Caguas,PR,Puerto Rico,Consumer
5983,8436,Caguas,PR,Puerto Rico,Consumer
5984,8724,Caguas,PR,Puerto Rico,Consumer
5985,11717,Caguas,PR,Puerto Rico,Consumer
5986,2950,Caguas,PR,Puerto Rico,Consumer
5987,3284,Caguas,PR,Puerto Rico,Consumer
5988,2128,Caguas,PR,Puerto Rico,Consumer
5989,9344,Caguas,PR,Puerto Rico,Consumer
5990,5771,Caguas,PR,Puerto Rico,Consumer
5991,11269,Caguas,PR,Puerto Rico,Consumer
5992,12088,Caguas,PR,Puerto Rico,Consumer
5993,7001,Caguas,PR,Puerto Rico,Consumer
5994,1486,Caguas,PR,Puerto Rico,Consumer
5995,7572,Caguas,PR,Puerto Rico,Consumer
5996,12099,Caguas,PR,Puerto Rico,Consumer
5997,7487,Caguas,PR,Puerto Rico,Consumer
5998,3431,Caguas,PR,Puerto Rico,Consumer
5999,10622,Caguas,PR,Puerto Rico,Consumer
6000,1931,Caguas,PR,Puerto Rico,Consumer
6001,2262,Caguas,PR,Puerto Rico,Consumer
6002,1544,Caguas,PR,Puerto Rico,Consumer
6003,660,Caguas,PR,Puerto Rico,Consumer
6004,5937,San Sebastian,PR,Puerto Rico,Consumer
6005,7124,Caguas,PR,Puerto Rico,Consumer
6006,11866,Caguas,PR,Puerto Rico,Consumer
6007,5399,Caguas,PR,Puerto Rico,Consumer
6008,3747,Caguas,PR,Puerto Rico,Consumer
6009,7747,Caguas,PR,Puerto Rico,Consumer
6010,11182,Caguas,PR,Puerto Rico,Consumer
6011,10136,Caguas,PR,Puerto Rico,Consumer
6012,8791,Caguas,PR,Puerto Rico,Consumer
6013,8584,Caguas,PR,Puerto Rico,Consumer
6014,8242,Caguas,PR,Puerto Rico,Consumer
6015,1302,Caguas,PR,Puerto Rico,Consumer
6016,2929,Caguas,PR,Puerto Rico,Consumer
6017,8711,Caguas,PR,Puerto Rico,Consumer
6018,1044,Caguas,PR,Puerto Rico,Consumer
6019,10401,Caguas,PR,Puerto Rico,Consumer
6020,7024,Caguas,PR,Puerto Rico,Consumer
6021,8493,Caguas,PR,Puerto Rico,Consumer
6022,2793,Caguas,PR,Puerto Rico,Consumer
6023,3288,Caguas,PR,Puerto Rico,Consumer
6024,11123,Caguas,PR,Puerto Rico,Consumer
6025,8057,Caguas,PR,Puerto Rico,Consumer
6026,2004,Guaynabo,PR,Puerto Rico,Consumer
6027,11305,Caguas,PR,Puerto Rico,Consumer
6028,12425,Caguas,PR,Puerto Rico,Consumer
6029,8743,Caguas,PR,Puerto Rico,Consumer
6030,3556,Caguas,PR,Puerto Rico,Consumer
6031,7754,Caguas,PR,Puerto Rico,Consumer
6032,10923,Caguas,PR,Puerto Rico,Consumer
6033,1871,Caguas,PR,Puerto Rico,Consumer
6034,11839,Caguas,PR,Puerto Rico,Consumer
6035,10946,Caguas,PR,Puerto Rico,Consumer
6036,6584,Caguas,PR,Puerto Rico,Consumer
6037,2365,Caguas,PR,Puerto Rico,Consumer
6038,11302,Caguas,PR,Puerto Rico,Consumer
6039,152,Caguas,PR,Puerto Rico,Consumer
6040,879,Caguas,PR,Puerto Rico,Consumer
6041,6444,Caguas,PR,Puerto Rico,Consumer
6042,3857,Caguas,PR,Puerto Rico,Consumer
6043,1972,Caguas,PR,Puerto Rico,Consumer
6044,10829,Caguas,PR,Puerto Rico,Consumer
6045,9384,Caguas,PR,Puerto Rico,Consumer
6046,6181,Caguas,PR,Puerto Rico,Consumer
6047,749,Caguas,PR,Puerto Rico,Consumer
6048,8378,Caguas,PR,Puerto Rico,Consumer
6049,4914,Caguas,PR,Puerto Rico,Consumer
6050,5587,Bayamon,PR,Puerto Rico,Consumer
6051,1621,Caguas,PR,Puerto Rico,Consumer
6052,12258,Caguas,PR,Puerto Rico,Consumer
6053,4230,Caguas,PR,Puerto Rico,Consumer
6054,8981,Caguas,PR,Puerto Rico,Consumer
6055,12388,Caguas,PR,Puerto Rico,Consumer
6056,85,Caguas,PR,Puerto Rico,Consumer
6057,681,Caguas,PR,Puerto Rico,Consumer
6058,2119,Caguas,PR,Puerto Rico,Consumer
6059,6996,Caguas,PR,Puerto Rico,Consumer
6060,3936,Caguas,PR,Puerto Rico,Consumer
6061,12305,Caguas,PR,Puerto Rico,Consumer
6062,6440,Caguas,PR,Puerto Rico,Consumer
6063,9482,Caguas,PR,Puerto Rico,Consumer
6064,11010,Caguas,PR,Puerto Rico,Consumer
6065,7838,Caguas,PR,Puerto Rico,Consumer
6066,4128,Caguas,PR,Puerto Rico,Consumer
6067,7343,Caguas,PR,Puerto Rico,Consumer
6068,4509,Caguas,PR,Puerto Rico,Consumer
6069,5782,Caguas,PR,Puerto Rico,Consumer
6070,8861,Caguas,PR,Puerto Rico,Consumer
6071,5250,Caguas,PR,Puerto Rico,Consumer
6072,5251,Bayamon,PR,Puerto Rico,Consumer
6073,3672,Caguas,PR,Puerto Rico,Consumer
6074,9035,Caguas,PR,Puerto Rico,Consumer
6075,6078,Caguas,PR,Puerto Rico,Consumer
6076,5718,Caguas,PR,Puerto Rico,Consumer
6077,1154,Caguas,PR,Puerto Rico,Consumer
6078,4297,Caguas,PR,Puerto Rico,Consumer
6079,11755,Caguas,PR,Puerto Rico,Consumer
6080,3859,Caguas,PR,Puerto Rico,Consumer
6081,5286,Caguas,PR,Puerto Rico,Consumer
6082,11278,Caguas,PR,Puerto Rico,Consumer
6083,6928,Caguas,PR,Puerto Rico,Consumer
6084,8277,Caguas,PR,Puerto Rico,Consumer
6085,12217,Caguas,PR,Puerto Rico,Consumer
6086,1193,Caguas,PR,Puerto Rico,Consumer
6087,7257,Aguadilla,PR,Puerto Rico,Consumer
6088,4664,Caguas,PR,Puerto Rico,Consumer
6089,1538,Caguas,PR,Puerto Rico,Consumer
6090,10426,Caguas,PR,Puerto Rico,Consumer
6091,7062,Caguas,PR,Puerto Rico,Consumer
6092,2940,Caguas,PR,Puerto Rico,Consumer
6093,9140,Caguas,PR,Puerto Rico,Consumer
6094,5753,Caguas,PR,Puerto Rico,Consumer
6095,8093,Caguas,PR,Puerto Rico,Consumer
6096,3167,Caguas,PR,Puerto Rico,Consumer
6097,13275,Caguas,PR,Puerto Rico,Consumer
6098,14113,Caguas,PR,Puerto Rico,Consumer
6099,14184,Caguas,PR,Puerto Rico,Consumer
6100,14309,Caguas,PR,Puerto Rico,Consumer
6101,13165,Caguas,PR,Puerto Rico,Consumer
6102,14628,Caguas,PR,Puerto Rico,Consumer
6103,14466,Caguas,PR,Puerto Rico,Consumer
6104,13056,Caguas,PR,Puerto Rico,Consumer
6105,14663,Caguas,PR,Puerto Rico,Consumer
6106,14109,Caguas,PR,Puerto Rico,Consumer
6107,13378,Caguas,PR,Puerto Rico,Consumer
6108,13306,Caguas,PR,Puerto Rico,Consumer
6109,14234,Caguas,PR,Puerto Rico,Consumer
6110,14162,Caguas,PR,Puerto Rico,Consumer
6111,14516,Caguas,PR,Puerto Rico,Consumer
6112,13233,Caguas,PR,Puerto Rico,Consumer
6113,14107,Caguas,PR,Puerto Rico,Consumer
6114,14678,Caguas,PR,Puerto Rico,Consumer
6115,13430,Caguas,PR,Puerto Rico,Consumer
6116,14230,Caguas,PR,Puerto Rico,Consumer
6117,13266,Caguas,PR,Puerto Rico,Consumer
6118,14494,Caguas,PR,Puerto Rico,Consumer
6119,14319,Caguas,PR,Puerto Rico,Consumer
6120,13516,Caguas,PR,Puerto Rico,Consumer
6121,12976,Caguas,PR,Puerto Rico,Consumer
6122,14210,Caguas,PR,Puerto Rico,Consumer
6123,13299,Caguas,PR,Puerto Rico,Consumer
6124,13425,Caguas,PR,Puerto Rico,Consumer
6125,13064,Caguas,PR,Puerto Rico,Consumer
6126,14370,Caguas,PR,Puerto Rico,Consumer
6127,14208,Caguas,PR,Puerto Rico,Consumer
6128,14190,Caguas,PR,Puerto Rico,Consumer
6129,14333,Caguas,PR,Puerto Rico,Consumer
6130,14243,Caguas,PR,Puerto Rico,Consumer
6131,13387,Caguas,PR,Puerto Rico,Consumer
6132,14387,Caguas,PR,Puerto Rico,Consumer
6133,14315,Caguas,PR,Puerto Rico,Consumer
6134,14117,Caguas,PR,Puerto Rico,Consumer
6135,12972,Caguas,PR,Puerto Rico,Consumer
6136,13422,Caguas,PR,Puerto Rico,Consumer
6137,13475,Caguas,PR,Puerto Rico,Consumer
6138,13043,Caguas,PR,Puerto Rico,Consumer
6139,14133,Caguas,PR,Puerto Rico,Consumer
6140,14384,Caguas,PR,Puerto Rico,Consumer
6141,14168,Caguas,PR,Puerto Rico,Consumer
6142,10113,Caguas,PR,Puerto Rico,Consumer
6143,6881,Caguas,PR,Puerto Rico,Consumer
6144,1847,Caguas,PR,Puerto Rico,Consumer
6145,5663,Caguas,PR,Puerto Rico,Consumer
6146,3219,Caguas,PR,Puerto Rico,Consumer
6147,5260,Caguas,PR,Puerto Rico,Consumer
6148,8535,Caguas,PR,Puerto Rico,Consumer
6149,465,Caguas,PR,Puerto Rico,Consumer
6150,11681,Caguas,PR,Puerto Rico,Consumer
6151,4211,Caguas,PR,Puerto Rico,Consumer
6152,7258,Caguas,PR,Puerto Rico,Consumer
6153,9046,San Juan,PR,Puerto Rico,Consumer
6154,554,Caguas,PR,Puerto Rico,Consumer
6155,7092,Caguas,PR,Puerto Rico,Consumer
6156,11104,Caguas,PR,Puerto Rico,Consumer
6157,10479,Caguas,PR,Puerto Rico,Consumer
6158,10564,Caguas,PR,Puerto Rico,Consumer
6159,6198,Caguas,PR,Puerto Rico,Consumer
6160,9388,Caguas,PR,Puerto Rico,Consumer
6161,9515,Caguas,PR,Puerto Rico,Consumer
6162,3960,Caguas,PR,Puerto Rico,Consumer
6163,11905,Caguas,PR,Puerto Rico,Consumer
6164,13609,Caguas,PR,Puerto Rico,Consumer
6165,4849,Carolina,PR,Puerto Rico,Consumer
6166,7940,Caguas,PR,Puerto Rico,Consumer
6167,10449,Caguas,PR,Puerto Rico,Consumer
6168,11228,Caguas,PR,Puerto Rico,Consumer
6169,14040,Caguas,PR,Puerto Rico,Consumer
6170,11659,Caguas,PR,Puerto Rico,Consumer
6171,7031,Caguas,PR,Puerto Rico,Consumer
6172,10972,Caguas,PR,Puerto Rico,Consumer
6173,970,Caguas,PR,Puerto Rico,Consumer
6174,9180,Caguas,PR,Puerto Rico,Consumer
6175,6844,Caguas,PR,Puerto Rico,Consumer
6176,13805,Caguas,PR,Puerto Rico,Consumer
6177,8684,Caguas,PR,Puerto Rico,Consumer
6178,13967,Caguas,PR,Puerto Rico,Consumer
6179,2254,Caguas,PR,Puerto Rico,Consumer
6180,1229,Caguas,PR,Puerto Rico,Consumer
6181,8280,Caguas,PR,Puerto Rico,Consumer
6182,5234,Caguas,PR,Puerto Rico,Consumer
6183,6609,Caguas,PR,Puerto Rico,Consumer
6184,6643,Caguas,PR,Puerto Rico,Consumer
6185,6278,Vega Baja,PR,Puerto Rico,Consumer
6186,13840,Caguas,PR,Puerto Rico,Consumer
6187,9487,Caguas,PR,Puerto Rico,Consumer
6188,10996,Caguas,PR,Puerto Rico,Consumer
6189,5990,Mayaguez,PR,Puerto Rico,Consumer
6190,12795,Caguas,PR,Puerto Rico,Consumer
6191,13732,Caguas,PR,Puerto Rico,Consumer
6192,2864,Caguas,PR,Puerto Rico,Consumer
6193,3033,Caguas,PR,Puerto Rico,Consumer
6194,1231,Caguas,PR,Puerto Rico,Consumer
6195,2652,Caguas,PR,Puerto Rico,Consumer
6196,5553,Caguas,PR,Puerto Rico,Consumer
6197,849,Caguas,PR,Puerto Rico,Consumer
6198,2594,Guaynabo,PR,Puerto Rico,Consumer
6199,3496,Caguas,PR,Puerto Rico,Consumer
6200,13857,Caguas,PR,Puerto Rico,Consumer
6201,8994,Caguas,PR,Puerto Rico,Consumer
6202,11997,Caguas,PR,Puerto Rico,Consumer
6203,3976,Carolina,PR,Puerto Rico,Consumer
6204,14713,Caguas,PR,Puerto Rico,Consumer
6205,7506,Caguas,PR,Puerto Rico,Consumer
6206,10306,Caguas,PR,Puerto Rico,Consumer
6207,21,Caguas,PR,Puerto Rico,Consumer
6208,9313,Caguas,PR,Puerto Rico,Consumer
6209,10670,Caguas,PR,Puerto Rico,Consumer
6210,2789,Caguas,PR,Puerto Rico,Consumer
6211,6167,Caguas,PR,Puerto Rico,Consumer
6212,11786,Caguas,PR,Puerto Rico,Consumer
6213,290,Caguas,PR,Puerto Rico,Consumer
6214,1500,Caguas,PR,Puerto Rico,Consumer
6215,10139,Caguas,PR,Puerto Rico,Consumer
6216,14820,Caguas,PR,Puerto Rico,Consumer
6217,4703,Caguas,PR,Puerto Rico,Consumer
6218,10642,Caguas,PR,Puerto Rico,Consumer
6219,6018,Caguas,PR,Puerto Rico,Consumer
6220,1457,Caguas,PR,Puerto Rico,Consumer
6221,9538,Caguas,PR,Puerto Rico,Consumer
6222,11420,Caguas,PR,Puerto Rico,Consumer
6223,6258,Caguas,PR,Puerto Rico,Consumer
6224,11163,Caguas,PR,Puerto Rico,Consumer
6225,2535,Caguas,PR,Puerto Rico,Consumer
6226,6852,Caguas,PR,Puerto Rico,Consumer
6227,8374,Caguas,PR,Puerto Rico,Consumer
6228,8487,Caguas,PR,Puerto Rico,Consumer
6229,318,Caguas,PR,Puerto Rico,Consumer
6230,2869,Caguas,PR,Puerto Rico,Consumer
6231,12215,Caguas,PR,Puerto Rico,Consumer
6232,6905,Caguas,PR,Puerto Rico,Consumer
6233,10552,Caguas,PR,Puerto Rico,Consumer
6234,316,Caguas,PR,Puerto Rico,Consumer
6235,8197,Caguas,PR,Puerto Rico,Consumer
6236,14836,Caguas,PR,Puerto Rico,Consumer
6237,2609,Caguas,PR,Puerto Rico,Consumer
6238,9885,Caguas,PR,Puerto Rico,Consumer
6239,12754,Caguas,PR,Puerto Rico,Consumer
6240,10973,Mayaguez,PR,Puerto Rico,Consumer
6241,13835,Caguas,PR,Puerto Rico,Consumer
6242,250,Caguas,PR,Puerto Rico,Consumer
6243,1706,Caguas,PR,Puerto Rico,Consumer
6244,7047,Caguas,PR,Puerto Rico,Consumer
6245,1013,Caguas,PR,Puerto Rico,Consumer
6246,14780,Caguas,PR,Puerto Rico,Consumer
6247,13762,Caguas,PR,Puerto Rico,Consumer
6248,13690,Caguas,PR,Puerto Rico,Consumer
6249,11490,Caguas,PR,Puerto Rico,Consumer
6250,13924,Caguas,PR,Puerto Rico,Consumer
6251,11418,Caguas,PR,Puerto Rico,Consumer
6252,10953,Caguas,PR,Puerto Rico,Consumer
6253,6829,Caguas,PR,Puerto Rico,Consumer
6254,8721,Caguas,PR,Puerto Rico,Consumer
6255,2654,Caguas,PR,Puerto Rico,Consumer
6256,7243,Caguas,PR,Puerto Rico,Consumer
6257,12752,Caguas,PR,Puerto Rico,Consumer
6258,8091,Caguas,PR,Puerto Rico,Consumer
6259,12035,Caguas,PR,Puerto Rico,Consumer
6260,5275,Trujillo Alto,PR,Puerto Rico,Consumer
6261,14013,Caguas,PR,Puerto Rico,Consumer
6262,8816,Caguas,PR,Puerto Rico,Consumer
6263,7500,Caguas,PR,Puerto Rico,Consumer
6264,12389,Arecibo,PR,Puerto Rico,Consumer
6265,8246,Caguas,PR,Puerto Rico,Consumer
6266,11537,Caguas,PR,Puerto Rico,Consumer
6267,8776,Caguas,PR,Puerto Rico,Consumer
6268,8926,Caguas,PR,Puerto Rico,Consumer
6269,1439,Caguas,PR,Puerto Rico,Consumer
6270,9479,Caguas,PR,Puerto Rico,Consumer
6271,8239,Caguas,PR,Puerto Rico,Consumer
6272,9833,Caguas,PR,Puerto Rico,Consumer
6273,9407,Caguas,PR,Puerto Rico,Consumer
6274,9194,Caguas,PR,Puerto Rico,Consumer
6275,2819,Caguas,PR,Puerto Rico,Consumer
6276,13994,Caguas,PR,Puerto Rico,Consumer
6277,8949,Caguas,PR,Puerto Rico,Consumer
6278,5027,Caguas,PR,Puerto Rico,Consumer
6279,8432,Caguas,PR,Puerto Rico,Consumer
6280,11539,Caguas,PR,Puerto Rico,Consumer
6281,13867,Caguas,PR,Puerto Rico,Consumer
6282,8237,Caguas,PR,Puerto Rico,Consumer
6283,12804,Caguas,PR,Puerto Rico,Consumer
6284,2791,Caguas,PR,Puerto Rico,Consumer
6285,13759,Caguas,PR,Puerto Rico,Consumer
6286,13561,Caguas,PR,Puerto Rico,Consumer
6287,14777,Caguas,PR,Puerto Rico,Consumer
6288,11631,Caguas,PR,Puerto Rico,Consumer
6289,3774,Caguas,PR,Puerto Rico,Consumer
6290,2946,Caguas,PR,Puerto Rico,Consumer
6291,9105,Caguas,PR,Puerto Rico,Consumer
6292,7901,Caguas,PR,Puerto Rico,Consumer
6293,2638,Caguas,PR,Puerto Rico,Consumer
6294,6455,Caguas,PR,Puerto Rico,Consumer
6295,4946,Caguas,PR,Puerto Rico,Consumer
6296,2344,Caguas,PR,Puerto Rico,Consumer
6297,3538,Caguas,PR,Puerto Rico,Consumer
6298,13740,Caguas,PR,Puerto Rico,Consumer
6299,976,Caguas,PR,Puerto Rico,Consumer
6300,7616,Caguas,PR,Puerto Rico,Consumer
6301,3532,Caguas,PR,Puerto Rico,Consumer
6302,5409,Caguas,PR,Puerto Rico,Consumer
6303,3843,Caguas,PR,Puerto Rico,Consumer
6304,9790,Toa Alta,PR,Puerto Rico,Consumer
6305,6937,Caguas,PR,Puerto Rico,Consumer
6306,14721,Caguas,PR,Puerto Rico,Consumer
6307,1073,Caguas,PR,Puerto Rico,Consumer
6308,9218,Caguas,PR,Puerto Rico,Consumer
6309,6481,Cayey,PR,Puerto Rico,Consumer
6310,12784,Caguas,PR,Puerto Rico,Consumer
6311,1037,Caguas,PR,Puerto Rico,Consumer
6312,2242,Caguas,PR,Puerto Rico,Consumer
6313,6020,Caguas,PR,Puerto Rico,Consumer
6314,9009,Caguas,PR,Puerto Rico,Consumer
6315,11728,Caguas,PR,Puerto Rico,Consumer
6316,8960,Caguas,PR,Puerto Rico,Consumer
6317,7950,Caguas,PR,Puerto Rico,Consumer
6318,7404,Caguas,PR,Puerto Rico,Consumer
6319,13792,San Juan,PR,Puerto Rico,Consumer
6320,1787,Caguas,PR,Puerto Rico,Consumer
6321,9825,Caguas,PR,Puerto Rico,Consumer
6322,1364,Caguas,PR,Puerto Rico,Consumer
6323,1115,Caguas,PR,Puerto Rico,Consumer
6324,3723,Humacao,PR,Puerto Rico,Consumer
6325,7409,Caguas,PR,Puerto Rico,Consumer
6326,12782,Caguas,PR,Puerto Rico,Consumer
6327,13845,Caguas,PR,Puerto Rico,Consumer
6328,10277,Caguas,PR,Puerto Rico,Consumer
6329,7640,Caguas,PR,Puerto Rico,Consumer
6330,5288,Caguas,PR,Puerto Rico,Consumer
6331,642,Caguas,PR,Puerto Rico,Consumer
6332,14024,Caguas,PR,Puerto Rico,Consumer
6333,14790,Caguas,PR,Puerto Rico,Consumer
6334,2058,Caguas,PR,Puerto Rico,Consumer
6335,3542,Caguas,PR,Puerto Rico,Consumer
6336,9155,Caguas,PR,Puerto Rico,Consumer
6337,1979,Caguas,PR,Puerto Rico,Consumer
6338,12745,Caguas,PR,Puerto Rico,Consumer
6339,13880,Caguas,PR,Puerto Rico,Consumer
6340,12039,Caguas,PR,Puerto Rico,Consumer
6341,11587,Caguas,PR,Puerto Rico,Consumer
6342,4108,Caguas,PR,Puerto Rico,Consumer
6343,9150,Caguas,PR,Puerto Rico,Consumer
6344,361,Caguas,PR,Puerto Rico,Consumer
6345,8174,Caguas,PR,Puerto Rico,Consumer
6346,168,Caguas,PR,Puerto Rico,Consumer
6347,11627,Caguas,PR,Puerto Rico,Consumer
6348,2496,Caguas,PR,Puerto Rico,Consumer
6349,4973,Caguas,PR,Puerto Rico,Consumer
6350,11176,Caguas,PR,Puerto Rico,Consumer
6351,11477,Caguas,PR,Puerto Rico,Consumer
6352,6192,Caguas,PR,Puerto Rico,Consumer
6353,8919,Caguas,PR,Puerto Rico,Consumer
6354,11134,Caguas,PR,Puerto Rico,Consumer
6355,2445,Caguas,PR,Puerto Rico,Consumer
6356,9019,Caguas,PR,Puerto Rico,Consumer
6357,335,Caguas,PR,Puerto Rico,Consumer
6358,11705,Caguas,PR,Puerto Rico,Consumer
6359,3462,Caguas,PR,Puerto Rico,Consumer
6360,760,Caguas,PR,Puerto Rico,Consumer
6361,8420,Caguas,PR,Puerto Rico,Consumer
6362,8516,Caguas,PR,Puerto Rico,Consumer
6363,4307,Caguas,PR,Puerto Rico,Consumer
6364,11689,Caguas,PR,Puerto Rico,Consumer
6365,9424,Caguas,PR,Puerto Rico,Consumer
6366,3079,Caguas,PR,Puerto Rico,Consumer
6367,3530,Caguas,PR,Puerto Rico,Consumer
6368,4544,Caguas,PR,Puerto Rico,Consumer
6369,363,Caguas,PR,Puerto Rico,Consumer
6370,11685,Caguas,PR,Puerto Rico,Consumer
6371,10078,Manati,PR,Puerto Rico,Consumer
6372,2586,Caguas,PR,Puerto Rico,Consumer
6373,2961,Caguas,PR,Puerto Rico,Consumer
6374,1453,Caguas,PR,Puerto Rico,Consumer
6375,10443,Caguas,PR,Puerto Rico,Consumer
6376,4953,Caguas,PR,Puerto Rico,Consumer
6377,6171,Caguas,PR,Puerto Rico,Consumer
6378,10663,Caguas,PR,Puerto Rico,Consumer
6379,12254,Caguas,PR,Puerto Rico,Consumer
6380,648,Arecibo,PR,Puerto Rico,Consumer
6381,4669,Humacao,PR,Puerto Rico,Consumer
6382,9954,Caguas,PR,Puerto Rico,Consumer
6383,8805,Caguas,PR,Puerto Rico,Consumer
6384,7809,Caguas,PR,Puerto Rico,Consumer
6385,2044,Caguas,PR,Puerto Rico,Consumer
6386,9510,Caguas,PR,Puerto Rico,Consumer
6387,8573,Guaynabo,PR,Puerto Rico,Consumer
6388,8989,Caguas,PR,Puerto Rico,Consumer
6389,5247,Caguas,PR,Puerto Rico,Consumer
6390,12096,Caguas,PR,Puerto Rico,Consumer
6391,6442,Caguas,PR,Puerto Rico,Consumer
6392,2447,Caguas,PR,Puerto Rico,Consumer
6393,6253,Caguas,PR,Puerto Rico,Consumer
6394,2422,San Juan,PR,Puerto Rico,Consumer
6395,2777,Caguas,PR,Puerto Rico,Consumer
6396,6471,Caguas,PR,Puerto Rico,Consumer
6397,10571,Caguas,PR,Puerto Rico,Consumer
6398,8798,Caguas,PR,Puerto Rico,Consumer
6399,11036,Caguas,PR,Puerto Rico,Consumer
6400,9767,Caguas,PR,Puerto Rico,Consumer
6401,5151,Caguas,PR,Puerto Rico,Consumer
6402,6562,Caguas,PR,Puerto Rico,Consumer
6403,11929,Caguas,PR,Puerto Rico,Consumer
6404,6921,Caguas,PR,Puerto Rico,Consumer
6405,7799,Caguas,PR,Puerto Rico,Consumer
6406,10925,Caguas,PR,Puerto Rico,Consumer
6407,270,Caguas,PR,Puerto Rico,Consumer
6408,7695,Caguas,PR,Puerto Rico,Consumer
6409,5401,Caguas,PR,Puerto Rico,Consumer
6410,11653,Caguas,PR,Puerto Rico,Consumer
6411,9382,Caguas,PR,Puerto Rico,Consumer
6412,3933,Caguas,PR,Puerto Rico,Consumer
6413,4166,Caguas,PR,Puerto Rico,Consumer
6414,4344,Caguas,PR,Puerto Rico,Consumer
6415,11299,Caguas,PR,Puerto Rico,Consumer
6416,6312,Caguas,PR,Puerto Rico,Consumer
6417,3727,Caguas,PR,Puerto Rico,Consumer
6418,5566,Caguas,PR,Puerto Rico,Consumer
6419,1019,Caguas,PR,Puerto Rico,Consumer
6420,6324,Caguas,PR,Puerto Rico,Consumer
6421,12470,Caguas,PR,Puerto Rico,Consumer
6422,12523,Caguas,PR,Puerto Rico,Consumer
6423,12576,Caguas,PR,Puerto Rico,Consumer
6424,12737,Caguas,PR,Puerto Rico,Consumer
6425,12574,Caguas,PR,Puerto Rico,Consumer
6426,12457,Caguas,PR,Puerto Rico,Consumer
6427,12618,Caguas,PR,Puerto Rico,Consumer
6428,12545,Caguas,PR,Puerto Rico,Consumer
6429,12706,Caguas,PR,Puerto Rico,Consumer
6430,12741,Caguas,PR,Puerto Rico,Consumer
6431,14926,Caguas,PR,Puerto Rico,Consumer
6432,12939,Caguas,PR,Puerto Rico,Consumer
6433,14996,Caguas,PR,Puerto Rico,Consumer
6434,14957,Caguas,PR,Puerto Rico,Consumer
6435,12863,Caguas,PR,Puerto Rico,Consumer
6436,15045,Caguas,PR,Puerto Rico,Consumer
6437,12931,Caguas,PR,Puerto Rico,Consumer
6438,12913,Caguas,PR,Puerto Rico,Consumer
6439,15113,Caguas,PR,Puerto Rico,Consumer
6440,15005,Caguas,PR,Puerto Rico,Consumer
6441,12875,Caguas,PR,Puerto Rico,Consumer
6442,14950,Caguas,PR,Puerto Rico,Consumer
6443,15092,Caguas,PR,Puerto Rico,Consumer
6444,15110,Caguas,PR,Puerto Rico,Consumer
6445,15125,Caguas,PR,Puerto Rico,Consumer
6446,13419,Caguas,PR,Puerto Rico,Consumer
6447,14128,Mayaguez,PR,Puerto Rico,Consumer
6448,12964,Caguas,PR,Puerto Rico,Consumer
6449,13115,Caguas,PR,Puerto Rico,Consumer
6450,5501,Caguas,PR,Puerto Rico,Consumer
6451,6065,Caguas,PR,Puerto Rico,Consumer
6452,9737,Caguas,PR,Puerto Rico,Consumer
6453,5946,Caguas,PR,Puerto Rico,Consumer
6454,10000,Caguas,PR,Puerto Rico,Consumer
6455,230,Caguas,PR,Puerto Rico,Consumer
6456,11897,Caguas,PR,Puerto Rico,Consumer
6457,7998,Caguas,PR,Puerto Rico,Consumer
6458,7759,Caguas,PR,Puerto Rico,Consumer
6459,6866,Caguas,PR,Puerto Rico,Consumer
6460,4614,Caguas,PR,Puerto Rico,Consumer
6461,8430,Caguas,PR,Puerto Rico,Consumer
6462,5423,Caguas,PR,Puerto Rico,Consumer
6463,6196,Caguas,PR,Puerto Rico,Consumer
6464,3447,Caguas,PR,Puerto Rico,Consumer
6465,4969,Caguas,PR,Puerto Rico,Consumer
6466,13594,Caguas,PR,Puerto Rico,Consumer
6467,628,Caguas,PR,Puerto Rico,Consumer
6468,867,Caguas,PR,Puerto Rico,Consumer
6469,257,Humacao,PR,Puerto Rico,Consumer
6470,7607,Caguas,PR,Puerto Rico,Consumer
6471,6582,Caguas,PR,Puerto Rico,Consumer
6472,6767,Caguas,PR,Puerto Rico,Consumer
6473,5644,Caguas,PR,Puerto Rico,Consumer
6474,10282,Caguas,PR,Puerto Rico,Consumer
6475,4309,Caguas,PR,Puerto Rico,Consumer
6476,5459,Caguas,PR,Puerto Rico,Consumer
6477,10635,Caguas,PR,Puerto Rico,Consumer
6478,4013,Caguas,PR,Puerto Rico,Consumer
6479,10912,Caguas,PR,Puerto Rico,Consumer
6480,3903,Cleveland,OH,EE. UU.,Corporate
6481,9625,New York,NY,EE. UU.,Corporate
6482,446,Mission Viejo,CA,EE. UU.,Corporate
6483,8261,Dallas,TX,EE. UU.,Corporate
6484,3170,Woodbridge,VA,EE. UU.,Corporate
6485,3175,Tucson,AZ,EE. UU.,Corporate
6486,10339,Carol Stream,IL,EE. UU.,Corporate
6487,10205,Muskegon,MI,EE. UU.,Corporate
6488,4874,Seattle,WA,EE. UU.,Corporate
6489,844,Las Vegas,NV,EE. UU.,Corporate
6490,3703,Baldwin Park,CA,EE. UU.,Corporate
6491,7641,Houston,TX,EE. UU.,Corporate
6492,5573,Cleveland,OH,EE. UU.,Corporate
6493,6595,New York,NY,EE. UU.,Corporate
6494,6990,New York,NY,EE. UU.,Corporate
6495,9615,Escondido,CA,EE. UU.,Corporate
6496,6553,Waukegan,IL,EE. UU.,Corporate
6497,1779,South Ozone Park,NY,EE. UU.,Corporate
6498,2657,Allentown,PA,EE. UU.,Corporate
6499,1183,Phoenix,AZ,EE. UU.,Corporate
6500,4913,Amarillo,TX,EE. UU.,Corporate
6501,9489,Miami,FL,EE. UU.,Corporate
6502,6722,Normal,IL,EE. UU.,Corporate
6503,4426,Dallas,TX,EE. UU.,Corporate
6504,3820,Beaverton,OR,EE. UU.,Corporate
6505,1909,Carson,CA,EE. UU.,Corporate
6506,9837,Goose Creek,SC,EE. UU.,Corporate
6507,5078,Philadelphia,PA,EE. UU.,Corporate
6508,10440,Lakewood,NJ,EE. UU.,Corporate
6509,4202,Catonsville,MD,EE. UU.,Corporate
6510,9329,Metairie,LA,EE. UU.,Corporate
6511,7613,Pomona,CA,EE. UU.,Corporate
6512,3189,Atlanta,GA,EE. UU.,Corporate
6513,11883,Albuquerque,NM,EE. UU.,Corporate
6514,10483,Porterville,CA,EE. UU.,Corporate
6515,11382,Huntington Beach,CA,EE. UU.,Corporate
6516,86,Fort Worth,TX,EE. UU.,Corporate
6517,9237,Vista,CA,EE. UU.,Corporate
6518,5356,Reynoldsburg,OH,EE. UU.,Corporate
6519,7604,Phoenix,AZ,EE. UU.,Corporate
6520,9655,San Jose,CA,EE. UU.,Corporate
6521,4219,Hamilton,OH,EE. UU.,Corporate
6522,1332,Baltimore,MD,EE. UU.,Corporate
6523,7656,Bakersfield,CA,EE. UU.,Corporate
6524,9862,Highland,CA,EE. UU.,Corporate
6525,11993,Dundalk,MD,EE. UU.,Corporate
6526,12427,Plano,TX,EE. UU.,Corporate
6527,10152,Houston,TX,EE. UU.,Corporate
6528,2564,Amarillo,TX,EE. UU.,Corporate
6529,5024,Flushing,NY,EE. UU.,Corporate
6530,2756,Bakersfield,CA,EE. UU.,Corporate
6531,4471,Sacramento,CA,EE. UU.,Corporate
6532,1960,Newark,DE,EE. UU.,Corporate
6533,2198,Fort Lauderdale,FL,EE. UU.,Corporate
6534,11737,Miami,FL,EE. UU.,Corporate
6535,2770,Fremont,CA,EE. UU.,Corporate
6536,10,Stafford,VA,EE. UU.,Corporate
6537,159,Corona,NY,EE. UU.,Corporate
6538,4413,Sugar Land,TX,EE. UU.,Corporate
6539,3999,Bronx,NY,EE. UU.,Corporate
6540,5059,Goose Creek,SC,EE. UU.,Corporate
6541,3906,Tucson,AZ,EE. UU.,Corporate
6542,12166,Phoenix,AZ,EE. UU.,Corporate
6543,7659,Fairfield,OH,EE. UU.,Corporate
6544,2204,Hamtramck,MI,EE. UU.,Corporate
6545,10970,Newark,NJ,EE. UU.,Corporate
6546,6012,Brooklyn,NY,EE. UU.,Corporate
6547,6436,Dallas,TX,EE. UU.,Corporate
6548,3058,El Centro,CA,EE. UU.,Corporate
6549,7558,Bronx,NY,EE. UU.,Corporate
6550,11596,Brighton,MA,EE. UU.,Corporate
6551,5685,Brooklyn,NY,EE. UU.,Corporate
6552,1033,Miami,FL,EE. UU.,Corporate
6553,5070,Mililani,HI,EE. UU.,Corporate
6554,6677,Los Angeles,CA,EE. UU.,Corporate
6555,8364,Brooklyn,NY,EE. UU.,Corporate
6556,10170,Tulare,CA,EE. UU.,Corporate
6557,10594,Oakland,CA,EE. UU.,Corporate
6558,7233,Chicago,IL,EE. UU.,Corporate
6559,659,Greenville,NC,EE. UU.,Corporate
6560,10631,Union,NJ,EE. UU.,Corporate
6561,572,Spring Valley,CA,EE. UU.,Corporate
6562,4168,Weslaco,TX,EE. UU.,Corporate
6563,9141,Bakersfield,CA,EE. UU.,Corporate
6564,11792,Middletown,OH,EE. UU.,Corporate
6565,6574,Lakewood,NJ,EE. UU.,Corporate
6566,1343,Del Rio,TX,EE. UU.,Corporate
6567,9874,Dallas,TX,EE. UU.,Corporate
6568,6911,San Diego,CA,EE. UU.,Corporate
6569,6969,Tustin,CA,EE. UU.,Corporate
6570,1982,Washington,PA,EE. UU.,Corporate
6571,170,Broomfield,CO,EE. UU.,Corporate
6572,3613,Brooklyn,NY,EE. UU.,Corporate
6573,9895,La Crosse,WI,EE. UU.,Corporate
6574,6988,Denton,TX,EE. UU.,Corporate
6575,3860,San Antonio,TX,EE. UU.,Corporate
6576,574,Joliet,IL,EE. UU.,Corporate
6577,2056,Chicago Heights,IL,EE. UU.,Corporate
6578,1405,Strongsville,OH,EE. UU.,Corporate
6579,8567,Philadelphia,PA,EE. UU.,Corporate
6580,3592,Richmond,KY,EE. UU.,Corporate
6581,4381,Chicago,IL,EE. UU.,Corporate
6582,12397,Dearborn,MI,EE. UU.,Corporate
6583,453,Lancaster,SC,EE. UU.,Corporate
6584,11099,La Mirada,CA,EE. UU.,Corporate
6585,1727,Jamaica,NY,EE. UU.,Corporate
6586,4040,Roseville,MI,EE. UU.,Corporate
6587,4468,Carol Stream,IL,EE. UU.,Corporate
6588,9377,Philadelphia,PA,EE. UU.,Corporate
6589,7318,Memphis,TN,EE. UU.,Corporate
6590,10786,Stockton,CA,EE. UU.,Corporate
6591,10270,Hamilton,OH,EE. UU.,Corporate
6592,5818,El Paso,TX,EE. UU.,Corporate
6593,7908,Sugar Land,TX,EE. UU.,Corporate
6594,6178,Lancaster,SC,EE. UU.,Corporate
6595,4178,Miami,FL,EE. UU.,Corporate
6596,5613,Chicago,IL,EE. UU.,Corporate
6597,5390,Allentown,PA,EE. UU.,Corporate
6598,5570,Mission Viejo,CA,EE. UU.,Corporate
6599,10586,Huntington Station,NY,EE. UU.,Corporate
6600,4865,Bridgeton,NJ,EE. UU.,Corporate
6601,9130,Brooklyn,NY,EE. UU.,Corporate
6602,10781,Hialeah,FL,EE. UU.,Corporate
6603,6923,Miami,FL,EE. UU.,Corporate
6604,6453,Brooklyn,NY,EE. UU.,Corporate
6605,5388,Hendersonville,TN,EE. UU.,Corporate
6606,6154,Miami,FL,EE. UU.,Corporate
6607,1648,Cerritos,CA,EE. UU.,Corporate
6608,6669,Los Angeles,CA,EE. UU.,Corporate
6609,9175,Detroit,MI,EE. UU.,Corporate
6610,4487,Diamond Bar,CA,EE. UU.,Corporate
6611,3744,Ontario,CA,EE. UU.,Corporate
6612,1714,Crystal Lake,IL,EE. UU.,Corporate
6613,8061,Salt Lake City,UT,EE. UU.,Corporate
6614,478,Plainfield,IL,EE. UU.,Corporate
6615,11226,Philadelphia,PA,EE. UU.,Corporate
6616,8109,Opelousas,LA,EE. UU.,Corporate
6617,6510,Cumberland,MD,EE. UU.,Corporate
6618,8745,Ontario,CA,EE. UU.,Corporate
6619,5476,Aurora,CO,EE. UU.,Corporate
6620,7130,Brooklyn,NY,EE. UU.,Corporate
6621,2763,Mesa,AZ,EE. UU.,Corporate
6622,5550,Weslaco,TX,EE. UU.,Corporate
6623,2829,Costa Mesa,CA,EE. UU.,Corporate
6624,8076,Ann Arbor,MI,EE. UU.,Corporate
6625,7933,Chicago,IL,EE. UU.,Corporate
6626,3831,Bakersfield,CA,EE. UU.,Corporate
6627,1112,Saint Paul,MN,EE. UU.,Corporate
6628,8453,Virginia Beach,VA,EE. UU.,Corporate
6629,1919,Fort Worth,TX,EE. UU.,Corporate
6630,189,San Marcos,TX,EE. UU.,Corporate
6631,1316,Houston,TX,EE. UU.,Corporate
6632,6328,Los Angeles,CA,EE. UU.,Corporate
6633,9176,Webster,NY,EE. UU.,Corporate
6634,1942,Honolulu,HI,EE. UU.,Corporate
6635,5266,Brooklyn,NY,EE. UU.,Corporate
6636,5244,Bronx,NY,EE. UU.,Corporate
6637,9810,Ogden,UT,EE. UU.,Corporate
6638,4925,Union City,NJ,EE. UU.,Corporate
6639,4713,Passaic,NJ,EE. UU.,Corporate
6640,9333,Los Angeles,CA,EE. UU.,Corporate
6641,9859,York,PA,EE. UU.,Corporate
6642,10275,Forest Hills,NY,EE. UU.,Corporate
6643,3828,El Paso,TX,EE. UU.,Corporate
6644,3106,Las Cruces,NM,EE. UU.,Corporate
6645,11362,Bakersfield,CA,EE. UU.,Corporate
6646,7847,Saint Louis,MO,EE. UU.,Corporate
6647,963,Toms River,NJ,EE. UU.,Corporate
6648,6554,Pomona,CA,EE. UU.,Corporate
6649,11439,El Paso,TX,EE. UU.,Corporate
6650,261,Cerritos,CA,EE. UU.,Corporate
6651,11926,Saint Paul,MN,EE. UU.,Corporate
6652,8347,Lynnwood,WA,EE. UU.,Corporate
6653,9322,New Brunswick,NJ,EE. UU.,Corporate
6654,11974,Ventura,CA,EE. UU.,Corporate
6655,2118,Lakewood,NJ,EE. UU.,Corporate
6656,1416,Atlanta,GA,EE. UU.,Corporate
6657,7535,Honolulu,HI,EE. UU.,Corporate
6658,1505,Santa Ana,CA,EE. UU.,Corporate
6659,9547,Los Angeles,CA,EE. UU.,Corporate
6660,6710,Santa Fe,NM,EE. UU.,Corporate
6661,9843,Hayward,CA,EE. UU.,Corporate
6662,4443,Long Beach,CA,EE. UU.,Corporate
6663,4057,Aurora,CO,EE. UU.,Corporate
6664,5050,Huntington Beach,CA,EE. UU.,Corporate
6665,10782,Compton,CA,EE. UU.,Corporate
6666,7661,Dallas,TX,EE. UU.,Corporate
6667,10806,Fremont,CA,EE. UU.,Corporate
6668,11807,Marietta,GA,EE. UU.,Corporate
6669,8679,Lansdale,PA,EE. UU.,Corporate
6670,6353,Decatur,GA,EE. UU.,Corporate
6671,10526,Citrus Heights,CA,EE. UU.,Corporate
6672,3287,Kailua,HI,EE. UU.,Corporate
6673,324,Pico Rivera,CA,EE. UU.,Corporate
6674,9660,Pawtucket,RI,EE. UU.,Corporate
6675,11375,Sacramento,CA,EE. UU.,Corporate
6676,2624,Harvey,IL,EE. UU.,Corporate
6677,8258,Canton,MI,EE. UU.,Corporate
6678,9357,Encinitas,CA,EE. UU.,Corporate
6679,4463,Fairfield,CA,EE. UU.,Corporate
6680,10105,Zanesville,OH,EE. UU.,Corporate
6681,1731,Spring,TX,EE. UU.,Corporate
6682,2836,Chapel Hill,NC,EE. UU.,Corporate
6683,7375,Hagerstown,MD,EE. UU.,Corporate
6684,11135,New York,NY,EE. UU.,Corporate
6685,11054,Colton,CA,EE. UU.,Corporate
6686,9756,Dallas,TX,EE. UU.,Corporate
6687,473,Elmhurst,IL,EE. UU.,Corporate
6688,11062,Olathe,KS,EE. UU.,Corporate
6689,8442,Crown Point,IN,EE. UU.,Corporate
6690,10489,Washington,DC,EE. UU.,Corporate
6691,6863,Memphis,TN,EE. UU.,Corporate
6692,3326,Elmhurst,IL,EE. UU.,Corporate
6693,11336,Charlotte,NC,EE. UU.,Corporate
6694,6392,Washington,DC,EE. UU.,Corporate
6695,10887,Endicott,NY,EE. UU.,Corporate
6696,1348,Encinitas,CA,EE. UU.,Corporate
6697,3473,Hialeah,FL,EE. UU.,Corporate
6698,10387,New York,NY,EE. UU.,Corporate
6699,11141,Eugene,OR,EE. UU.,Corporate
6700,2906,Gardena,CA,EE. UU.,Corporate
6701,11196,Tempe,AZ,EE. UU.,Corporate
6702,3299,Bronx,NY,EE. UU.,Corporate
6703,9827,North Hollywood,CA,EE. UU.,Corporate
6704,8888,Alpharetta,GA,EE. UU.,Corporate
6705,337,New Haven,CT,EE. UU.,Corporate
6706,541,Lynwood,CA,EE. UU.,Corporate
6707,2441,Jacksonville,NC,EE. UU.,Corporate
6708,3863,Nashville,TN,EE. UU.,Corporate
6709,5439,Bronx,NY,EE. UU.,Corporate
6710,1030,Colorado Springs,CO,EE. UU.,Corporate
6711,9966,Lutz,FL,EE. UU.,Corporate
6712,8410,Miami,FL,EE. UU.,Corporate
6713,1017,Jackson Heights,NY,EE. UU.,Corporate
6714,6982,Canyon Country,CA,EE. UU.,Corporate
6715,7109,Chicago,IL,EE. UU.,Corporate
6716,11821,Bronx,NY,EE. UU.,Corporate
6717,1977,Los Angeles,CA,EE. UU.,Corporate
6718,4693,Brooklyn,NY,EE. UU.,Corporate
6719,3009,North Tonawanda,NY,EE. UU.,Corporate
6720,929,Pompano Beach,FL,EE. UU.,Corporate
6721,9026,Sacramento,CA,EE. UU.,Corporate
6722,9347,Oxnard,CA,EE. UU.,Corporate
6723,3892,Waukegan,IL,EE. UU.,Corporate
6724,4449,Peabody,MA,EE. UU.,Corporate
6725,7999,Compton,CA,EE. UU.,Corporate
6726,7993,San Antonio,TX,EE. UU.,Corporate
6727,9633,Saint Louis,MO,EE. UU.,Corporate
6728,9871,Panorama City,CA,EE. UU.,Corporate
6729,6024,Las Vegas,NV,EE. UU.,Corporate
6730,10805,Chicago,IL,EE. UU.,Corporate
6731,3751,Jersey City,NJ,EE. UU.,Corporate
6732,5334,Richmond,KY,EE. UU.,Corporate
6733,3650,Pompano Beach,FL,EE. UU.,Corporate
6734,9611,Saint Louis,MO,EE. UU.,Corporate
6735,2370,Poway,CA,EE. UU.,Corporate
6736,8260,Antioch,TN,EE. UU.,Corporate
6737,4734,Los Angeles,CA,EE. UU.,Consumer
6738,6269,Hendersonville,TN,EE. UU.,Consumer
6739,1574,Miami,FL,EE. UU.,Consumer
6740,3492,Campbell,CA,EE. UU.,Consumer
6741,6126,Chino,CA,EE. UU.,Consumer
6742,11535,Ypsilanti,MI,EE. UU.,Consumer
6743,4956,Austin,TX,EE. UU.,Consumer
6744,8574,Wyandotte,MI,EE. UU.,Consumer
6745,10250,Philadelphia,PA,EE. UU.,Consumer
6746,10909,Portland,OR,EE. UU.,Consumer
6747,8206,Hayward,CA,EE. UU.,Consumer
6748,8113,Pittsfield,MA,EE. UU.,Consumer
6749,12129,Bronx,NY,EE. UU.,Consumer
6750,9010,Santa Clara,CA,EE. UU.,Consumer
6751,3844,Hampton,VA,EE. UU.,Consumer
6752,3114,Billings,MT,EE. UU.,Consumer
6753,12306,Goose Creek,SC,EE. UU.,Consumer
6754,4193,Sanford,NC,EE. UU.,Consumer
6755,11688,Germantown,MD,EE. UU.,Consumer
6756,9747,Endicott,NY,EE. UU.,Consumer
6757,9380,South El Monte,CA,EE. UU.,Consumer
6758,5237,Rowland Heights,CA,EE. UU.,Consumer
6759,5241,Germantown,MD,EE. UU.,Consumer
6760,1831,Catonsville,MD,EE. UU.,Consumer
6761,553,Fremont,CA,EE. UU.,Consumer
6762,6674,Jackson Heights,NY,EE. UU.,Consumer
6763,5249,Sacramento,CA,EE. UU.,Consumer
6764,5090,Carlsbad,CA,EE. UU.,Consumer
6765,688,Houston,TX,EE. UU.,Consumer
6766,1462,Los Angeles,CA,EE. UU.,Consumer
6767,9331,Clementon,NJ,EE. UU.,Consumer
6768,1380,Huntington Beach,CA,EE. UU.,Consumer
6769,6435,Salinas,CA,EE. UU.,Consumer
6770,4530,Miami,FL,EE. UU.,Consumer
6771,11660,Sacramento,CA,EE. UU.,Consumer
6772,1456,Spring,TX,EE. UU.,Consumer
6773,12080,Baltimore,MD,EE. UU.,Consumer
6774,2463,Sheboygan,WI,EE. UU.,Consumer
6775,4901,Milford,CT,EE. UU.,Consumer
6776,1634,Morrisville,PA,EE. UU.,Consumer
6777,6137,Tustin,CA,EE. UU.,Consumer
6778,3560,Sandusky,OH,EE. UU.,Consumer
6779,2845,Aurora,CO,EE. UU.,Consumer
6780,1024,Bronx,NY,EE. UU.,Consumer
6781,4208,Atlanta,GA,EE. UU.,Consumer
6782,4122,Chicago,IL,EE. UU.,Consumer
6783,3531,Aurora,CO,EE. UU.,Consumer
6784,1386,Beaverton,OR,EE. UU.,Consumer
6785,6478,New York,NY,EE. UU.,Consumer
6786,4483,Baltimore,MD,EE. UU.,Consumer
6787,11103,Yonkers,NY,EE. UU.,Consumer
6788,5810,Rome,NY,EE. UU.,Consumer
6789,2738,Phoenix,AZ,EE. UU.,Consumer
6790,9788,Holland,MI,EE. UU.,Consumer
6791,8749,Bronx,NY,EE. UU.,Consumer
6792,5377,Middletown,OH,EE. UU.,Consumer
6793,7460,East Brunswick,NJ,EE. UU.,Consumer
6794,2519,Hamtramck,MI,EE. UU.,Consumer
6795,7992,Memphis,TN,EE. UU.,Consumer
6796,6862,Watsonville,CA,EE. UU.,Consumer
6797,979,Austin,TX,EE. UU.,Consumer
6798,2953,Albany,OR,EE. UU.,Consumer
6799,3871,Joliet,IL,EE. UU.,Consumer
6800,5651,West Chester,PA,EE. UU.,Consumer
6801,5225,Peabody,MA,EE. UU.,Consumer
6802,12248,San Diego,CA,EE. UU.,Consumer
6803,10011,Long Beach,CA,EE. UU.,Consumer
6804,5781,Los Angeles,CA,EE. UU.,Consumer
6805,4535,Los Angeles,CA,EE. UU.,Consumer
6806,1795,Washington,DC,EE. UU.,Consumer
6807,1915,Hialeah,FL,EE. UU.,Consumer
6808,9198,Bowling Green,KY,EE. UU.,Consumer
6809,11107,Brooklyn,NY,EE. UU.,Consumer
6810,165,Antioch,CA,EE. UU.,Consumer
6811,6033,Chicago,IL,EE. UU.,Consumer
6812,11787,Bronx,NY,EE. UU.,Consumer
6813,2271,Chicago,IL,EE. UU.,Consumer
6814,2573,Winter Park,FL,EE. UU.,Consumer
6815,10160,Apopka,FL,EE. UU.,Consumer
6816,11777,Roswell,NM,EE. UU.,Consumer
6817,6679,Sunnyvale,CA,EE. UU.,Consumer
6818,4782,Las Vegas,NV,EE. UU.,Consumer
6819,6211,Lynwood,CA,EE. UU.,Consumer
6820,12194,Chicago,IL,EE. UU.,Consumer
6821,6483,Baltimore,MD,EE. UU.,Consumer
6822,2525,Chicago,IL,EE. UU.,Consumer
6823,694,Elmhurst,NY,EE. UU.,Consumer
6824,9529,Sugar Land,TX,EE. UU.,Consumer
6825,8529,Clarksville,TN,EE. UU.,Consumer
6826,6463,Carlsbad,CA,EE. UU.,Consumer
6827,4196,Lynnwood,WA,EE. UU.,Consumer
6828,962,Saint Peters,MO,EE. UU.,Consumer
6829,9136,Philadelphia,PA,EE. UU.,Consumer
6830,4968,La Crosse,WI,EE. UU.,Consumer
6831,9609,Houston,TX,EE. UU.,Consumer
6832,2631,Ithaca,NY,EE. UU.,Consumer
6833,5659,Sheboygan,WI,EE. UU.,Consumer
6834,11378,Anaheim,CA,EE. UU.,Consumer
6835,6540,Phoenix,AZ,EE. UU.,Consumer
6836,4503,Saint Paul,MN,EE. UU.,Consumer
6837,8865,Philadelphia,PA,EE. UU.,Consumer
6838,2812,Raleigh,NC,EE. UU.,Consumer
6839,8756,Spokane,WA,EE. UU.,Consumer
6840,6620,Bountiful,UT,EE. UU.,Consumer
6841,2144,Kenner,LA,EE. UU.,Consumer
6842,9886,Pomona,CA,EE. UU.,Consumer
6843,6703,Columbus,GA,EE. UU.,Consumer
6844,285,Lancaster,CA,EE. UU.,Consumer
6845,1723,Moreno Valley,CA,EE. UU.,Consumer
6846,2350,West Haven,CT,EE. UU.,Consumer
6847,4512,San Diego,CA,EE. UU.,Consumer
6848,11808,Hollister,CA,EE. UU.,Consumer
6849,7573,Dubuque,IA,EE. UU.,Consumer
6850,2895,Houston,TX,EE. UU.,Consumer
6851,3724,Douglasville,GA,EE. UU.,Consumer
6852,9816,Honolulu,HI,EE. UU.,Consumer
6853,12193,Los Angeles,CA,EE. UU.,Consumer
6854,9882,Middletown,CT,EE. UU.,Consumer
6855,8154,Mission Viejo,CA,EE. UU.,Consumer
6856,2348,El Paso,TX,EE. UU.,Consumer
6857,3583,Goleta,CA,EE. UU.,Consumer
6858,4432,Wheaton,IL,EE. UU.,Consumer
6859,3673,Bell Gardens,CA,EE. UU.,Consumer
6860,1893,Chino,CA,EE. UU.,Consumer
6861,4245,Columbia,TN,EE. UU.,Consumer
6862,2252,Bronx,NY,EE. UU.,Consumer
6863,2865,Wichita,KS,EE. UU.,Consumer
6864,845,Carlsbad,CA,EE. UU.,Consumer
6865,1284,Chino Hills,CA,EE. UU.,Consumer
6866,10273,Memphis,TN,EE. UU.,Consumer
6867,10450,Tucson,AZ,EE. UU.,Consumer
6868,4206,Strongsville,OH,EE. UU.,Consumer
6869,977,Garden Grove,CA,EE. UU.,Consumer
6870,1740,Virginia Beach,VA,EE. UU.,Consumer
6871,6251,Madera,CA,EE. UU.,Consumer
6872,6587,Lancaster,PA,EE. UU.,Consumer
6873,1527,Alameda,CA,EE. UU.,Consumer
6874,10501,Plymouth,MA,EE. UU.,Consumer
6875,936,Winnetka,CA,EE. UU.,Consumer
6876,8811,Houston,TX,EE. UU.,Consumer
6877,869,Ontario,CA,EE. UU.,Consumer
6878,3557,Las Vegas,NV,EE. UU.,Consumer
6879,2116,New Brunswick,NJ,EE. UU.,Consumer
6880,7242,Princeton,NJ,EE. UU.,Consumer
6881,3098,Newburgh,NY,EE. UU.,Consumer
6882,11428,Fort Worth,TX,EE. UU.,Consumer
6883,3571,Harlingen,TX,EE. UU.,Consumer
6884,8230,Carlisle,PA,EE. UU.,Consumer
6885,183,Hayward,CA,EE. UU.,Consumer
6886,4745,Antioch,TN,EE. UU.,Consumer
6887,909,Kent,WA,EE. UU.,Consumer
6888,4877,New Brunswick,NJ,EE. UU.,Consumer
6889,598,Paramount,CA,EE. UU.,Consumer
6890,5858,Chicago,IL,EE. UU.,Consumer
6891,3161,Phoenix,AZ,EE. UU.,Consumer
6892,11861,Saint Paul,MN,EE. UU.,Consumer
6893,1518,Baltimore,MD,EE. UU.,Consumer
6894,11025,Chicago,IL,EE. UU.,Consumer
6895,6615,Olathe,KS,EE. UU.,Consumer
6896,1232,Peoria,AZ,EE. UU.,Consumer
6897,579,New Orleans,LA,EE. UU.,Consumer
6898,7218,Brooklyn,NY,EE. UU.,Consumer
6899,11421,New Orleans,LA,EE. UU.,Consumer
6900,6415,Lindenhurst,NY,EE. UU.,Consumer
6901,9249,Panorama City,CA,EE. UU.,Consumer
6902,4883,Baltimore,MD,EE. UU.,Consumer
6903,2061,Memphis,TN,EE. UU.,Consumer
6904,8145,Gilroy,CA,EE. UU.,Consumer
6905,5485,Corona,CA,EE. UU.,Consumer
6906,3468,San Francisco,CA,EE. UU.,Consumer
6907,1233,Winnetka,CA,EE. UU.,Consumer
6908,3430,Houston,TX,EE. UU.,Consumer
6909,1074,San Pedro,CA,EE. UU.,Consumer
6910,6795,Granada Hills,CA,EE. UU.,Consumer
6911,10835,New Orleans,LA,EE. UU.,Consumer
6912,9907,Nashville,TN,EE. UU.,Consumer
6913,10547,Bronx,NY,EE. UU.,Consumer
6914,2139,Los Angeles,CA,EE. UU.,Consumer
6915,2174,Brooklyn,NY,EE. UU.,Consumer
6916,7020,Lancaster,PA,EE. UU.,Consumer
6917,7752,Carlisle,PA,EE. UU.,Consumer
6918,10431,South Gate,CA,EE. UU.,Consumer
6919,5888,Jamaica,NY,EE. UU.,Consumer
6920,1932,Irving,TX,EE. UU.,Consumer
6921,866,Quincy,IL,EE. UU.,Consumer
6922,11160,Long Beach,CA,EE. UU.,Consumer
6923,7997,Howell,MI,EE. UU.,Consumer
6924,3726,Simi Valley,CA,EE. UU.,Consumer
6925,6704,Oregon City,OR,EE. UU.,Consumer
6926,11963,Lombard,IL,EE. UU.,Consumer
6927,4454,San Ramon,CA,EE. UU.,Consumer
6928,2591,Dallas,TX,EE. UU.,Consumer
6929,5478,Temecula,CA,EE. UU.,Consumer
6930,11443,Elyria,OH,EE. UU.,Consumer
6931,5257,College Station,TX,EE. UU.,Consumer
6932,2544,Hanover,PA,EE. UU.,Consumer
6933,5529,Hilliard,OH,EE. UU.,Consumer
6934,5363,Jackson,MI,EE. UU.,Consumer
6935,2803,Portland,OR,EE. UU.,Consumer
6936,9746,Reseda,CA,EE. UU.,Consumer
6937,4550,Rome,NY,EE. UU.,Consumer
6938,11561,Henrico,VA,EE. UU.,Consumer
6939,7638,El Paso,TX,EE. UU.,Consumer
6940,8105,Mesa,AZ,EE. UU.,Consumer
6941,10157,Detroit,MI,EE. UU.,Consumer
6942,10545,West Chester,PA,EE. UU.,Consumer
6943,6544,Pekin,IL,EE. UU.,Consumer
6944,9679,New Orleans,LA,EE. UU.,Consumer
6945,7429,Houston,TX,EE. UU.,Consumer
6946,12020,Pharr,TX,EE. UU.,Consumer
6947,6380,Chicago,IL,EE. UU.,Consumer
6948,9667,Garden Grove,CA,EE. UU.,Consumer
6949,5314,Everett,WA,EE. UU.,Consumer
6950,6457,Jersey City,NJ,EE. UU.,Consumer
6951,12263,Roswell,NM,EE. UU.,Consumer
6952,5754,San Antonio,TX,EE. UU.,Consumer
6953,12239,Las Cruces,NM,EE. UU.,Consumer
6954,7410,Quincy,IL,EE. UU.,Consumer
6955,7893,Porterville,CA,EE. UU.,Consumer
6956,768,Indio,CA,EE. UU.,Consumer
6957,7041,Elmhurst,IL,EE. UU.,Consumer
6958,9736,Las Vegas,NV,EE. UU.,Consumer
6959,1138,Mount Pleasant,MI,EE. UU.,Consumer
6960,7493,South Ozone Park,NY,EE. UU.,Consumer
6961,5772,Hampton,VA,EE. UU.,Consumer
6962,864,Plano,TX,EE. UU.,Consumer
6963,7684,Brentwood,NY,EE. UU.,Consumer
6964,317,Wayne,NJ,EE. UU.,Consumer
6965,8227,Bay Shore,NY,EE. UU.,Consumer
6966,3039,Sunnyvale,CA,EE. UU.,Consumer
6967,8167,Rochester,NY,EE. UU.,Consumer
6968,2534,Morrisville,PA,EE. UU.,Consumer
6969,8028,Arlington,TX,EE. UU.,Consumer
6970,9267,Chicago,IL,EE. UU.,Consumer
6971,12251,Los Angeles,CA,EE. UU.,Consumer
6972,4473,West Chester,PA,EE. UU.,Consumer
6973,4665,Escondido,CA,EE. UU.,Consumer
6974,1242,O Fallon,MO,EE. UU.,Consumer
6975,8571,Fort Lauderdale,FL,EE. UU.,Consumer
6976,9230,Columbus,OH,EE. UU.,Consumer
6977,11274,Upland,CA,EE. UU.,Consumer
6978,9750,Woodside,NY,EE. UU.,Consumer
6979,6570,Mentor,OH,EE. UU.,Consumer
6980,7150,Algonquin,IL,EE. UU.,Consumer
6981,9776,Endicott,NY,EE. UU.,Consumer
6982,7724,Morganton,NC,EE. UU.,Consumer
6983,2067,Columbia,MO,EE. UU.,Consumer
6984,11710,Hawthorne,CA,EE. UU.,Consumer
6985,1646,Miami,FL,EE. UU.,Consumer
6986,5117,Honolulu,HI,EE. UU.,Consumer
6987,10149,Newark,DE,EE. UU.,Consumer
6988,8234,Vacaville,CA,EE. UU.,Consumer
6989,6037,Tulare,CA,EE. UU.,Consumer
6990,7080,Washington,DC,EE. UU.,Consumer
6991,2941,Bronx,NY,EE. UU.,Consumer
6992,12256,Summerville,SC,EE. UU.,Consumer
6993,12278,Philadelphia,PA,EE. UU.,Consumer
6994,7958,Miami,FL,EE. UU.,Consumer
6995,5910,Long Beach,CA,EE. UU.,Consumer
6996,9589,Hacienda Heights,CA,EE. UU.,Consumer
6997,12087,Cordova,TN,EE. UU.,Consumer
6998,4393,Columbia,TN,EE. UU.,Consumer
6999,9378,Provo,UT,EE. UU.,Consumer
7000,8698,Oxnard,CA,EE. UU.,Consumer
7001,7422,San Jose,CA,EE. UU.,Consumer
7002,12212,New York,NY,EE. UU.,Consumer
7003,12385,Henrico,VA,EE. UU.,Consumer
7004,12116,West Lafayette,IN,EE. UU.,Consumer
7005,9498,Cleveland,OH,EE. UU.,Consumer
7006,8440,Napa,CA,EE. UU.,Consumer
7007,8019,Lodi,CA,EE. UU.,Consumer
7008,11943,Detroit,MI,EE. UU.,Consumer
7009,4778,Bridgeton,NJ,EE. UU.,Consumer
7010,5923,Highland,CA,EE. UU.,Consumer
7011,4107,Clearfield,UT,EE. UU.,Consumer
7012,1792,Jersey City,NJ,EE. UU.,Consumer
7013,9824,Ewa Beach,HI,EE. UU.,Consumer
7014,4554,Saginaw,MI,EE. UU.,Consumer
7015,5279,Fayetteville,NC,EE. UU.,Consumer
7016,4476,Brooklyn,NY,EE. UU.,Consumer
7017,12027,Bell Gardens,CA,EE. UU.,Consumer
7018,1585,Dubuque,IA,EE. UU.,Consumer
7019,6646,Madison,WI,EE. UU.,Consumer
7020,12006,Mesquite,TX,EE. UU.,Consumer
7021,4039,Honolulu,HI,EE. UU.,Consumer
7022,8496,South Ozone Park,NY,EE. UU.,Consumer
7023,7096,Vista,CA,EE. UU.,Consumer
7024,3268,Baltimore,MD,EE. UU.,Consumer
7025,4260,Stafford,VA,EE. UU.,Consumer
7026,5623,Columbus,OH,EE. UU.,Consumer
7027,4373,Lockport,NY,EE. UU.,Consumer
7028,10872,Ballwin,MO,EE. UU.,Consumer
7029,7579,Phoenix,AZ,EE. UU.,Consumer
7030,8475,Chicago,IL,EE. UU.,Consumer
7031,3166,Fort Lauderdale,FL,EE. UU.,Consumer
7032,7639,Columbus,OH,EE. UU.,Consumer
7033,4038,Waukegan,IL,EE. UU.,Consumer
7034,1623,Strongsville,OH,EE. UU.,Consumer
7035,10379,North Hollywood,CA,EE. UU.,Consumer
7036,6204,Quincy,MA,EE. UU.,Consumer
7037,2887,Madera,CA,EE. UU.,Consumer
7038,9520,Visalia,CA,EE. UU.,Consumer
7039,5358,Pacoima,CA,EE. UU.,Consumer
7040,4658,Seattle,WA,EE. UU.,Consumer
7041,9804,Memphis,TN,EE. UU.,Consumer
7042,9669,Cleveland,OH,EE. UU.,Consumer
7043,8428,Fort Worth,TX,EE. UU.,Consumer
7044,5039,Englewood,CO,EE. UU.,Consumer
7045,6451,Greenville,NC,EE. UU.,Consumer
7046,14327,Painesville,OH,EE. UU.,Consumer
7047,13471,Milford,CT,EE. UU.,Consumer
7048,14691,Philadelphia,PA,EE. UU.,Consumer
7049,11301,Winter Park,FL,EE. UU.,Consumer
7050,9969,Columbus,OH,EE. UU.,Consumer
7051,12161,Yuma,AZ,EE. UU.,Consumer
7052,12798,Diamond Bar,CA,EE. UU.,Consumer
7053,6096,Sun Valley,CA,EE. UU.,Consumer
7054,9820,Germantown,MD,EE. UU.,Consumer
7055,3680,Aurora,IL,EE. UU.,Consumer
7056,7850,O Fallon,MO,EE. UU.,Consumer
7057,4205,Brooklyn,NY,EE. UU.,Consumer
7058,7914,Annapolis,MD,EE. UU.,Consumer
7059,12819,Huntington Beach,CA,EE. UU.,Consumer
7060,7753,Columbus,OH,EE. UU.,Consumer
7061,4282,Lancaster,PA,EE. UU.,Consumer
7062,2618,Milpitas,CA,EE. UU.,Consumer
7063,4843,Glendale,AZ,EE. UU.,Consumer
7064,4439,Billings,MT,EE. UU.,Consumer
7065,12896,Milford,CT,EE. UU.,Consumer
7066,11359,San Pablo,CA,EE. UU.,Consumer
7067,7122,New York,NY,EE. UU.,Consumer
7068,2169,San Marcos,CA,EE. UU.,Consumer
7069,1546,Corona,CA,EE. UU.,Consumer
7070,4762,Ypsilanti,MI,EE. UU.,Consumer
7071,10247,Lilburn,GA,EE. UU.,Consumer
7072,396,Richmond,TX,EE. UU.,Consumer
7073,5721,Westland,MI,EE. UU.,Consumer
7074,801,Vista,CA,EE. UU.,Consumer
7075,6200,Seattle,WA,EE. UU.,Consumer
7076,5835,Livermore,CA,EE. UU.,Consumer
7077,9250,Detroit,MI,EE. UU.,Consumer
7078,10584,Los Angeles,CA,EE. UU.,Consumer
7079,4547,Van Nuys,CA,EE. UU.,Consumer
7080,3619,West Haven,CT,EE. UU.,Consumer
7081,11558,Los Angeles,CA,EE. UU.,Consumer
7082,8737,Costa Mesa,CA,EE. UU.,Consumer
7083,11224,Billings,MT,EE. UU.,Consumer
7084,18843,Brooklyn,NY,EE. UU.,Consumer
7085,9391,Beaverton,OR,EE. UU.,Consumer
7086,7038,Lancaster,PA,EE. UU.,Consumer
7087,11588,Chicago,IL,EE. UU.,Consumer
7088,15942,Phoenix,AZ,EE. UU.,Consumer
7089,8421,Van Nuys,CA,EE. UU.,Consumer
7090,4654,Oakland,CA,EE. UU.,Consumer
7091,17709,Brownsville,TX,EE. UU.,Consumer
7092,17671,Carrollton,TX,EE. UU.,Consumer
7093,17527,Mesquite,TX,EE. UU.,Consumer
7094,6206,Cerritos,CA,EE. UU.,Consumer
7095,5003,Laguna Niguel,CA,EE. UU.,Consumer
7096,7333,Richardson,TX,EE. UU.,Consumer
7097,9216,Brooklyn,NY,EE. UU.,Consumer
7098,17862,Honolulu,HI,EE. UU.,Consumer
7099,11843,Las Vegas,NV,EE. UU.,Consumer
7100,9034,Pomona,CA,EE. UU.,Consumer
7101,11540,Fresno,CA,EE. UU.,Consumer
7102,11981,Baltimore,MD,EE. UU.,Consumer
7103,8392,Bountiful,UT,EE. UU.,Consumer
7104,2321,Houston,TX,EE. UU.,Consumer
7105,9227,Wilkes Barre,PA,EE. UU.,Consumer
7106,11140,Anaheim,CA,EE. UU.,Consumer
7107,2218,Escondido,CA,EE. UU.,Consumer
7108,11456,New Albany,IN,EE. UU.,Consumer
7109,10772,Carol Stream,IL,EE. UU.,Consumer
7110,2688,Irving,TX,EE. UU.,Consumer
7111,9939,Dallas,TX,EE. UU.,Consumer
7112,11255,Martinez,CA,EE. UU.,Consumer
7113,12111,Santa Cruz,CA,EE. UU.,Consumer
7114,5499,Paramount,CA,EE. UU.,Consumer
7115,8750,Vista,CA,EE. UU.,Consumer
7116,2104,Reynoldsburg,OH,EE. UU.,Consumer
7117,8774,Dallas,TX,EE. UU.,Consumer
7118,2043,Medina,OH,EE. UU.,Consumer
7119,409,Greensboro,NC,EE. UU.,Consumer
7120,10503,Dallas,TX,EE. UU.,Consumer
7121,3248,Edison,NJ,EE. UU.,Consumer
7122,5717,Bakersfield,CA,EE. UU.,Consumer
7123,1600,El Cajon,CA,EE. UU.,Consumer
7124,7421,Dallas,TX,EE. UU.,Consumer
7125,6532,Phoenix,AZ,EE. UU.,Consumer
7126,8988,Pekin,IL,EE. UU.,Consumer
7127,10636,New Albany,IN,EE. UU.,Consumer
7128,6732,Honolulu,HI,EE. UU.,Consumer
7129,13095,Greenville,NC,EE. UU.,Consumer
7130,14538,Tustin,CA,EE. UU.,Consumer
7131,14286,Detroit,MI,EE. UU.,Consumer
7132,14587,Decatur,GA,EE. UU.,Consumer
7133,13286,North Bergen,NJ,EE. UU.,Consumer
7134,14285,Salinas,CA,EE. UU.,Consumer
7135,14657,Englewood,CO,EE. UU.,Consumer
7136,13157,Lancaster,SC,EE. UU.,Consumer
7137,14473,Rancho Cordova,CA,EE. UU.,Consumer
7138,14632,Pompano Beach,FL,EE. UU.,Consumer
7139,5119,San Diego,CA,EE. UU.,Consumer
7140,1460,Santa Cruz,CA,EE. UU.,Consumer
7141,1054,Chicago,IL,EE. UU.,Consumer
7142,11119,Saint Louis,MO,EE. UU.,Consumer
7143,5137,Riverside,CA,EE. UU.,Consumer
7144,7920,Plymouth,MA,EE. UU.,Consumer
7145,10514,Riverside,CA,EE. UU.,Consumer
7146,9666,College Station,TX,EE. UU.,Consumer
7147,14825,Memphis,TN,EE. UU.,Consumer
7148,13824,Virginia Beach,VA,EE. UU.,Consumer
7149,3257,Columbia,SC,EE. UU.,Consumer
7150,37,Norfolk,VA,EE. UU.,Consumer
7151,10907,Michigan City,IN,EE. UU.,Consumer
7152,1547,Phoenix,AZ,EE. UU.,Consumer
7153,6997,Fresno,CA,EE. UU.,Consumer
7154,7197,Saginaw,MI,EE. UU.,Consumer
7155,4583,Sanford,NC,EE. UU.,Consumer
7156,14730,San Diego,CA,EE. UU.,Consumer
7157,9370,Gaithersburg,MD,EE. UU.,Consumer
7158,8300,Santa Ana,CA,EE. UU.,Consumer
7159,14891,Carol Stream,IL,EE. UU.,Consumer
7160,2486,Philadelphia,PA,EE. UU.,Consumer
7161,13548,Saint Paul,MN,EE. UU.,Consumer
7162,6686,Saint Paul,MN,EE. UU.,Consumer
7163,13888,Plainfield,NJ,EE. UU.,Consumer
7164,13995,Aurora,CO,EE. UU.,Consumer
7165,6322,Hanford,CA,EE. UU.,Consumer
7166,14849,Virginia Beach,VA,EE. UU.,Consumer
7167,8385,Methuen,MA,EE. UU.,Consumer
7168,13595,Stone Mountain,GA,EE. UU.,Consumer
7169,13613,Far Rockaway,NY,EE. UU.,Consumer
7170,13612,Chula Vista,CA,EE. UU.,Consumer
7171,8814,Vallejo,CA,EE. UU.,Consumer
7172,8210,Los Angeles,CA,EE. UU.,Consumer
7173,11046,Hialeah,FL,EE. UU.,Consumer
7174,12269,Seattle,WA,EE. UU.,Consumer
7175,1223,Bronx,NY,EE. UU.,Consumer
7176,1933,Brighton,MA,EE. UU.,Consumer
7177,12371,San Diego,CA,EE. UU.,Consumer
7178,4661,Weslaco,TX,EE. UU.,Consumer
7179,545,El Cajon,CA,EE. UU.,Consumer
7180,9171,Virginia Beach,VA,EE. UU.,Consumer
7181,11016,Fond Du Lac,WI,EE. UU.,Consumer
7182,924,Eugene,OR,EE. UU.,Consumer
7183,3250,Bell Gardens,CA,EE. UU.,Consumer
7184,10410,Santa Ana,CA,EE. UU.,Consumer
7185,14944,Ann Arbor,MI,EE. UU.,Consumer
7186,15033,Walnut,CA,EE. UU.,Consumer
7187,15027,Dallas,TX,EE. UU.,Consumer
7188,15044,Philadelphia,PA,EE. UU.,Consumer
7189,15002,Merced,CA,EE. UU.,Consumer
7190,10478,Salt Lake City,UT,EE. UU.,Consumer
7191,11768,Miami,FL,EE. UU.,Consumer
7192,5287,Bronx,NY,EE. UU.,Consumer
7193,12364,Atlanta,GA,EE. UU.,Consumer
7194,10825,Jamaica,NY,EE. UU.,Consumer
7195,8563,Atlanta,GA,EE. UU.,Consumer
7196,6642,Florissant,MO,EE. UU.,Consumer
7197,267,Columbus,OH,EE. UU.,Consumer
7198,8094,Milwaukee,WI,EE. UU.,Consumer
7199,11347,San Jose,CA,EE. UU.,Consumer
7200,2009,Opa Locka,FL,EE. UU.,Consumer
7201,11441,Lutz,FL,EE. UU.,Consumer
7202,3078,Las Vegas,NV,EE. UU.,Consumer
7203,11499,Brooklyn,NY,EE. UU.,Consumer
7204,10162,Compton,CA,EE. UU.,Consumer
7205,12109,Mission Viejo,CA,EE. UU.,Consumer
7206,2530,Peabody,MA,EE. UU.,Consumer
7207,1021,Newburgh,NY,EE. UU.,Consumer
7208,10398,Stamford,CT,EE. UU.,Consumer
7209,7029,North Hollywood,CA,EE. UU.,Consumer
7210,9354,Roswell,GA,EE. UU.,Consumer
7211,645,Cupertino,CA,EE. UU.,Consumer
7212,5370,San Diego,CA,EE. UU.,Consumer
7213,2051,Philadelphia,PA,EE. UU.,Consumer
7214,9214,Philadelphia,PA,EE. UU.,Consumer
7215,2621,Philadelphia,PA,EE. UU.,Consumer
7216,5667,Ewa Beach,HI,EE. UU.,Consumer
7217,1020,Quincy,MA,EE. UU.,Consumer
7218,4999,San Bernardino,CA,EE. UU.,Consumer
7219,11178,Portland,OR,EE. UU.,Consumer
7220,5479,Columbia,SC,EE. UU.,Consumer
7221,11432,Stockton,CA,EE. UU.,Consumer
7222,1860,Fresno,CA,EE. UU.,Consumer
7223,9217,Meridian,ID,EE. UU.,Consumer
7224,269,Chicago,IL,EE. UU.,Consumer
7225,5678,Palmdale,CA,EE. UU.,Consumer
7226,611,El Cajon,CA,EE. UU.,Consumer
7227,5755,Chicago,IL,EE. UU.,Consumer
7228,1685,Chicago,IL,EE. UU.,Consumer
7229,16459,Round Rock,TX,EE. UU.,Consumer
7230,19187,Garden Grove,CA,EE. UU.,Consumer
7231,16542,North Hills,CA,EE. UU.,Consumer
7232,15825,Pittsfield,MA,EE. UU.,Consumer
7233,15783,El Paso,TX,EE. UU.,Consumer
7234,15704,Baltimore,MD,EE. UU.,Consumer
7235,10779,Milwaukee,WI,EE. UU.,Consumer
7236,6400,Miami,FL,EE. UU.,Consumer
7237,7854,Chicago,IL,EE. UU.,Consumer
7238,18283,Laguna Niguel,CA,EE. UU.,Consumer
7239,17416,San Bernardino,CA,EE. UU.,Consumer
7240,17505,Detroit,MI,EE. UU.,Consumer
7241,17923,Los Angeles,CA,EE. UU.,Consumer
7242,18013,Chillicothe,OH,EE. UU.,Consumer
7243,17683,Atlanta,GA,EE. UU.,Consumer
7244,20623,Chicago,IL,EE. UU.,Consumer
7245,16089,Princeton,NJ,EE. UU.,Consumer
7246,11077,New Orleans,LA,EE. UU.,Consumer
7247,20657,Wyandotte,MI,EE. UU.,Consumer
7248,1094,Bloomfield,NJ,EE. UU.,Consumer
7249,17971,Bronx,NY,EE. UU.,Consumer
7250,5769,Mcallen,TX,EE. UU.,Consumer
7251,602,Brooklyn,NY,EE. UU.,Consumer
7252,20707,Greeley,CO,EE. UU.,Consumer
7253,5827,Seattle,WA,EE. UU.,Consumer
7254,3096,Lynn,MA,EE. UU.,Consumer
7255,3112,Milwaukee,WI,EE. UU.,Consumer
7256,1978,Los Angeles,CA,EE. UU.,Consumer
7257,17949,Raleigh,NC,EE. UU.,Consumer
7258,18432,Moreno Valley,CA,EE. UU.,Consumer
7259,16044,Brooklyn,NY,EE. UU.,Consumer
7260,17927,Waukegan,IL,EE. UU.,Consumer
7261,38,Opelousas,LA,EE. UU.,Consumer
7262,18482,Hialeah,FL,EE. UU.,Consumer
7263,965,Jonesboro,AR,EE. UU.,Consumer
7264,6518,Warren,MI,EE. UU.,Consumer
7265,3389,Pittsfield,MA,EE. UU.,Consumer
7266,10317,Moreno Valley,CA,EE. UU.,Consumer
7267,15413,Baltimore,MD,EE. UU.,Consumer
7268,15590,Chicago,IL,EE. UU.,Consumer
7269,15571,Houston,TX,EE. UU.,Consumer
7270,15553,Rowland Heights,CA,EE. UU.,Consumer
7271,15462,Augusta,GA,EE. UU.,Consumer
7272,15318,Amarillo,TX,EE. UU.,Consumer
7273,15619,Buffalo,NY,EE. UU.,Consumer
7274,5911,Burnsville,MN,EE. UU.,Consumer
7275,2045,Methuen,MA,EE. UU.,Consumer
7276,3117,Rowland Heights,CA,EE. UU.,Consumer
7277,678,Amarillo,TX,EE. UU.,Consumer
7278,1374,Miami,FL,EE. UU.,Consumer
7279,7721,San Francisco,CA,EE. UU.,Consumer
7280,9518,Memphis,TN,EE. UU.,Consumer
7281,16116,Aurora,IL,EE. UU.,Consumer
7282,19810,Philadelphia,PA,EE. UU.,Consumer
7283,20313,Sunnyvale,CA,EE. UU.,Consumer
7284,20348,Tallahassee,FL,EE. UU.,Consumer
7285,17040,San Antonio,TX,EE. UU.,Consumer
7286,20073,Portland,OR,EE. UU.,Consumer
7287,16304,Chandler,AZ,EE. UU.,Consumer
7288,17253,Virginia Beach,VA,EE. UU.,Consumer
7289,20321,Spokane,WA,EE. UU.,Consumer
7290,16118,Philadelphia,PA,EE. UU.,Consumer
7291,18577,South San Francisco,CA,EE. UU.,Consumer
7292,15197,Taylor,MI,EE. UU.,Consumer
7293,6909,Florissant,MO,EE. UU.,Consumer
7294,784,Los Angeles,CA,EE. UU.,Consumer
7295,2902,Loveland,OH,EE. UU.,Consumer
7296,1321,Santa Clara,CA,EE. UU.,Consumer
7297,10195,Tempe,AZ,EE. UU.,Consumer
7298,365,Garden Grove,CA,EE. UU.,Consumer
7299,7856,Chicago,IL,EE. UU.,Consumer
7300,2405,Aurora,IL,EE. UU.,Consumer
7301,120,Bronx,NY,EE. UU.,Consumer
7302,6339,Porterville,CA,EE. UU.,Consumer
7303,3647,Cumberland,MD,EE. UU.,Consumer
7304,5235,East Brunswick,NJ,EE. UU.,Consumer
7305,11774,Lithonia,GA,EE. UU.,Consumer
7306,9425,Detroit,MI,EE. UU.,Consumer
7307,9522,Simi Valley,CA,EE. UU.,Consumer
7308,1199,Philadelphia,PA,EE. UU.,Consumer
7309,12227,Santa Maria,CA,EE. UU.,Consumer
7310,3941,Phoenix,AZ,EE. UU.,Consumer
7311,3837,Aurora,CO,EE. UU.,Consumer
7312,4817,Chicago,IL,EE. UU.,Consumer
7313,4791,Hialeah,FL,EE. UU.,Consumer
7314,6777,Cumberland,MD,EE. UU.,Consumer
7315,4015,Rancho Cucamonga,CA,EE. UU.,Consumer
7316,7548,Hollywood,FL,EE. UU.,Consumer
7317,7312,Union City,CA,EE. UU.,Consumer
7318,11512,Memphis,TN,EE. UU.,Consumer
7319,4149,Ithaca,NY,EE. UU.,Consumer
7320,1463,Tampa,FL,EE. UU.,Consumer
7321,1465,Wayne,NJ,EE. UU.,Consumer
7322,11594,New York,NY,EE. UU.,Consumer
7323,8070,Eugene,OR,EE. UU.,Consumer
7324,6860,Potomac,MD,EE. UU.,Consumer
7325,2208,Albuquerque,NM,EE. UU.,Consumer
7326,3019,Morristown,NJ,EE. UU.,Consumer
7327,3184,Broken Arrow,OK,EE. UU.,Consumer
7328,9646,Laredo,TX,EE. UU.,Consumer
7329,715,Dubuque,IA,EE. UU.,Consumer
7330,1579,Brighton,MA,EE. UU.,Consumer
7331,10033,San Marcos,TX,EE. UU.,Consumer
7332,4740,Greenville,NC,EE. UU.,Consumer
7333,4780,Honolulu,HI,EE. UU.,Consumer
7334,2725,Stone Mountain,GA,EE. UU.,Consumer
7335,8632,Washington,DC,EE. UU.,Consumer
7336,7125,Ontario,CA,EE. UU.,Consumer
7337,9847,Normal,IL,EE. UU.,Consumer
7338,1999,Princeton,NJ,EE. UU.,Consumer
7339,5851,Brooklyn,NY,EE. UU.,Consumer
7340,10382,Santa Ana,CA,EE. UU.,Consumer
7341,6321,West New York,NJ,EE. UU.,Consumer
7342,7032,Memphis,TN,EE. UU.,Consumer
7343,8052,La Mesa,CA,EE. UU.,Consumer
7344,2142,East Lansing,MI,EE. UU.,Consumer
7345,1390,Phoenix,AZ,EE. UU.,Consumer
7346,8523,Las Cruces,NM,EE. UU.,Consumer
7347,12091,Tampa,FL,EE. UU.,Consumer
7348,9074,Gardena,CA,EE. UU.,Consumer
7349,8522,Findlay,OH,EE. UU.,Consumer
7350,6461,Salem,OR,EE. UU.,Consumer
7351,9061,Cary,NC,EE. UU.,Consumer
7352,2626,Oceanside,CA,EE. UU.,Consumer
7353,1178,Hialeah,FL,EE. UU.,Consumer
7354,1157,Hilliard,OH,EE. UU.,Consumer
7355,6472,Waipahu,HI,EE. UU.,Consumer
7356,2597,Walnut,CA,EE. UU.,Consumer
7357,11987,Norcross,GA,EE. UU.,Consumer
7358,12125,Tucson,AZ,EE. UU.,Consumer
7359,7336,Miami,FL,EE. UU.,Consumer
7360,7649,Chicago,IL,EE. UU.,Consumer
7361,9161,Elk Grove,CA,EE. UU.,Consumer
7362,2366,Lakewood,OH,EE. UU.,Consumer
7363,8930,Memphis,TN,EE. UU.,Consumer
7364,10932,Arlington,VA,EE. UU.,Consumer
7365,9644,Mission Viejo,CA,EE. UU.,Consumer
7366,6209,Houston,TX,EE. UU.,Consumer
7367,12089,Troy,MI,EE. UU.,Consumer
7368,13239,Miami,FL,EE. UU.,Consumer
7369,14594,Fontana,CA,EE. UU.,Consumer
7370,14131,Saint Paul,MN,EE. UU.,Consumer
7371,13418,New Albany,IN,EE. UU.,Consumer
7372,14253,Florissant,MO,EE. UU.,Consumer
7373,13252,Miami,FL,EE. UU.,Consumer
7374,14126,Bolingbrook,IL,EE. UU.,Consumer
7375,14679,Redmond,WA,EE. UU.,Consumer
7376,14161,Brooklyn,NY,EE. UU.,Consumer
7377,13431,Richmond,IN,EE. UU.,Consumer
7378,13141,Atlanta,GA,EE. UU.,Consumer
7379,14122,Los Angeles,CA,EE. UU.,Consumer
7380,13409,Cleveland,OH,EE. UU.,Consumer
7381,14121,Chicago,IL,EE. UU.,Consumer
7382,14282,Pittsfield,MA,EE. UU.,Consumer
7383,13407,Douglasville,GA,EE. UU.,Consumer
7384,13081,Cupertino,CA,EE. UU.,Consumer
7385,13476,San Francisco,CA,EE. UU.,Consumer
7386,13386,Las Vegas,NV,EE. UU.,Consumer
7387,14061,Chicago,IL,EE. UU.,Consumer
7388,10723,San Pablo,CA,EE. UU.,Consumer
7389,4590,Buffalo,NY,EE. UU.,Consumer
7390,10706,Visalia,CA,EE. UU.,Consumer
7391,3041,Chicago,IL,EE. UU.,Consumer
7392,11549,Palmdale,CA,EE. UU.,Consumer
7393,8847,Baltimore,MD,EE. UU.,Consumer
7394,274,San Antonio,TX,EE. UU.,Consumer
7395,11257,Folsom,CA,EE. UU.,Consumer
7396,11293,Chambersburg,PA,EE. UU.,Consumer
7397,7195,Newark,NJ,EE. UU.,Consumer
7398,8905,Augusta,GA,EE. UU.,Consumer
7399,2820,Chicago,IL,EE. UU.,Consumer
7400,142,Opa Locka,FL,EE. UU.,Consumer
7401,7082,Fort Lauderdale,FL,EE. UU.,Consumer
7402,643,New Orleans,LA,EE. UU.,Consumer
7403,472,Bellflower,CA,EE. UU.,Consumer
7404,847,San Diego,CA,EE. UU.,Consumer
7405,5122,Bayonne,NJ,EE. UU.,Consumer
7406,187,Antioch,CA,EE. UU.,Consumer
7407,2532,Carrollton,TX,EE. UU.,Consumer
7408,11868,Canyon Country,CA,EE. UU.,Consumer
7409,9088,Encinitas,CA,EE. UU.,Consumer
7410,12103,San Benito,TX,EE. UU.,Consumer
7411,11403,Elmhurst,IL,EE. UU.,Consumer
7412,7746,Chicago,IL,EE. UU.,Consumer
7413,10836,Normal,IL,EE. UU.,Consumer
7414,4704,Freeport,NY,EE. UU.,Consumer
7415,11856,Ventura,CA,EE. UU.,Consumer
7416,6263,Roswell,GA,EE. UU.,Consumer
7417,431,Columbus,OH,EE. UU.,Consumer
7418,2221,Englewood,CO,EE. UU.,Consumer
7419,4640,Bronx,NY,EE. UU.,Consumer
7420,9086,Philadelphia,PA,EE. UU.,Consumer
7421,952,Hesperia,CA,EE. UU.,Consumer
7422,12012,Antioch,CA,EE. UU.,Consumer
7423,12257,Pompano Beach,FL,EE. UU.,Consumer
7424,6144,Broken Arrow,OK,EE. UU.,Consumer
7425,555,Compton,CA,EE. UU.,Consumer
7426,10858,Denton,TX,EE. UU.,Consumer
7427,3521,Troy,NY,EE. UU.,Consumer
7428,3088,Milwaukee,WI,EE. UU.,Consumer
7429,1126,New York,NY,EE. UU.,Consumer
7430,10792,Winnetka,CA,EE. UU.,Consumer
7431,3220,Sacramento,CA,EE. UU.,Consumer
7432,6859,Littleton,CO,EE. UU.,Consumer
7433,4237,Strongsville,OH,EE. UU.,Consumer
7434,4855,San Jose,CA,EE. UU.,Consumer
7435,700,Chula Vista,CA,EE. UU.,Consumer
7436,984,Chicago,IL,EE. UU.,Consumer
7437,1592,Silver Spring,MD,EE. UU.,Consumer
7438,6399,Chicago,IL,EE. UU.,Consumer
7439,11739,La Puente,CA,EE. UU.,Consumer
7440,206,Pompano Beach,FL,EE. UU.,Consumer
7441,2720,Ypsilanti,MI,EE. UU.,Consumer
7442,853,Rowland Heights,CA,EE. UU.,Consumer
7443,2243,Redmond,WA,EE. UU.,Consumer
7444,1109,Marrero,LA,EE. UU.,Consumer
7445,246,Oak Lawn,IL,EE. UU.,Consumer
7446,10178,Fayetteville,NC,EE. UU.,Consumer
7447,31,Albuquerque,NM,EE. UU.,Consumer
7448,3885,Palo Alto,CA,EE. UU.,Consumer
7449,6571,Dundalk,MD,EE. UU.,Consumer
7450,2972,Memphis,TN,EE. UU.,Consumer
7451,10881,Elmhurst,NY,EE. UU.,Consumer
7452,8425,Virginia Beach,VA,EE. UU.,Consumer
7453,6666,Painesville,OH,EE. UU.,Consumer
7454,9196,Crystal Lake,IL,EE. UU.,Consumer
7455,6899,Albuquerque,NM,EE. UU.,Consumer
7456,6138,Dearborn,MI,EE. UU.,Consumer
7457,10022,O Fallon,MO,EE. UU.,Consumer
7458,8135,Cincinnati,OH,EE. UU.,Consumer
7459,6890,Roswell,NM,EE. UU.,Consumer
7460,5752,Albuquerque,NM,EE. UU.,Consumer
7461,4213,Spring Valley,CA,EE. UU.,Consumer
7462,4303,Honolulu,HI,EE. UU.,Consumer
7463,8990,Chicago,IL,EE. UU.,Consumer
7464,8038,Denton,TX,EE. UU.,Consumer
7465,212,South Ozone Park,NY,EE. UU.,Consumer
7466,3809,Lakewood,NJ,EE. UU.,Consumer
7467,8742,Columbia,SC,EE. UU.,Consumer
7468,3527,Hesperia,CA,EE. UU.,Consumer
7469,8804,Moline,IL,EE. UU.,Consumer
7470,10188,Palo Alto,CA,EE. UU.,Consumer
7471,4362,Roswell,GA,EE. UU.,Consumer
7472,831,Crystal Lake,IL,EE. UU.,Consumer
7473,11563,Denton,TX,EE. UU.,Consumer
7474,3954,Chula Vista,CA,EE. UU.,Consumer
7475,6283,Compton,CA,EE. UU.,Consumer
7476,6319,San Jose,CA,EE. UU.,Consumer
7477,6542,Apopka,FL,EE. UU.,Consumer
7478,89,Escondido,CA,EE. UU.,Consumer
7479,11933,Citrus Heights,CA,EE. UU.,Corporate
7480,1833,Virginia Beach,VA,EE. UU.,Corporate
7481,74,Jacksonville,NC,EE. UU.,Corporate
7482,14503,Columbia,MO,EE. UU.,Corporate
7483,14272,Dallas,TX,EE. UU.,Corporate
7484,13200,Mililani,HI,EE. UU.,Corporate
7485,13300,Plano,TX,EE. UU.,Corporate
7486,13012,Houston,TX,EE. UU.,Corporate
7487,13119,Harlingen,TX,EE. UU.,Corporate
7488,14490,Palo Alto,CA,EE. UU.,Corporate
7489,11562,Colorado Springs,CO,EE. UU.,Corporate
7490,11379,Memphis,TN,EE. UU.,Corporate
7491,14841,Aurora,IL,EE. UU.,Corporate
7492,367,San Francisco,CA,EE. UU.,Corporate
7493,12196,Cicero,IL,EE. UU.,Corporate
7494,11489,Chicago,IL,EE. UU.,Corporate
7495,14847,Richmond,KY,EE. UU.,Corporate
7496,5112,Roseburg,OR,EE. UU.,Corporate
7497,11267,Palmdale,CA,EE. UU.,Corporate
7498,9768,Goleta,CA,EE. UU.,Corporate
7499,7067,Sacramento,CA,EE. UU.,Corporate
7500,9977,Las Vegas,NV,EE. UU.,Corporate
7501,15103,Sun Valley,CA,EE. UU.,Corporate
7502,12936,Michigan City,IN,EE. UU.,Corporate
7503,8031,Richmond,VA,EE. UU.,Corporate
7504,6110,New York,NY,EE. UU.,Corporate
7505,9755,Corona,NY,EE. UU.,Corporate
7506,11665,Louisville,KY,EE. UU.,Corporate
7507,7698,Endicott,NY,EE. UU.,Corporate
7508,4607,Cupertino,CA,EE. UU.,Corporate
7509,3890,Aurora,CO,EE. UU.,Corporate
7510,2736,Mount Pleasant,MI,EE. UU.,Corporate
7511,7451,Moline,IL,EE. UU.,Corporate
7512,18163,Freeport,NY,EE. UU.,Corporate
7513,17904,Los Angeles,CA,EE. UU.,Corporate
7514,18139,Fort Worth,TX,EE. UU.,Corporate
7515,19104,West Chester,PA,EE. UU.,Corporate
7516,15768,Stockton,CA,EE. UU.,Corporate
7517,15815,Union City,NJ,EE. UU.,Corporate
7518,8355,Lake Forest,CA,EE. UU.,Corporate
7519,18498,San Francisco,CA,EE. UU.,Corporate
7520,18454,Clementon,NJ,EE. UU.,Corporate
7521,5547,Bountiful,UT,EE. UU.,Corporate
7522,1345,Mentor,OH,EE. UU.,Corporate
7523,18434,College Station,TX,EE. UU.,Corporate
7524,6858,Hialeah,FL,EE. UU.,Corporate
7525,18867,Aurora,CO,EE. UU.,Corporate
7526,8269,Detroit,MI,EE. UU.,Corporate
7527,18676,New York,NY,EE. UU.,Corporate
7528,15548,Milwaukee,WI,EE. UU.,Corporate
7529,233,Glendale,AZ,EE. UU.,Corporate
7530,11546,Salina,KS,EE. UU.,Corporate
7531,3173,Daly City,CA,EE. UU.,Corporate
7532,17577,North Richland Hills,TX,EE. UU.,Corporate
7533,17778,Henrico,VA,EE. UU.,Corporate
7534,15170,Valrico,FL,EE. UU.,Corporate
7535,20109,Waipahu,HI,EE. UU.,Corporate
7536,16180,Ontario,CA,EE. UU.,Corporate
7537,16302,Jacksonville,FL,EE. UU.,Corporate
7538,20303,Los Angeles,CA,EE. UU.,Corporate
7539,6603,Rancho Cucamonga,CA,EE. UU.,Corporate
7540,4785,Kenner,LA,EE. UU.,Corporate
7541,2159,North Richland Hills,TX,EE. UU.,Corporate
7542,11985,Perth Amboy,NJ,EE. UU.,Corporate
7543,5183,Laredo,TX,EE. UU.,Corporate
7544,4866,Escondido,CA,EE. UU.,Corporate
7545,6773,San Jose,CA,EE. UU.,Corporate
7546,7348,Brownsville,TX,EE. UU.,Corporate
7547,8067,Virginia Beach,VA,EE. UU.,Corporate
7548,6100,Huntington Beach,CA,EE. UU.,Corporate
7549,6185,Chicago,IL,EE. UU.,Corporate
7550,6385,Reseda,CA,EE. UU.,Corporate
7551,4683,Cerritos,CA,EE. UU.,Corporate
7552,4917,Chicago,IL,EE. UU.,Corporate
7553,4628,Duluth,GA,EE. UU.,Corporate
7554,7897,Temecula,CA,EE. UU.,Corporate
7555,3578,Fort Lauderdale,FL,EE. UU.,Corporate
7556,10047,Eugene,OR,EE. UU.,Corporate
7557,14566,Austin,TX,EE. UU.,Corporate
7558,12977,Lynwood,CA,EE. UU.,Corporate
7559,4820,Annapolis,MD,EE. UU.,Corporate
7560,4074,West Chester,PA,EE. UU.,Corporate
7561,3699,La Habra,CA,EE. UU.,Corporate
7562,12748,Houston,TX,EE. UU.,Corporate
7563,1587,Dearborn,MI,EE. UU.,Corporate
7564,5694,Cary,NC,EE. UU.,Corporate
7565,4500,Edinburg,TX,EE. UU.,Corporate
7566,8361,Ontario,CA,EE. UU.,Corporate
7567,18261,Mechanicsburg,PA,EE. UU.,Corporate
7568,18264,El Paso,TX,EE. UU.,Corporate
7569,2834,Duluth,GA,EE. UU.,Corporate
7570,1521,Hawthorne,CA,EE. UU.,Corporate
7571,2299,Phoenix,AZ,EE. UU.,Corporate
7572,6537,Mission Viejo,CA,EE. UU.,Corporate
7573,6538,Mililani,HI,EE. UU.,Corporate
7574,17029,Princeton,NJ,EE. UU.,Corporate
7575,20757,Miami,FL,EE. UU.,Corporate
7576,17031,Wichita,KS,EE. UU.,Corporate
7577,5373,Houston,TX,EE. UU.,Corporate
7578,4898,Malden,MA,EE. UU.,Corporate
7579,8159,Newark,OH,EE. UU.,Corporate
7580,1961,Cleveland,OH,EE. UU.,Corporate
7581,3021,Flushing,NY,EE. UU.,Corporate
7582,2180,Stockbridge,GA,EE. UU.,Corporate
7583,2944,Salinas,CA,EE. UU.,Corporate
7584,9683,Riverside,CA,EE. UU.,Corporate
7585,1031,Cypress,CA,EE. UU.,Corporate
7586,7116,Walnut,CA,EE. UU.,Corporate
7587,8181,Livermore,CA,EE. UU.,Corporate
7588,10324,Tallahassee,FL,EE. UU.,Corporate
7589,13382,La Mesa,CA,EE. UU.,Corporate
7590,14430,Cleveland,OH,EE. UU.,Corporate
7591,14092,Virginia Beach,VA,EE. UU.,Corporate
7592,13499,Dallas,TX,EE. UU.,Corporate
7593,14368,Irving,TX,EE. UU.,Corporate
7594,14471,Lockport,NY,EE. UU.,Corporate
7595,14561,Bend,OR,EE. UU.,Corporate
7596,13187,Los Angeles,CA,EE. UU.,Corporate
7597,13258,Rowland Heights,CA,EE. UU.,Corporate
7598,14096,Sun Valley,CA,EE. UU.,Corporate
7599,1693,Catonsville,MD,EE. UU.,Corporate
7600,13896,Santa Cruz,CA,EE. UU.,Corporate
7601,3822,West Jordan,UT,EE. UU.,Corporate
7602,14001,Campbell,CA,EE. UU.,Corporate
7603,14052,Endicott,NY,EE. UU.,Corporate
7604,10524,Asheboro,NC,EE. UU.,Corporate
7605,4856,Woodbridge,VA,EE. UU.,Corporate
7606,11872,Fullerton,CA,EE. UU.,Corporate
7607,10400,Denver,CO,EE. UU.,Corporate
7608,14774,Lindenhurst,NY,EE. UU.,Corporate
7609,7478,Buffalo,NY,EE. UU.,Corporate
7610,2974,Chicago,IL,EE. UU.,Corporate
7611,8266,Hayward,CA,EE. UU.,Corporate
7612,5051,Fargo,ND,EE. UU.,Corporate
7613,11317,Pawtucket,RI,EE. UU.,Corporate
7614,8978,North Hills,CA,EE. UU.,Corporate
7615,3210,Escondido,CA,EE. UU.,Corporate
7616,585,New York,NY,EE. UU.,Corporate
7617,2676,Bensalem,PA,EE. UU.,Corporate
7618,12657,Columbus,OH,EE. UU.,Corporate
7619,12839,Las Vegas,NV,EE. UU.,Corporate
7620,4573,Salt Lake City,UT,EE. UU.,Corporate
7621,5942,Philadelphia,PA,EE. UU.,Corporate
7622,3120,Denver,CO,EE. UU.,Corporate
7623,5944,Elmhurst,NY,EE. UU.,Corporate
7624,11157,York,PA,EE. UU.,Corporate
7625,6369,Greensboro,NC,EE. UU.,Corporate
7626,1359,Canyon Country,CA,EE. UU.,Corporate
7627,11159,Sylmar,CA,EE. UU.,Corporate
7628,8615,San Antonio,TX,EE. UU.,Corporate
7629,11909,Alameda,CA,EE. UU.,Corporate
7630,9627,Las Vegas,NV,EE. UU.,Corporate
7631,18092,Columbus,OH,EE. UU.,Corporate
7632,18122,Albuquerque,NM,EE. UU.,Corporate
7633,18266,Hollister,CA,EE. UU.,Corporate
7634,19269,Houston,TX,EE. UU.,Corporate
7635,16601,Tucson,AZ,EE. UU.,Corporate
7636,20480,Brooklyn,NY,EE. UU.,Corporate
7637,20478,Wilkes Barre,PA,EE. UU.,Corporate
7638,18458,Chicago,IL,EE. UU.,Corporate
7639,298,Chicago,IL,EE. UU.,Corporate
7640,20475,Norfolk,VA,EE. UU.,Corporate
7641,17969,Morrisville,PA,EE. UU.,Corporate
7642,7708,Philadelphia,PA,EE. UU.,Corporate
7643,18395,Rock Hill,SC,EE. UU.,Corporate
7644,20466,Bronx,NY,EE. UU.,Corporate
7645,5303,Carrollton,TX,EE. UU.,Corporate
7646,3242,El Cajon,CA,EE. UU.,Corporate
7647,5076,Cleveland,OH,EE. UU.,Corporate
7648,15514,Las Vegas,NV,EE. UU.,Corporate
7649,15599,Saint Louis,MO,EE. UU.,Corporate
7650,15597,Phoenix,AZ,EE. UU.,Corporate
7651,5538,Livermore,CA,EE. UU.,Corporate
7652,1134,San Jose,CA,EE. UU.,Corporate
7653,16278,Palatine,IL,EE. UU.,Corporate
7654,16309,Bronx,NY,EE. UU.,Corporate
7655,19948,Richmond,TX,EE. UU.,Corporate
7656,20001,Columbus,OH,EE. UU.,Corporate
7657,18994,Brooklyn,NY,EE. UU.,Corporate
7658,16371,Buena Park,CA,EE. UU.,Corporate
7659,4199,Hayward,CA,EE. UU.,Corporate
7660,4980,Brooklyn,NY,EE. UU.,Corporate
7661,11015,Los Angeles,CA,EE. UU.,Corporate
7662,8762,San Francisco,CA,EE. UU.,Corporate
7663,1114,El Paso,TX,EE. UU.,Corporate
7664,406,Asheboro,NC,EE. UU.,Corporate
7665,176,Dundalk,MD,EE. UU.,Corporate
7666,5028,Miami,FL,EE. UU.,Corporate
7667,5892,Newark,DE,EE. UU.,Corporate
7668,546,Clearfield,UT,EE. UU.,Corporate
7669,5509,Decatur,GA,EE. UU.,Corporate
7670,9320,Philadelphia,PA,EE. UU.,Corporate
7671,10750,Tustin,CA,EE. UU.,Corporate
7672,1940,Albuquerque,NM,EE. UU.,Corporate
7673,2230,San Bernardino,CA,EE. UU.,Corporate
7674,10216,Hagerstown,MD,EE. UU.,Corporate
7675,7486,Azusa,CA,EE. UU.,Corporate
7676,9268,Plainfield,IL,EE. UU.,Corporate
7677,3735,El Centro,CA,EE. UU.,Corporate
7678,2707,Chicago,IL,EE. UU.,Corporate
7679,7194,Vallejo,CA,EE. UU.,Corporate
7680,2070,La Crosse,WI,EE. UU.,Corporate
7681,4486,San Pedro,CA,EE. UU.,Corporate
7682,10692,Mission,TX,EE. UU.,Corporate
7683,1338,Conway,AR,EE. UU.,Corporate
7684,1418,Roswell,NM,EE. UU.,Corporate
7685,10283,Buffalo,NY,EE. UU.,Corporate
7686,14401,Joliet,IL,EE. UU.,Corporate
7687,14275,Silver Spring,MD,EE. UU.,Corporate
7688,14274,Ontario,CA,EE. UU.,Corporate
7689,14218,Fort Worth,TX,EE. UU.,Corporate
7690,14145,Westland,MI,EE. UU.,Corporate
7691,14213,Baytown,TX,EE. UU.,Corporate
7692,14066,Bend,OR,EE. UU.,Corporate
7693,14671,Albuquerque,NM,EE. UU.,Corporate
7694,14369,Brighton,MA,EE. UU.,Corporate
7695,14189,Pekin,IL,EE. UU.,Corporate
7696,4964,Brooklyn,NY,EE. UU.,Consumer
7697,12667,Wyoming,MI,EE. UU.,Consumer
7698,12665,Jacksonville,FL,EE. UU.,Consumer
7699,12590,Brandon,FL,EE. UU.,Consumer
7700,12458,North Bergen,NJ,EE. UU.,Consumer
7701,12920,Hyattsville,MD,EE. UU.,Consumer
7702,12919,Granada Hills,CA,EE. UU.,Consumer
7703,9691,Bakersfield,CA,EE. UU.,Consumer
7704,3359,Los Angeles,CA,EE. UU.,Consumer
7705,2808,Memphis,TN,EE. UU.,Consumer
7706,8238,Mesquite,TX,EE. UU.,Consumer
7707,8936,Bell Gardens,CA,EE. UU.,Consumer
7708,42,Duluth,GA,EE. UU.,Consumer
7709,356,Catonsville,MD,EE. UU.,Consumer
7710,1487,Virginia Beach,VA,EE. UU.,Consumer
7711,12294,Mission Viejo,CA,EE. UU.,Consumer
7712,11232,Tallahassee,FL,EE. UU.,Consumer
7713,10587,Milford,CT,EE. UU.,Consumer
7714,12412,Wheaton,IL,EE. UU.,Consumer
7715,4652,Aurora,CO,EE. UU.,Consumer
7716,4185,Saint Paul,MN,EE. UU.,Consumer
7717,11639,Charlotte,NC,EE. UU.,Consumer
7718,4050,Brooklyn,NY,EE. UU.,Consumer
7719,9338,Canoga Park,CA,EE. UU.,Consumer
7720,11167,New York,NY,EE. UU.,Consumer
7721,2085,Los Angeles,CA,EE. UU.,Consumer
7722,2536,Los Angeles,CA,EE. UU.,Consumer
7723,7564,Powder Springs,GA,EE. UU.,Consumer
7724,8510,New York,NY,EE. UU.,Consumer
7725,6514,Tampa,FL,EE. UU.,Consumer
7726,9182,Troy,MI,EE. UU.,Consumer
7727,11136,Hollywood,FL,EE. UU.,Consumer
7728,9784,Lawrenceville,GA,EE. UU.,Consumer
7729,3912,South Ozone Park,NY,EE. UU.,Consumer
7730,11215,Gwynn Oak,MD,EE. UU.,Consumer
7731,6151,Cary,NC,EE. UU.,Consumer
7732,488,San Francisco,CA,EE. UU.,Consumer
7733,4321,Honolulu,HI,EE. UU.,Consumer
7734,8754,South Richmond Hill,NY,EE. UU.,Consumer
7735,4484,Powder Springs,GA,EE. UU.,Consumer
7736,2659,Glen Burnie,MD,EE. UU.,Consumer
7737,7261,Broomfield,CO,EE. UU.,Consumer
7738,5926,Granada Hills,CA,EE. UU.,Consumer
7739,108,Bronx,NY,EE. UU.,Consumer
7740,697,Washington,DC,EE. UU.,Consumer
7741,11948,Santa Ana,CA,EE. UU.,Consumer
7742,5231,Oregon City,OR,EE. UU.,Consumer
7743,9084,Jonesboro,AR,EE. UU.,Consumer
7744,508,Rancho Cordova,CA,EE. UU.,Consumer
7745,4769,Bakersfield,CA,EE. UU.,Consumer
7746,627,Honolulu,HI,EE. UU.,Consumer
7747,12171,Chicago,IL,EE. UU.,Consumer
7748,808,San Benito,TX,EE. UU.,Consumer
7749,118,Ogden,UT,EE. UU.,Consumer
7750,3187,Jersey City,NJ,EE. UU.,Consumer
7751,3646,New York,NY,EE. UU.,Consumer
7752,959,Tempe,AZ,EE. UU.,Consumer
7753,1185,Saint Paul,MN,EE. UU.,Consumer
7754,9485,El Cajon,CA,EE. UU.,Consumer
7755,10752,Richardson,TX,EE. UU.,Consumer
7756,3077,Santa Ana,CA,EE. UU.,Consumer
7757,12272,Tempe,AZ,EE. UU.,Consumer
7758,11750,Chicago,IL,EE. UU.,Consumer
7759,6716,Cordova,TN,EE. UU.,Consumer
7760,1228,Sunnyvale,CA,EE. UU.,Consumer
7761,1750,La Mesa,CA,EE. UU.,Consumer
7762,7634,Wichita,KS,EE. UU.,Consumer
7763,6940,Encinitas,CA,EE. UU.,Consumer
7764,7445,Santa Cruz,CA,EE. UU.,Consumer
7765,4798,Plano,TX,EE. UU.,Consumer
7766,12390,Las Vegas,NV,EE. UU.,Consumer
7767,4369,Cupertino,CA,EE. UU.,Consumer
7768,7763,Austin,TX,EE. UU.,Consumer
7769,11497,Chicago,IL,EE. UU.,Consumer
7770,9855,San Diego,CA,EE. UU.,Consumer
7771,10231,Burnsville,MN,EE. UU.,Consumer
7772,10332,Glenview,IL,EE. UU.,Consumer
7773,19864,Houston,TX,EE. UU.,Consumer
7774,18903,Bronx,NY,EE. UU.,Consumer
7775,18148,Jacksonville,NC,EE. UU.,Consumer
7776,18214,Broken Arrow,OK,EE. UU.,Consumer
7777,18051,Flushing,NY,EE. UU.,Consumer
7778,16539,Dorchester Center,MA,EE. UU.,Consumer
7779,19082,Columbus,GA,EE. UU.,Consumer
7780,16617,Ventura,CA,EE. UU.,Consumer
7781,16616,Brooklyn,NY,EE. UU.,Consumer
7782,16579,Reno,NV,EE. UU.,Consumer
7783,19198,Weslaco,TX,EE. UU.,Consumer
7784,15755,New York,NY,EE. UU.,Consumer
7785,15742,New York,NY,EE. UU.,Consumer
7786,18813,El Paso,TX,EE. UU.,Consumer
7787,15756,Pompano Beach,FL,EE. UU.,Consumer
7788,15684,Edison,NJ,EE. UU.,Consumer
7789,18499,Waipahu,HI,EE. UU.,Consumer
7790,20752,Brooklyn,NY,EE. UU.,Consumer
7791,11606,Apex,NC,EE. UU.,Consumer
7792,8086,Philadelphia,PA,EE. UU.,Consumer
7793,9287,Tucson,AZ,EE. UU.,Consumer
7794,6488,Bristol,CT,EE. UU.,Consumer
7795,7192,Cumberland,MD,EE. UU.,Consumer
7796,1914,Moline,IL,EE. UU.,Consumer
7797,17718,Irving,TX,EE. UU.,Consumer
7798,17267,West New York,NJ,EE. UU.,Consumer
7799,9156,Chicago,IL,EE. UU.,Consumer
7800,11713,Jackson,MI,EE. UU.,Consumer
7801,2762,Cleveland,OH,EE. UU.,Consumer
7802,10530,Lake Forest,CA,EE. UU.,Consumer
7803,10553,Salem,OR,EE. UU.,Consumer
7804,18329,Bronx,NY,EE. UU.,Consumer
7805,15941,Chicago,IL,EE. UU.,Consumer
7806,3970,Washington,DC,EE. UU.,Consumer
7807,3031,Brooklyn,NY,EE. UU.,Consumer
7808,5176,Hayward,CA,EE. UU.,Consumer
7809,20454,Dearborn,MI,EE. UU.,Consumer
7810,10494,East Brunswick,NJ,EE. UU.,Consumer
7811,841,Bronx,NY,EE. UU.,Consumer
7812,10135,Dallas,TX,EE. UU.,Consumer
7813,20540,Pittsfield,MA,EE. UU.,Consumer
7814,17492,Long Beach,CA,EE. UU.,Consumer
7815,20683,Saint Louis,MO,EE. UU.,Consumer
7816,18356,Elmhurst,IL,EE. UU.,Consumer
7817,17256,Phoenix,AZ,EE. UU.,Consumer
7818,6202,Buffalo,NY,EE. UU.,Consumer
7819,3205,Fort Worth,TX,EE. UU.,Consumer
7820,2264,Laguna Niguel,CA,EE. UU.,Consumer
7821,15338,Loveland,OH,EE. UU.,Consumer
7822,15337,Tonawanda,NY,EE. UU.,Consumer
7823,15552,Dayton,OH,EE. UU.,Consumer
7824,15351,Mission Viejo,CA,EE. UU.,Consumer
7825,15405,Cicero,IL,EE. UU.,Consumer
7826,3818,Tempe,AZ,EE. UU.,Consumer
7827,6810,Philadelphia,PA,EE. UU.,Consumer
7828,1848,Dallas,TX,EE. UU.,Consumer
7829,11450,Laredo,TX,EE. UU.,Consumer
7830,7220,Lansdale,PA,EE. UU.,Consumer
7831,11368,Huntington Station,NY,EE. UU.,Consumer
7832,11628,Las Vegas,NV,EE. UU.,Consumer
7833,5968,Campbell,CA,EE. UU.,Consumer
7834,7472,Plymouth,MA,EE. UU.,Consumer
7835,11988,Round Rock,TX,EE. UU.,Consumer
7836,8049,Long Beach,CA,EE. UU.,Consumer
7837,11620,Los Angeles,CA,EE. UU.,Consumer
7838,17564,Morrisville,PA,EE. UU.,Consumer
7839,16170,Modesto,CA,EE. UU.,Consumer
7840,18892,Watsonville,CA,EE. UU.,Consumer
7841,15248,Raleigh,NC,EE. UU.,Consumer
7842,20059,Simi Valley,CA,EE. UU.,Consumer
7843,18980,York,PA,EE. UU.,Consumer
7844,19771,Denver,CO,EE. UU.,Consumer
7845,18904,Moreno Valley,CA,EE. UU.,Consumer
7846,16213,Los Angeles,CA,EE. UU.,Consumer
7847,19025,North Las Vegas,NV,EE. UU.,Consumer
7848,19993,Brooklyn,NY,EE. UU.,Consumer
7849,19903,Stockton,CA,EE. UU.,Consumer
7850,16153,Lakewood,OH,EE. UU.,Consumer
7851,12062,Michigan City,IN,EE. UU.,Consumer
7852,7615,Las Cruces,NM,EE. UU.,Consumer
7853,2175,Austin,TX,EE. UU.,Consumer
7854,5650,Brooklyn,NY,EE. UU.,Consumer
7855,11468,Medina,OH,EE. UU.,Consumer
7856,8431,Hilliard,OH,EE. UU.,Consumer
7857,4235,Powder Springs,GA,EE. UU.,Consumer
7858,2548,Hamilton,OH,EE. UU.,Consumer
7859,7874,Dundalk,MD,EE. UU.,Consumer
7860,12369,Spokane,WA,EE. UU.,Consumer
7861,6835,Wilkes Barre,PA,EE. UU.,Consumer
7862,10516,Buffalo,NY,EE. UU.,Consumer
7863,10359,Birmingham,AL,EE. UU.,Consumer
7864,300,Plano,TX,EE. UU.,Consumer
7865,11265,Waukegan,IL,EE. UU.,Consumer
7866,9200,Brooklyn,NY,EE. UU.,Consumer
7867,9387,Valrico,FL,EE. UU.,Consumer
7868,1471,Costa Mesa,CA,EE. UU.,Consumer
7869,3320,Pompano Beach,FL,EE. UU.,Consumer
7870,8879,Stockbridge,GA,EE. UU.,Consumer
7871,6908,Denver,CO,EE. UU.,Consumer
7872,3766,Garden Grove,CA,EE. UU.,Consumer
7873,9036,Brooklyn,NY,EE. UU.,Consumer
7874,6142,Greensburg,PA,EE. UU.,Consumer
7875,10293,Bronx,NY,EE. UU.,Consumer
7876,9290,Hampton,VA,EE. UU.,Consumer
7877,11886,Las Vegas,NV,EE. UU.,Consumer
7878,3289,Rialto,CA,EE. UU.,Consumer
7879,12334,Lancaster,CA,EE. UU.,Consumer
7880,156,Los Angeles,CA,EE. UU.,Consumer
7881,9892,Louisville,KY,EE. UU.,Consumer
7882,11110,Santa Ana,CA,EE. UU.,Consumer
7883,12068,Aurora,CO,EE. UU.,Consumer
7884,10817,Miami,FL,EE. UU.,Consumer
7885,857,Houston,TX,EE. UU.,Consumer
7886,2908,Beloit,WI,EE. UU.,Consumer
7887,11251,Daly City,CA,EE. UU.,Consumer
7888,6760,Oceanside,CA,EE. UU.,Consumer
7889,3280,Pawtucket,RI,EE. UU.,Consumer
7890,5952,Clearfield,UT,EE. UU.,Consumer
7891,9437,Kent,WA,EE. UU.,Consumer
7892,9405,Manchester,CT,EE. UU.,Consumer
7893,5723,Enfield,CT,EE. UU.,Consumer
7894,6610,Buffalo,NY,EE. UU.,Consumer
7895,11867,Chino,CA,EE. UU.,Consumer
7896,923,Norfolk,VA,EE. UU.,Consumer
7897,1781,Napa,CA,EE. UU.,Consumer
7898,4244,Glendale,AZ,EE. UU.,Consumer
7899,4891,Philadelphia,PA,EE. UU.,Consumer
7900,6581,Virginia Beach,VA,EE. UU.,Consumer
7901,6632,Raleigh,NC,EE. UU.,Consumer
7902,4112,Elyria,OH,EE. UU.,Consumer
7903,5410,Pittsburg,CA,EE. UU.,Consumer
7904,9738,East Lansing,MI,EE. UU.,Consumer
7905,6333,Memphis,TN,EE. UU.,Consumer
7906,9606,Granada Hills,CA,EE. UU.,Consumer
7907,6469,Bayonne,NJ,EE. UU.,Consumer
7908,11399,Redmond,WA,EE. UU.,Consumer
7909,9622,Mission,TX,EE. UU.,Consumer
7910,3803,San Francisco,CA,EE. UU.,Consumer
7911,2522,York,PA,EE. UU.,Consumer
7912,8635,Yonkers,NY,EE. UU.,Consumer
7913,4900,Miami,FL,EE. UU.,Consumer
7914,5037,Los Angeles,CA,EE. UU.,Consumer
7915,9812,El Monte,CA,EE. UU.,Consumer
7916,7686,Brooklyn,NY,EE. UU.,Consumer
7917,4940,Brooklyn,NY,EE. UU.,Consumer
7918,4880,Mission Viejo,CA,EE. UU.,Consumer
7919,11394,Cupertino,CA,EE. UU.,Consumer
7920,1705,Orlando,FL,EE. UU.,Consumer
7921,9575,Azusa,CA,EE. UU.,Consumer
7922,5617,Huntington Station,NY,EE. UU.,Consumer
7923,5552,Reynoldsburg,OH,EE. UU.,Consumer
7924,1955,Salem,OR,EE. UU.,Consumer
7925,8560,Union City,NJ,EE. UU.,Consumer
7926,8025,Staten Island,NY,EE. UU.,Consumer
7927,1046,San Antonio,TX,EE. UU.,Consumer
7928,3002,Rego Park,NY,EE. UU.,Consumer
7929,3582,New York,NY,EE. UU.,Consumer
7930,9427,San Antonio,TX,EE. UU.,Consumer
7931,3977,Detroit,MI,EE. UU.,Consumer
7932,3728,Loveland,OH,EE. UU.,Consumer
7933,7956,Hialeah,FL,EE. UU.,Consumer
7934,3337,Baltimore,MD,EE. UU.,Consumer
7935,5773,Jacksonville,FL,EE. UU.,Consumer
7936,5894,Chicago,IL,EE. UU.,Consumer
7937,10257,Tucson,AZ,EE. UU.,Consumer
7938,11630,Miami,FL,EE. UU.,Consumer
7939,6264,Elmhurst,IL,EE. UU.,Consumer
7940,5905,Albuquerque,NM,EE. UU.,Consumer
7941,11330,Philadelphia,PA,EE. UU.,Consumer
7942,6903,New York,NY,EE. UU.,Consumer
7943,14724,Indio,CA,EE. UU.,Consumer
7944,13059,Tempe,AZ,EE. UU.,Consumer
7945,13472,Miami,FL,EE. UU.,Consumer
7946,14536,Austin,TX,EE. UU.,Consumer
7947,13501,San Jose,CA,EE. UU.,Consumer
7948,14601,Louisville,KY,EE. UU.,Consumer
7949,9308,Chicago,IL,EE. UU.,Consumer
7950,9166,Roswell,NM,EE. UU.,Consumer
7951,4347,Bakersfield,CA,EE. UU.,Consumer
7952,6330,Pasadena,MD,EE. UU.,Consumer
7953,5103,Simi Valley,CA,EE. UU.,Consumer
7954,535,Bronx,NY,EE. UU.,Consumer
7955,84,Tampa,FL,EE. UU.,Consumer
7956,9693,Richardson,TX,EE. UU.,Consumer
7957,6391,Jackson Heights,NY,EE. UU.,Consumer
7958,12022,Miami,FL,EE. UU.,Consumer
7959,7059,Colorado Springs,CO,EE. UU.,Consumer
7960,8173,Porterville,CA,EE. UU.,Consumer
7961,7858,Miami,FL,EE. UU.,Consumer
7962,12539,Broomfield,CO,EE. UU.,Consumer
7963,12603,Columbus,OH,EE. UU.,Consumer
7964,15000,Amarillo,TX,EE. UU.,Consumer
7965,10572,Chicago,IL,EE. UU.,Consumer
7966,7100,Wichita,KS,EE. UU.,Consumer
7967,9106,Waukegan,IL,EE. UU.,Consumer
7968,3931,Chicago,IL,EE. UU.,Consumer
7969,10320,Hialeah,FL,EE. UU.,Consumer
7970,1821,Columbus,OH,EE. UU.,Consumer
7971,6160,Washington,DC,EE. UU.,Consumer
7972,1137,Holland,MI,EE. UU.,Consumer
7973,4582,Anaheim,CA,EE. UU.,Consumer
7974,82,San Antonio,TX,EE. UU.,Consumer
7975,794,Orlando,FL,EE. UU.,Consumer
7976,10942,Brownsville,TX,EE. UU.,Consumer
7977,9151,Potomac,MD,EE. UU.,Consumer
7978,10101,El Centro,CA,EE. UU.,Consumer
7979,6449,Corona,CA,EE. UU.,Consumer
7980,1649,New Brunswick,NJ,EE. UU.,Consumer
7981,20102,Lancaster,PA,EE. UU.,Consumer
7982,19068,Waukegan,IL,EE. UU.,Consumer
7983,16563,Tempe,AZ,EE. UU.,Consumer
7984,19238,Atlanta,GA,EE. UU.,Consumer
7985,18845,Bloomfield,NJ,EE. UU.,Consumer
7986,7694,Carlsbad,CA,EE. UU.,Consumer
7987,9312,Massillon,OH,EE. UU.,Consumer
7988,4364,Los Angeles,CA,EE. UU.,Consumer
7989,5791,Elk Grove,CA,EE. UU.,Consumer
7990,6761,Orange Park,FL,EE. UU.,Consumer
7991,17677,Lancaster,CA,EE. UU.,Consumer
7992,2712,Fremont,CA,EE. UU.,Consumer
7993,20435,Santa Clara,CA,EE. UU.,Consumer
7994,12249,Miami,FL,EE. UU.,Consumer
7995,16079,Los Angeles,CA,EE. UU.,Consumer
7996,15642,North Tonawanda,NY,EE. UU.,Consumer
7997,11683,Brooklyn,NY,EE. UU.,Consumer
7998,451,Asheboro,NC,EE. UU.,Consumer
7999,12320,Elyria,OH,EE. UU.,Consumer
8000,8797,Bakersfield,CA,EE. UU.,Consumer
8001,20093,Lynwood,CA,EE. UU.,Consumer
8002,17054,Poway,CA,EE. UU.,Consumer
8003,15184,Henrico,VA,EE. UU.,Consumer
8004,11282,Fontana,CA,EE. UU.,Consumer
8005,9188,Bakersfield,CA,EE. UU.,Consumer
8006,3826,Richmond,VA,EE. UU.,Consumer
8007,2158,Fontana,CA,EE. UU.,Consumer
8008,7561,Tucson,AZ,EE. UU.,Consumer
8009,7219,Detroit,MI,EE. UU.,Consumer
8010,8531,Caguas,PR,Puerto Rico,Consumer
8011,4092,Caguas,PR,Puerto Rico,Consumer
8012,3675,Caguas,PR,Puerto Rico,Consumer
8013,7153,Caguas,PR,Puerto Rico,Consumer
8014,10567,Caguas,PR,Puerto Rico,Consumer
8015,6487,Caguas,PR,Puerto Rico,Consumer
8016,2693,Caguas,PR,Puerto Rico,Consumer
8017,12926,Caguas,PR,Puerto Rico,Consumer
8018,14948,Caguas,PR,Puerto Rico,Consumer
8019,454,Caguas,PR,Puerto Rico,Consumer
8020,10482,Caguas,PR,Puerto Rico,Consumer
8021,7117,Caguas,PR,Puerto Rico,Consumer
8022,3536,Caguas,PR,Puerto Rico,Consumer
8023,1371,Caguas,PR,Puerto Rico,Consumer
8024,8059,Caguas,PR,Puerto Rico,Consumer
8025,12372,Caguas,PR,Puerto Rico,Consumer
8026,11,Caguas,PR,Puerto Rico,Consumer
8027,7840,Caguas,PR,Puerto Rico,Consumer
8028,3036,Caguas,PR,Puerto Rico,Consumer
8029,617,Caguas,PR,Puerto Rico,Consumer
8030,11834,Caguas,PR,Puerto Rico,Consumer
8031,4659,Caguas,PR,Puerto Rico,Consumer
8032,939,Caguas,PR,Puerto Rico,Consumer
8033,4080,Caguas,PR,Puerto Rico,Consumer
8034,10847,Caguas,PR,Puerto Rico,Consumer
8035,12107,Caguas,PR,Puerto Rico,Consumer
8036,7876,Caguas,PR,Puerto Rico,Consumer
8037,7012,Caguas,PR,Puerto Rico,Consumer
8038,6250,Caguas,PR,Puerto Rico,Consumer
8039,10127,Caguas,PR,Puerto Rico,Consumer
8040,6265,Caguas,PR,Puerto Rico,Consumer
8041,4100,Caguas,PR,Puerto Rico,Consumer
8042,7693,Caguas,PR,Puerto Rico,Consumer
8043,776,Caguas,PR,Puerto Rico,Consumer
8044,7121,Caguas,PR,Puerto Rico,Consumer
8045,2632,Caguas,PR,Puerto Rico,Consumer
8046,8713,Caguas,PR,Puerto Rico,Consumer
8047,7726,Caguas,PR,Puerto Rico,Consumer
8048,5620,Caguas,PR,Puerto Rico,Consumer
8049,9558,Caguas,PR,Puerto Rico,Consumer
8050,12247,Caguas,PR,Puerto Rico,Consumer
8051,1548,Caguas,PR,Puerto Rico,Consumer
8052,10875,Guayama,PR,Puerto Rico,Consumer
8053,7849,Caguas,PR,Puerto Rico,Consumer
8054,6526,Caguas,PR,Puerto Rico,Consumer
8055,2804,Caguas,PR,Puerto Rico,Consumer
8056,8140,Caguas,PR,Puerto Rico,Consumer
8057,3526,Caguas,PR,Puerto Rico,Consumer
8058,3076,Caguas,PR,Puerto Rico,Consumer
8059,5826,Caguas,PR,Puerto Rico,Consumer
8060,7728,Caguas,PR,Puerto Rico,Consumer
8061,7285,Caguas,PR,Puerto Rico,Consumer
8062,7364,Caguas,PR,Puerto Rico,Consumer
8063,3593,Caguas,PR,Puerto Rico,Consumer
8064,1739,Caguas,PR,Puerto Rico,Consumer
8065,9783,Caguas,PR,Puerto Rico,Consumer
8066,7254,Caguas,PR,Puerto Rico,Consumer
8067,10675,Caguas,PR,Puerto Rico,Consumer
8068,1404,Caguas,PR,Puerto Rico,Consumer
8069,1830,Caguas,PR,Puerto Rico,Consumer
8070,10688,Caguas,PR,Puerto Rico,Consumer
8071,4929,Caguas,PR,Puerto Rico,Consumer
8072,4932,Caguas,PR,Puerto Rico,Consumer
8073,12140,Caguas,PR,Puerto Rico,Consumer
8074,416,Caguas,PR,Puerto Rico,Consumer
8075,10910,Caguas,PR,Puerto Rico,Consumer
8076,12073,Caguas,PR,Puerto Rico,Consumer
8077,3247,Caguas,PR,Puerto Rico,Consumer
8078,11199,Caguas,PR,Puerto Rico,Consumer
8079,3418,Caguas,PR,Puerto Rico,Consumer
8080,6552,Caguas,PR,Puerto Rico,Consumer
8081,3872,Caguas,PR,Puerto Rico,Consumer
8082,10380,Caguas,PR,Puerto Rico,Consumer
8083,2488,Caguas,PR,Puerto Rico,Consumer
8084,12287,Caguas,PR,Puerto Rico,Consumer
8085,5290,Caguas,PR,Puerto Rico,Consumer
8086,2415,Caguas,PR,Puerto Rico,Consumer
8087,4335,Caguas,PR,Puerto Rico,Consumer
8088,3339,Caguas,PR,Puerto Rico,Consumer
8089,6452,Caguas,PR,Puerto Rico,Consumer
8090,7936,Caguas,PR,Puerto Rico,Consumer
8091,1149,Caguas,PR,Puerto Rico,Consumer
8092,10340,Caguas,PR,Puerto Rico,Consumer
8093,5895,Caguas,PR,Puerto Rico,Consumer
8094,9888,Caguas,PR,Puerto Rico,Consumer
8095,501,Caguas,PR,Puerto Rico,Consumer
8096,4796,Caguas,PR,Puerto Rico,Consumer
8097,10034,Caguas,PR,Puerto Rico,Consumer
8098,2584,Caguas,PR,Puerto Rico,Consumer
8099,3683,Caguas,PR,Puerto Rico,Consumer
8100,9103,Caguas,PR,Puerto Rico,Consumer
8101,8935,Caguas,PR,Puerto Rico,Consumer
8102,7334,Caguas,PR,Puerto Rico,Consumer
8103,11687,Caguas,PR,Puerto Rico,Consumer
8104,7054,Caguas,PR,Puerto Rico,Consumer
8105,1391,Caguas,PR,Puerto Rico,Consumer
8106,12314,Caguas,PR,Puerto Rico,Consumer
8107,4136,Caguas,PR,Puerto Rico,Consumer
8108,4504,Caguas,PR,Puerto Rico,Consumer
8109,7459,Mayaguez,PR,Puerto Rico,Consumer
8110,4003,Caguas,PR,Puerto Rico,Consumer
8111,12199,Caguas,PR,Puerto Rico,Consumer
8112,5167,Caguas,PR,Puerto Rico,Consumer
8113,6977,Caguas,PR,Puerto Rico,Consumer
8114,5252,Caguas,PR,Puerto Rico,Consumer
8115,2349,Caguas,PR,Puerto Rico,Consumer
8116,10391,Caguas,PR,Puerto Rico,Consumer
8117,4163,Caguas,PR,Puerto Rico,Consumer
8118,714,Caguas,PR,Puerto Rico,Consumer
8119,2595,Caguas,PR,Puerto Rico,Consumer
8120,506,Caguas,PR,Puerto Rico,Consumer
8121,6318,Caguas,PR,Puerto Rico,Consumer
8122,11118,Caguas,PR,Puerto Rico,Consumer
8123,2955,Caguas,PR,Puerto Rico,Consumer
8124,3745,Caguas,PR,Puerto Rico,Consumer
8125,3038,Caguas,PR,Puerto Rico,Consumer
8126,6604,Caguas,PR,Puerto Rico,Consumer
8127,12114,Caguas,PR,Puerto Rico,Consumer
8128,9988,Caguas,PR,Puerto Rico,Consumer
8129,5193,Caguas,PR,Puerto Rico,Consumer
8130,1663,Caguas,PR,Puerto Rico,Consumer
8131,7723,Caguas,PR,Puerto Rico,Consumer
8132,6430,Caguas,PR,Puerto Rico,Consumer
8133,863,Caguas,PR,Puerto Rico,Consumer
8134,4562,Caguas,PR,Puerto Rico,Consumer
8135,1411,Guaynabo,PR,Puerto Rico,Consumer
8136,1908,Caguas,PR,Puerto Rico,Consumer
8137,8172,Caguas,PR,Puerto Rico,Consumer
8138,247,Caguas,PR,Puerto Rico,Consumer
8139,6535,Caguas,PR,Puerto Rico,Consumer
8140,1798,Caguas,PR,Puerto Rico,Consumer
8141,4951,Caguas,PR,Puerto Rico,Consumer
8142,937,Caguas,PR,Puerto Rico,Consumer
8143,6775,Mayaguez,PR,Puerto Rico,Consumer
8144,6338,Caguas,PR,Puerto Rico,Consumer
8145,2466,Caguas,PR,Puerto Rico,Consumer
8146,11102,Caguas,PR,Puerto Rico,Consumer
8147,1582,Caguas,PR,Puerto Rico,Consumer
8148,4705,Caguas,PR,Puerto Rico,Consumer
8149,1299,Caguas,PR,Puerto Rico,Consumer
8150,75,Caguas,PR,Puerto Rico,Consumer
8151,7706,Caguas,PR,Puerto Rico,Consumer
8152,4857,Caguas,PR,Puerto Rico,Consumer
8153,4220,Caguas,PR,Puerto Rico,Consumer
8154,12082,Caguas,PR,Puerto Rico,Consumer
8155,6750,Caguas,PR,Puerto Rico,Consumer
8156,425,Caguas,PR,Puerto Rico,Consumer
8157,12188,Caguas,PR,Puerto Rico,Consumer
8158,815,Caguas,PR,Puerto Rico,Consumer
8159,9062,Caguas,PR,Puerto Rico,Consumer
8160,8199,Caguas,PR,Puerto Rico,Consumer
8161,927,Caguas,PR,Puerto Rico,Consumer
8162,10025,Carolina,PR,Puerto Rico,Consumer
8163,4971,Caguas,PR,Puerto Rico,Consumer
8164,1053,Caguas,PR,Puerto Rico,Consumer
8165,11566,Caguas,PR,Puerto Rico,Consumer
8166,1066,Caguas,PR,Puerto Rico,Consumer
8167,9923,Caguas,PR,Puerto Rico,Consumer
8168,10956,Caguas,PR,Puerto Rico,Consumer
8169,2721,Caguas,PR,Puerto Rico,Consumer
8170,12123,Caguas,PR,Puerto Rico,Consumer
8171,8415,Caguas,PR,Puerto Rico,Consumer
8172,10999,Caguas,PR,Puerto Rico,Consumer
8173,12411,Caguas,PR,Puerto Rico,Consumer
8174,2388,Caguas,PR,Puerto Rico,Consumer
8175,8407,Caguas,PR,Puerto Rico,Consumer
8176,6099,Caguas,PR,Puerto Rico,Consumer
8177,3968,Caguas,PR,Puerto Rico,Consumer
8178,8506,Caguas,PR,Puerto Rico,Consumer
8179,8908,Humacao,PR,Puerto Rico,Consumer
8180,7458,Caguas,PR,Puerto Rico,Consumer
8181,3810,Caguas,PR,Puerto Rico,Consumer
8182,2042,Caguas,PR,Puerto Rico,Consumer
8183,4154,Caguas,PR,Puerto Rico,Consumer
8184,2873,Caguas,PR,Puerto Rico,Consumer
8185,1350,Guaynabo,PR,Puerto Rico,Consumer
8186,10495,Caguas,PR,Puerto Rico,Consumer
8187,11668,Caguas,PR,Puerto Rico,Consumer
8188,10003,Caguas,PR,Puerto Rico,Consumer
8189,4656,Caguas,PR,Puerto Rico,Consumer
8190,1198,Caguas,PR,Puerto Rico,Consumer
8191,11889,Caguas,PR,Puerto Rico,Consumer
8192,7574,Caguas,PR,Puerto Rico,Consumer
8193,727,Caguas,PR,Puerto Rico,Consumer
8194,6482,Caguas,PR,Puerto Rico,Consumer
8195,7745,Caguas,PR,Puerto Rico,Consumer
8196,2435,Caguas,PR,Puerto Rico,Consumer
8197,8270,Caguas,PR,Puerto Rico,Consumer
8198,408,Caguas,PR,Puerto Rico,Consumer
8199,12042,Caguas,PR,Puerto Rico,Consumer
8200,10818,Caguas,PR,Puerto Rico,Consumer
8201,7209,Caguas,PR,Puerto Rico,Consumer
8202,12276,Caguas,PR,Puerto Rico,Consumer
8203,9984,Caguas,PR,Puerto Rico,Consumer
8204,10740,Caguas,PR,Puerto Rico,Consumer
8205,12024,Caguas,PR,Puerto Rico,Consumer
8206,3691,Caguas,PR,Puerto Rico,Consumer
8207,9645,Caguas,PR,Puerto Rico,Consumer
8208,6792,Caguas,PR,Puerto Rico,Consumer
8209,2879,Caguas,PR,Puerto Rico,Consumer
8210,12375,Caguas,PR,Puerto Rico,Consumer
8211,997,Caguas,PR,Puerto Rico,Consumer
8212,12322,Caguas,PR,Puerto Rico,Consumer
8213,1106,Caguas,PR,Puerto Rico,Consumer
8214,6002,Caguas,PR,Puerto Rico,Consumer
8215,7570,Caguas,PR,Puerto Rico,Consumer
8216,11517,Caguas,PR,Puerto Rico,Consumer
8217,7543,Caguas,PR,Puerto Rico,Consumer
8218,9785,Caguas,PR,Puerto Rico,Consumer
8219,12354,Caguas,PR,Puerto Rico,Consumer
8220,10554,Caguas,PR,Puerto Rico,Consumer
8221,5901,Caguas,PR,Puerto Rico,Consumer
8222,2942,Caguas,PR,Puerto Rico,Consumer
8223,10703,Caguas,PR,Puerto Rico,Consumer
8224,11557,Caguas,PR,Puerto Rico,Consumer
8225,1794,Caguas,PR,Puerto Rico,Consumer
8226,10284,Caguas,PR,Puerto Rico,Consumer
8227,9680,Caguas,PR,Puerto Rico,Consumer
8228,4408,Caguas,PR,Puerto Rico,Consumer
8229,4191,Caguas,PR,Puerto Rico,Consumer
8230,4788,Caguas,PR,Puerto Rico,Consumer
8231,243,Caguas,PR,Puerto Rico,Consumer
8232,8295,Caguas,PR,Puerto Rico,Consumer
8233,8892,Manati,PR,Puerto Rico,Consumer
8234,3221,Caguas,PR,Puerto Rico,Consumer
8235,7915,Caguas,PR,Puerto Rico,Consumer
8236,9044,Caguas,PR,Puerto Rico,Consumer
8237,11938,Caguas,PR,Puerto Rico,Consumer
8238,10215,San Juan,PR,Puerto Rico,Consumer
8239,720,Caguas,PR,Puerto Rico,Consumer
8240,5574,Caguas,PR,Puerto Rico,Consumer
8241,8740,Caguas,PR,Puerto Rico,Consumer
8242,6059,Caguas,PR,Puerto Rico,Consumer
8243,11093,Caguas,PR,Puerto Rico,Consumer
8244,5021,Caguas,PR,Puerto Rico,Consumer
8245,10908,Caguas,PR,Puerto Rico,Consumer
8246,10206,Caguas,PR,Puerto Rico,Consumer
8247,8399,Caguas,PR,Puerto Rico,Consumer
8248,12409,Caguas,PR,Puerto Rico,Consumer
8249,2404,Caguas,PR,Puerto Rico,Consumer
8250,4955,Caguas,PR,Puerto Rico,Consumer
8251,3621,Caguas,PR,Puerto Rico,Consumer
8252,18100,Caguas,PR,Puerto Rico,Consumer
8253,18172,Caguas,PR,Puerto Rico,Consumer
8254,18153,Caguas,PR,Puerto Rico,Consumer
8255,18080,Caguas,PR,Puerto Rico,Consumer
8256,18060,Caguas,PR,Puerto Rico,Consumer
8257,18221,Caguas,PR,Puerto Rico,Consumer
8258,17890,Caguas,PR,Puerto Rico,Consumer
8259,18199,Caguas,PR,Puerto Rico,Consumer
8260,18145,Caguas,PR,Puerto Rico,Consumer
8261,18036,Caguas,PR,Puerto Rico,Consumer
8262,18234,Caguas,PR,Puerto Rico,Consumer
8263,18251,Caguas,PR,Puerto Rico,Consumer
8264,18249,Caguas,PR,Puerto Rico,Consumer
8265,16449,Caguas,PR,Puerto Rico,Consumer
8266,19086,Caguas,PR,Puerto Rico,Consumer
8267,16572,Caguas,PR,Puerto Rico,Consumer
8268,19138,Caguas,PR,Puerto Rico,Consumer
8269,16516,Caguas,PR,Puerto Rico,Consumer
8270,16587,Caguas,PR,Puerto Rico,Consumer
8271,19119,Caguas,PR,Puerto Rico,Consumer
8272,16622,Caguas,PR,Puerto Rico,Consumer
8273,16514,Caguas,PR,Puerto Rico,Consumer
8274,19224,Caguas,PR,Puerto Rico,Consumer
8275,16492,Caguas,PR,Puerto Rico,Consumer
8276,19221,Caguas,PR,Puerto Rico,Consumer
8277,16455,Caguas,PR,Puerto Rico,Consumer
8278,16399,Caguas,PR,Puerto Rico,Consumer
8279,16525,Caguas,PR,Puerto Rico,Consumer
8280,16398,Caguas,PR,Puerto Rico,Consumer
8281,16452,Caguas,PR,Puerto Rico,Consumer
8282,16434,Caguas,PR,Puerto Rico,Consumer
8283,19181,Caguas,PR,Puerto Rico,Consumer
8284,16541,Caguas,PR,Puerto Rico,Consumer
8285,19091,Caguas,PR,Puerto Rico,Consumer
8286,16415,Caguas,PR,Puerto Rico,Consumer
8287,16432,Caguas,PR,Puerto Rico,Consumer
8288,15881,Caguas,PR,Puerto Rico,Consumer
8289,15717,Caguas,PR,Puerto Rico,Consumer
8290,15680,Caguas,PR,Puerto Rico,Consumer
8291,15787,Caguas,PR,Puerto Rico,Consumer
8292,18840,Caguas,PR,Puerto Rico,Consumer
8293,18749,Caguas,PR,Puerto Rico,Consumer
8294,15747,Caguas,PR,Puerto Rico,Consumer
8295,15745,Caguas,PR,Puerto Rico,Consumer
8296,15763,Caguas,PR,Puerto Rico,Consumer
8297,15708,Caguas,PR,Puerto Rico,Consumer
8298,15796,Caguas,PR,Puerto Rico,Consumer
8299,18742,Caguas,PR,Puerto Rico,Consumer
8300,18849,Caguas,PR,Puerto Rico,Consumer
8301,18795,Caguas,PR,Puerto Rico,Consumer
8302,15811,Caguas,PR,Puerto Rico,Consumer
8303,15720,Caguas,PR,Puerto Rico,Consumer
8304,2670,Caguas,PR,Puerto Rico,Consumer
8305,9586,Caguas,PR,Puerto Rico,Consumer
8306,7412,Caguas,PR,Puerto Rico,Consumer
8307,7294,Caguas,PR,Puerto Rico,Consumer
8308,3348,Caguas,PR,Puerto Rico,Consumer
8309,3,Caguas,PR,Puerto Rico,Consumer
8310,20698,Caguas,PR,Puerto Rico,Consumer
8311,6667,Caguas,PR,Puerto Rico,Consumer
8312,20410,Caguas,PR,Puerto Rico,Consumer
8313,17489,Caguas,PR,Puerto Rico,Consumer
8314,18337,Caguas,PR,Puerto Rico,Consumer
8315,1090,Caguas,PR,Puerto Rico,Consumer
8316,17507,Caguas,PR,Puerto Rico,Consumer
8317,17650,Caguas,PR,Puerto Rico,Consumer
8318,18463,Caguas,PR,Puerto Rico,Consumer
8319,18427,Caguas,PR,Puerto Rico,Consumer
8320,2055,Caguas,PR,Puerto Rico,Consumer
8321,3371,Caguas,PR,Puerto Rico,Consumer
8322,9440,Caguas,PR,Puerto Rico,Consumer
8323,17290,Caguas,PR,Puerto Rico,Consumer
8324,17434,Caguas,PR,Puerto Rico,Consumer
8325,17995,Caguas,PR,Puerto Rico,Consumer
8326,15966,Caguas,PR,Puerto Rico,Consumer
8327,1631,Caguas,PR,Puerto Rico,Consumer
8328,11392,Caguas,PR,Puerto Rico,Consumer
8329,18425,Caguas,PR,Puerto Rico,Consumer
8330,1139,Caguas,PR,Puerto Rico,Consumer
8331,18442,Caguas,PR,Puerto Rico,Consumer
8332,2065,Caguas,PR,Puerto Rico,Consumer
8333,9020,Bayamon,PR,Puerto Rico,Consumer
8334,7550,Caguas,PR,Puerto Rico,Consumer
8335,17342,Caguas,PR,Puerto Rico,Consumer
8336,18496,Caguas,PR,Puerto Rico,Consumer
8337,6720,Caguas,PR,Puerto Rico,Consumer
8338,12238,Caguas,PR,Puerto Rico,Consumer
8339,1151,Caguas,PR,Puerto Rico,Consumer
8340,16017,Caguas,PR,Puerto Rico,Consumer
8341,16035,Caguas,PR,Puerto Rico,Consumer
8342,9519,Caguas,PR,Puerto Rico,Consumer
8343,20675,Caguas,PR,Puerto Rico,Consumer
8344,15999,Caguas,PR,Puerto Rico,Consumer
8345,2695,Caguas,PR,Puerto Rico,Consumer
8346,11629,Caguas,PR,Puerto Rico,Consumer
8347,17991,Caguas,PR,Puerto Rico,Consumer
8348,3198,Caguas,PR,Puerto Rico,Consumer
8349,7699,Caguas,PR,Puerto Rico,Consumer
8350,18873,Caguas,PR,Puerto Rico,Consumer
8351,20710,Caguas,PR,Puerto Rico,Consumer
8352,20638,Caguas,PR,Puerto Rico,Consumer
8353,11714,Caguas,PR,Puerto Rico,Consumer
8354,3345,Caguas,PR,Puerto Rico,Consumer
8355,18438,Caguas,PR,Puerto Rico,Consumer
8356,2002,Caguas,PR,Puerto Rico,Consumer
8357,17972,Caguas,PR,Puerto Rico,Consumer
8358,18510,Caguas,PR,Puerto Rico,Consumer
8359,9926,Caguas,PR,Puerto Rico,Consumer
8360,9173,Caguas,PR,Puerto Rico,Consumer
8361,11241,Caguas,PR,Puerto Rico,Consumer
8362,17463,Caguas,PR,Puerto Rico,Consumer
8363,11895,Caguas,PR,Puerto Rico,Consumer
8364,5299,Caguas,PR,Puerto Rico,Consumer
8365,9077,Caguas,PR,Puerto Rico,Consumer
8366,10562,Caguas,PR,Puerto Rico,Consumer
8367,20636,Caguas,PR,Puerto Rico,Consumer
8368,9754,Caguas,PR,Puerto Rico,Consumer
8369,6331,Caguas,PR,Puerto Rico,Consumer
8370,18490,Caguas,PR,Puerto Rico,Consumer
8371,18274,Caguas,PR,Puerto Rico,Consumer
8372,20599,Caguas,PR,Puerto Rico,Consumer
8373,2107,Caguas,PR,Puerto Rico,Consumer
8374,456,Caguas,PR,Puerto Rico,Consumer
8375,10967,Caguas,PR,Puerto Rico,Consumer
8376,15922,Caguas,PR,Puerto Rico,Consumer
8377,20382,Caguas,PR,Puerto Rico,Consumer
8378,540,Caguas,PR,Puerto Rico,Consumer
8379,15958,Caguas,PR,Puerto Rico,Consumer
8380,7806,Caguas,PR,Puerto Rico,Consumer
8381,8773,Caguas,PR,Puerto Rico,Consumer
8382,20616,Caguas,PR,Puerto Rico,Consumer
8383,1635,Caguas,PR,Puerto Rico,Consumer
8384,11064,Caguas,PR,Puerto Rico,Consumer
8385,20489,Caguas,PR,Puerto Rico,Consumer
8386,17496,Caguas,PR,Puerto Rico,Consumer
8387,11433,Caguas,PR,Puerto Rico,Consumer
8388,17369,Caguas,PR,Puerto Rico,Consumer
8389,4833,Caguas,PR,Puerto Rico,Consumer
8390,20380,Caguas,PR,Puerto Rico,Consumer
8391,17655,Caguas,PR,Puerto Rico,Consumer
8392,8331,Caguas,PR,Puerto Rico,Consumer
8393,17404,Caguas,PR,Puerto Rico,Consumer
8394,3865,Caguas,PR,Puerto Rico,Consumer
8395,7853,Caguas,PR,Puerto Rico,Consumer
8396,7151,Caguas,PR,Puerto Rico,Consumer
8397,4302,Caguas,PR,Puerto Rico,Consumer
8398,16025,Caguas,PR,Puerto Rico,Consumer
8399,15935,Toa Baja,PR,Puerto Rico,Consumer
8400,1599,Caguas,PR,Puerto Rico,Consumer
8401,20413,Caguas,PR,Puerto Rico,Consumer
8402,3453,Caguas,PR,Puerto Rico,Consumer
8403,11139,Caguas,PR,Puerto Rico,Consumer
8404,17257,Caguas,PR,Puerto Rico,Consumer
8405,17670,Caguas,PR,Puerto Rico,Consumer
8406,2567,Caguas,PR,Puerto Rico,Consumer
8407,18483,Caguas,PR,Puerto Rico,Consumer
8408,8471,Caguas,PR,Puerto Rico,Consumer
8409,1541,Caguas,PR,Puerto Rico,Consumer
8410,18518,Caguas,PR,Puerto Rico,Consumer
8411,20465,Caguas,PR,Puerto Rico,Consumer
8412,10477,Caguas,PR,Puerto Rico,Consumer
8413,4958,Caguas,PR,Puerto Rico,Consumer
8414,8201,Caguas,PR,Puerto Rico,Consumer
8415,3186,Caguas,PR,Puerto Rico,Consumer
8416,4392,Caguas,PR,Puerto Rico,Consumer
8417,8938,Caguas,PR,Puerto Rico,Consumer
8418,10063,Caguas,PR,Puerto Rico,Consumer
8419,3549,Caguas,PR,Puerto Rico,Consumer
8420,7743,Caguas,PR,Puerto Rico,Consumer
8421,745,Caguas,PR,Puerto Rico,Consumer
8422,18737,Caguas,PR,Puerto Rico,Consumer
8423,7444,Caguas,PR,Puerto Rico,Consumer
8424,15341,Caguas,PR,Puerto Rico,Consumer
8425,15430,Caguas,PR,Puerto Rico,Consumer
8426,15448,Caguas,PR,Puerto Rico,Consumer
8427,15591,Caguas,PR,Puerto Rico,Consumer
8428,15302,Caguas,PR,Puerto Rico,Consumer
8429,15446,Caguas,PR,Puerto Rico,Consumer
8430,18716,Caguas,PR,Puerto Rico,Consumer
8431,15373,Caguas,PR,Puerto Rico,Consumer
8432,15640,Caguas,PR,Puerto Rico,Consumer
8433,18657,Caguas,PR,Puerto Rico,Consumer
8434,15440,Caguas,PR,Puerto Rico,Consumer
8435,15509,Caguas,PR,Puerto Rico,Consumer
8436,18705,Caguas,PR,Puerto Rico,Consumer
8437,15669,Caguas,PR,Puerto Rico,Consumer
8438,15345,Caguas,PR,Puerto Rico,Consumer
8439,15326,Caguas,PR,Puerto Rico,Consumer
8440,15378,Caguas,PR,Puerto Rico,Consumer
8441,15324,Caguas,PR,Puerto Rico,Consumer
8442,18648,Caguas,PR,Puerto Rico,Consumer
8443,2134,Caguas,PR,Puerto Rico,Consumer
8444,11174,Caguas,PR,Puerto Rico,Consumer
8445,5453,Caguas,PR,Puerto Rico,Consumer
8446,4581,Caguas,PR,Puerto Rico,Consumer
8447,7435,Caguas,PR,Puerto Rico,Consumer
8448,4019,Caguas,PR,Puerto Rico,Consumer
8449,105,Caguas,PR,Puerto Rico,Consumer
8450,4513,Caguas,PR,Puerto Rico,Consumer
8451,4194,Caguas,PR,Puerto Rico,Consumer
8452,11824,Caguas,PR,Puerto Rico,Consumer
8453,4786,Caguas,PR,Puerto Rico,Consumer
8454,10598,Caguas,PR,Puerto Rico,Consumer
8455,12336,Caguas,PR,Puerto Rico,Consumer
8456,1497,Caguas,PR,Puerto Rico,Consumer
8457,5378,Caguas,PR,Puerto Rico,Consumer
8458,4641,Caguas,PR,Puerto Rico,Consumer
8459,1993,Caguas,PR,Puerto Rico,Consumer
8460,6849,Caguas,PR,Puerto Rico,Consumer
8461,3343,Caguas,PR,Puerto Rico,Consumer
8462,2727,Caguas,PR,Puerto Rico,Consumer
8463,5605,Caguas,PR,Puerto Rico,Consumer
8464,338,Caguas,PR,Puerto Rico,Consumer
8465,5779,Caguas,PR,Puerto Rico,Consumer
8466,2627,Caguas,PR,Puerto Rico,Consumer
8467,6569,Caguas,PR,Puerto Rico,Consumer
8468,3965,Caguas,PR,Puerto Rico,Consumer
8469,17586,Caguas,PR,Puerto Rico,Consumer
8470,17602,Caguas,PR,Puerto Rico,Consumer
8471,20261,Caguas,PR,Puerto Rico,Consumer
8472,17819,Caguas,PR,Puerto Rico,Consumer
8473,17801,Caguas,PR,Puerto Rico,Consumer
8474,18629,Caguas,PR,Puerto Rico,Consumer
8475,16295,Caguas,PR,Puerto Rico,Consumer
8476,20044,Bayamon,PR,Puerto Rico,Consumer
8477,20187,Caguas,PR,Puerto Rico,Consumer
8478,19989,Caguas,PR,Puerto Rico,Consumer
8479,19809,Humacao,PR,Puerto Rico,Consumer
8480,19880,Caguas,PR,Puerto Rico,Consumer
8481,17116,Caguas,PR,Puerto Rico,Consumer
8482,18591,Caguas,PR,Puerto Rico,Consumer
8483,18537,Caguas,PR,Puerto Rico,Consumer
8484,15229,Caguas,PR,Puerto Rico,Consumer
8485,18963,Caguas,PR,Puerto Rico,Consumer
8486,18572,Caguas,PR,Puerto Rico,Consumer
8487,19807,Caguas,PR,Puerto Rico,Consumer
8488,19824,Caguas,PR,Puerto Rico,Consumer
8489,18943,Caguas,PR,Puerto Rico,Consumer
8490,19986,Caguas,PR,Puerto Rico,Consumer
8491,17113,Caguas,PR,Puerto Rico,Consumer
8492,20039,Caguas,PR,Puerto Rico,Consumer
8493,19984,Caguas,PR,Puerto Rico,Consumer
8494,16235,Caguas,PR,Puerto Rico,Consumer
8495,15242,Caguas,PR,Puerto Rico,Consumer
8496,20217,Caguas,PR,Puerto Rico,Consumer
8497,19964,Caguas,PR,Puerto Rico,Consumer
8498,17775,Caguas,PR,Puerto Rico,Consumer
8499,17110,Caguas,PR,Puerto Rico,Consumer
8500,17074,Caguas,PR,Puerto Rico,Consumer
8501,20180,Caguas,PR,Puerto Rico,Consumer
8502,19874,Caguas,PR,Puerto Rico,Consumer
8503,20233,Caguas,PR,Puerto Rico,Consumer
8504,20017,Caguas,PR,Puerto Rico,Consumer
8505,17773,Caguas,PR,Puerto Rico,Consumer
8506,18619,Caguas,PR,Puerto Rico,Consumer
8507,15167,Caguas,PR,Puerto Rico,Consumer
8508,20034,Caguas,PR,Puerto Rico,Consumer
8509,19782,Caguas,PR,Puerto Rico,Consumer
8510,17035,Caguas,PR,Puerto Rico,Consumer
8511,16356,Caguas,PR,Puerto Rico,Consumer
8512,17125,Caguas,PR,Puerto Rico,Consumer
8513,19780,Caguas,PR,Puerto Rico,Consumer
8514,18562,Caguas,PR,Puerto Rico,Consumer
8515,18526,Caguas,PR,Puerto Rico,Consumer
8516,18988,Caguas,PR,Puerto Rico,Consumer
8517,20319,Caguas,PR,Puerto Rico,Consumer
8518,17122,Caguas,PR,Puerto Rico,Consumer
8519,15181,Caguas,PR,Puerto Rico,Consumer
8520,17068,Caguas,PR,Puerto Rico,Consumer
8521,20245,Caguas,PR,Puerto Rico,Consumer
8522,20371,Carolina,PR,Puerto Rico,Consumer
8523,20317,Caguas,PR,Puerto Rico,Consumer
8524,17247,Caguas,PR,Puerto Rico,Consumer
8525,18595,Caguas,PR,Puerto Rico,Consumer
8526,20100,Caguas,PR,Puerto Rico,Consumer
8527,18895,Caguas,PR,Puerto Rico,Consumer
8528,17102,Caguas,PR,Puerto Rico,Consumer
8529,18044,Caguas,PR,Puerto Rico,Consumer
8530,18042,Caguas,PR,Puerto Rico,Consumer
8531,16467,Caguas,PR,Puerto Rico,Consumer
8532,19176,Caguas,PR,Puerto Rico,Consumer
8533,19174,Caguas,PR,Puerto Rico,Consumer
8534,19043,Caguas,PR,Puerto Rico,Consumer
8535,19130,Caguas,PR,Puerto Rico,Consumer
8536,19237,Caguas,PR,Puerto Rico,Consumer
8537,18782,Caguas,PR,Puerto Rico,Consumer
8538,3886,Caguas,PR,Puerto Rico,Consumer
8539,4792,Caguas,PR,Puerto Rico,Consumer
8540,3442,Caguas,PR,Puerto Rico,Consumer
8541,15985,Caguas,PR,Puerto Rico,Consumer
8542,4939,Caguas,PR,Puerto Rico,Consumer
8543,5677,Caguas,PR,Puerto Rico,Consumer
8544,17432,Caguas,PR,Puerto Rico,Consumer
8545,8434,Caguas,PR,Puerto Rico,Consumer
8546,4845,Caguas,PR,Puerto Rico,Consumer
8547,4712,Caguas,PR,Puerto Rico,Consumer
8548,17411,Caguas,PR,Puerto Rico,Consumer
8549,17321,Caguas,PR,Puerto Rico,Consumer
8550,571,Caguas,PR,Puerto Rico,Consumer
8551,18492,Caguas,PR,Puerto Rico,Consumer
8552,16015,Caguas,PR,Puerto Rico,Consumer
8553,961,Caguas,PR,Puerto Rico,Consumer
8554,17695,Trujillo Alto,PR,Puerto Rico,Consumer
8555,8758,Caguas,PR,Puerto Rico,Consumer
8556,18341,Caguas,PR,Puerto Rico,Consumer
8557,8787,Caguas,PR,Puerto Rico,Consumer
8558,2816,Caguas,PR,Puerto Rico,Consumer
8559,7566,Caguas,PR,Puerto Rico,Consumer
8560,1084,Caguas,PR,Puerto Rico,Consumer
8561,17491,Caguas,PR,Puerto Rico,Consumer
8562,734,Caguas,PR,Puerto Rico,Consumer
8563,17998,Caguas,PR,Puerto Rico,Consumer
8564,17274,Caguas,PR,Puerto Rico,Consumer
8565,1734,Caguas,PR,Puerto Rico,Consumer
8566,9438,Caguas,PR,Puerto Rico,Consumer
8567,2236,Caguas,PR,Puerto Rico,Consumer
8568,11493,Caguas,PR,Puerto Rico,Consumer
8569,7545,Caguas,PR,Puerto Rico,Consumer
8570,4327,Caguas,PR,Puerto Rico,Consumer
8571,3043,Caguas,PR,Puerto Rico,Consumer
8572,12264,Caguas,PR,Puerto Rico,Consumer
8573,17551,Caguas,PR,Puerto Rico,Consumer
8574,19954,Caguas,PR,Puerto Rico,Consumer
8575,20367,Caguas,PR,Puerto Rico,Consumer
8576,20132,Caguas,PR,Puerto Rico,Consumer
8577,20274,Caguas,PR,Puerto Rico,Consumer
8578,17796,Caguas,PR,Puerto Rico,Consumer
8579,18978,Caguas,PR,Puerto Rico,Consumer
8580,19928,Caguas,PR,Puerto Rico,Consumer
8581,19784,Caguas,PR,Puerto Rico,Consumer
8582,20172,Caguas,PR,Puerto Rico,Consumer
8583,17048,Caguas,PR,Puerto Rico,Consumer
8584,11509,Caguas,PR,Puerto Rico,Consumer
8585,12154,Caguas,PR,Puerto Rico,Consumer
8586,3281,Caguas,PR,Puerto Rico,Consumer
8587,551,Caguas,PR,Puerto Rico,Consumer
8588,6080,Caguas,PR,Puerto Rico,Consumer
8589,492,Bayamon,PR,Puerto Rico,Consumer
8590,10487,Caguas,PR,Puerto Rico,Consumer
8591,828,Caguas,PR,Puerto Rico,Consumer
8592,11021,Caguas,PR,Puerto Rico,Consumer
8593,10021,Caguas,PR,Puerto Rico,Consumer
8594,7119,Caguas,PR,Puerto Rico,Consumer
8595,8736,Caguas,PR,Puerto Rico,Consumer
8596,9138,Caguas,PR,Puerto Rico,Consumer
8597,1701,Caguas,PR,Puerto Rico,Consumer
8598,12384,Caguas,PR,Puerto Rico,Consumer
8599,2531,Caguas,PR,Puerto Rico,Consumer
8600,6117,Caguas,PR,Puerto Rico,Consumer
8601,8591,Caguas,PR,Puerto Rico,Consumer
8602,9499,Caguas,PR,Puerto Rico,Consumer
8603,2211,Caguas,PR,Puerto Rico,Consumer
8604,4761,Caguas,PR,Puerto Rico,Consumer
8605,2998,Caguas,PR,Puerto Rico,Consumer
8606,4105,Caguas,PR,Puerto Rico,Consumer
8607,11881,Caguas,PR,Puerto Rico,Consumer
8608,3483,Caguas,PR,Puerto Rico,Consumer
8609,10214,Caguas,PR,Puerto Rico,Consumer
8610,7206,Caguas,PR,Puerto Rico,Consumer
8611,1437,Caguas,PR,Puerto Rico,Consumer
8612,7136,Caguas,PR,Puerto Rico,Consumer
8613,3823,Caguas,PR,Puerto Rico,Consumer
8614,11600,Caguas,PR,Puerto Rico,Consumer
8615,7430,Caguas,PR,Puerto Rico,Consumer
8616,9266,Caguas,PR,Puerto Rico,Consumer
8617,6599,Caguas,PR,Puerto Rico,Consumer
8618,10225,Caguas,PR,Puerto Rico,Consumer
8619,7553,Caguas,PR,Puerto Rico,Consumer
8620,7328,Caguas,PR,Puerto Rico,Consumer
8621,767,Caguas,PR,Puerto Rico,Consumer
8622,12345,Caguas,PR,Puerto Rico,Consumer
8623,6854,Caguas,PR,Puerto Rico,Consumer
8624,9335,Caguas,PR,Puerto Rico,Consumer
8625,6336,Caguas,PR,Puerto Rico,Consumer
8626,2674,Caguas,PR,Puerto Rico,Consumer
8627,3601,Caguas,PR,Puerto Rico,Consumer
8628,8670,Caguas,PR,Puerto Rico,Consumer
8629,8119,Caguas,PR,Puerto Rico,Consumer
8630,9764,San Sebastian,PR,Puerto Rico,Consumer
8631,4218,Caguas,PR,Puerto Rico,Consumer
8632,6377,Caguas,PR,Puerto Rico,Consumer
8633,1334,Caguas,PR,Puerto Rico,Consumer
8634,370,Caguas,PR,Puerto Rico,Consumer
8635,7585,Caguas,PR,Puerto Rico,Consumer
8636,6579,Caguas,PR,Puerto Rico,Consumer
8637,802,Caguas,PR,Puerto Rico,Consumer
8638,69,Caguas,PR,Puerto Rico,Consumer
8639,9752,Caguas,PR,Puerto Rico,Consumer
8640,2715,Caguas,PR,Puerto Rico,Consumer
8641,6678,Caguas,PR,Puerto Rico,Consumer
8642,10709,Caguas,PR,Puerto Rico,Consumer
8643,9310,Caguas,PR,Puerto Rico,Consumer
8644,1353,Caguas,PR,Puerto Rico,Consumer
8645,6592,Caguas,PR,Puerto Rico,Consumer
8646,7502,Caguas,PR,Puerto Rico,Consumer
8647,6759,Caguas,PR,Puerto Rico,Consumer
8648,11548,Caguas,PR,Puerto Rico,Consumer
8649,9153,Caguas,PR,Puerto Rico,Consumer
8650,7126,Caguas,PR,Puerto Rico,Consumer
8651,124,Caguas,PR,Puerto Rico,Consumer
8652,6651,Caguas,PR,Puerto Rico,Consumer
8653,11968,Caguas,PR,Puerto Rico,Consumer
8654,5199,Caguas,PR,Puerto Rico,Consumer
8655,11800,Caguas,PR,Puerto Rico,Consumer
8656,3841,Caguas,PR,Puerto Rico,Consumer
8657,10032,Caguas,PR,Puerto Rico,Consumer
8658,11637,Caguas,PR,Puerto Rico,Consumer
8659,2524,Caguas,PR,Puerto Rico,Consumer
8660,9473,Caguas,PR,Puerto Rico,Consumer
8661,11952,Caguas,PR,Puerto Rico,Consumer
8662,9574,Caguas,PR,Puerto Rico,Consumer
8663,2140,Caguas,PR,Puerto Rico,Consumer
8664,5464,Caguas,PR,Puerto Rico,Consumer
8665,2549,Caguas,PR,Puerto Rico,Consumer
8666,10464,Caguas,PR,Puerto Rico,Consumer
8667,10585,Caguas,PR,Puerto Rico,Consumer
8668,6975,Caguas,PR,Puerto Rico,Consumer
8669,8039,Caguas,PR,Puerto Rico,Consumer
8670,2516,Caguas,PR,Puerto Rico,Consumer
8671,9652,Caguas,PR,Puerto Rico,Consumer
8672,11593,Caguas,PR,Puerto Rico,Consumer
8673,5924,Caguas,PR,Puerto Rico,Consumer
8674,4728,Caguas,PR,Puerto Rico,Consumer
8675,4063,Caguas,PR,Puerto Rico,Consumer
8676,9533,Caguas,PR,Puerto Rico,Consumer
8677,11584,Caguas,PR,Puerto Rico,Consumer
8678,10423,Caguas,PR,Puerto Rico,Consumer
8679,4148,Caguas,PR,Puerto Rico,Consumer
8680,4800,Caguas,PR,Puerto Rico,Consumer
8681,762,Caguas,PR,Puerto Rico,Consumer
8682,5904,Caguas,PR,Puerto Rico,Consumer
8683,194,Caguas,PR,Puerto Rico,Consumer
8684,4893,Caguas,PR,Puerto Rico,Consumer
8685,447,Caguas,PR,Puerto Rico,Consumer
8686,1245,Caguas,PR,Puerto Rico,Consumer
8687,3067,Caguas,PR,Puerto Rico,Consumer
8688,11766,Caguas,PR,Puerto Rico,Consumer
8689,6262,Caguas,PR,Puerto Rico,Consumer
8690,2629,Caguas,PR,Puerto Rico,Consumer
8691,1580,Caguas,PR,Puerto Rico,Consumer
8692,8673,Caguas,PR,Puerto Rico,Consumer
8693,8738,Caguas,PR,Puerto Rico,Consumer
8694,11572,Caguas,PR,Puerto Rico,Consumer
8695,8702,Caguas,PR,Puerto Rico,Consumer
8696,11556,Humacao,PR,Puerto Rico,Consumer
8697,7685,Caguas,PR,Puerto Rico,Consumer
8698,9395,Caguas,PR,Puerto Rico,Consumer
8699,4975,Caguas,PR,Puerto Rico,Consumer
8700,4551,Caguas,PR,Puerto Rico,Consumer
8701,6418,Caguas,PR,Puerto Rico,Consumer
8702,10832,Caguas,PR,Puerto Rico,Consumer
8703,12285,Caguas,PR,Puerto Rico,Consumer
8704,5034,Caguas,PR,Puerto Rico,Consumer
8705,7786,Caguas,PR,Puerto Rico,Consumer
8706,11464,Caguas,PR,Puerto Rico,Consumer
8707,3087,Caguas,PR,Puerto Rico,Consumer
8708,2991,Caguas,PR,Puerto Rico,Consumer
8709,5583,Caguas,PR,Puerto Rico,Consumer
8710,5724,Caguas,PR,Puerto Rico,Consumer
8711,11487,Caguas,PR,Puerto Rico,Consumer
8712,7944,Caguas,PR,Puerto Rico,Consumer
8713,404,Caguas,PR,Puerto Rico,Consumer
8714,2143,Caguas,PR,Puerto Rico,Consumer
8715,10272,Caguas,PR,Puerto Rico,Consumer
8716,4240,Caguas,PR,Puerto Rico,Consumer
8717,2275,Caguas,PR,Puerto Rico,Consumer
8718,5477,Caguas,PR,Puerto Rico,Consumer
8719,10473,Caguas,PR,Puerto Rico,Consumer
8720,7972,Caguas,PR,Puerto Rico,Consumer
8721,9223,Caguas,PR,Puerto Rico,Consumer
8722,7867,Cayey,PR,Puerto Rico,Consumer
8723,3065,Caguas,PR,Puerto Rico,Consumer
8724,6960,Caguas,PR,Puerto Rico,Consumer
8725,10150,Caguas,PR,Puerto Rico,Consumer
8726,11836,Caguas,PR,Puerto Rico,Consumer
8727,7021,Caguas,PR,Puerto Rico,Consumer
8728,7095,Caguas,PR,Puerto Rico,Consumer
8729,9160,Caguas,PR,Puerto Rico,Consumer
8730,1493,Caguas,PR,Puerto Rico,Consumer
8731,7582,Caguas,PR,Puerto Rico,Consumer
8732,11635,Caguas,PR,Puerto Rico,Consumer
8733,3953,Caguas,PR,Puerto Rico,Consumer
8734,8297,Caguas,PR,Puerto Rico,Consumer
8735,5284,Caguas,PR,Puerto Rico,Consumer
8736,12085,Caguas,PR,Puerto Rico,Consumer
8737,3063,Caguas,PR,Puerto Rico,Consumer
8738,10253,Caguas,PR,Puerto Rico,Consumer
8739,10353,Caguas,PR,Puerto Rico,Consumer
8740,6394,Caguas,PR,Puerto Rico,Consumer
8741,3740,Caguas,PR,Puerto Rico,Consumer
8742,2937,Caguas,PR,Puerto Rico,Consumer
8743,333,Caguas,PR,Puerto Rico,Consumer
8744,7169,Caguas,PR,Puerto Rico,Consumer
8745,9372,Caguas,PR,Puerto Rico,Consumer
8746,5933,Caguas,PR,Puerto Rico,Consumer
8747,7904,Caguas,PR,Puerto Rico,Consumer
8748,7292,Caguas,PR,Puerto Rico,Consumer
8749,11906,Aguadilla,PR,Puerto Rico,Consumer
8750,830,Caguas,PR,Puerto Rico,Consumer
8751,3209,Caguas,PR,Puerto Rico,Consumer
8752,6621,Caguas,PR,Puerto Rico,Consumer
8753,8383,Caguas,PR,Puerto Rico,Consumer
8754,1647,Caguas,PR,Puerto Rico,Consumer
8755,14435,Princeton,NJ,EE. UU.,Corporate
8756,13457,Newburgh,NY,EE. UU.,Corporate
8757,7664,Piscataway,NJ,EE. UU.,Corporate
8758,310,York,PA,EE. UU.,Corporate
8759,2409,Chicago,IL,EE. UU.,Corporate
8760,1803,West Haven,CT,EE. UU.,Corporate
8761,14789,Dallas,TX,EE. UU.,Corporate
8762,684,Highland Park,MI,EE. UU.,Corporate
8763,13645,San Marcos,TX,EE. UU.,Corporate
8764,14861,Los Angeles,CA,EE. UU.,Corporate
8765,10867,Laguna Niguel,CA,EE. UU.,Corporate
8766,14752,West Orange,NJ,EE. UU.,Corporate
8767,12184,Hayward,CA,EE. UU.,Corporate
8768,13912,Ewa Beach,HI,EE. UU.,Corporate
8769,6719,Encinitas,CA,EE. UU.,Corporate
8770,4972,Aurora,IL,EE. UU.,Corporate
8771,12776,Denton,TX,EE. UU.,Corporate
8772,621,Anaheim,CA,EE. UU.,Corporate
8773,4681,Marietta,GA,EE. UU.,Corporate
8774,13764,Wayne,NJ,EE. UU.,Corporate
8775,13710,Virginia Beach,VA,EE. UU.,Corporate
8776,14800,Katy,TX,EE. UU.,Corporate
8777,10561,Plainfield,IL,EE. UU.,Corporate
8778,9052,Stone Mountain,GA,EE. UU.,Corporate
8779,93,Annapolis,MD,EE. UU.,Corporate
8780,14798,Placentia,CA,EE. UU.,Corporate
8781,10822,Houston,TX,EE. UU.,Corporate
8782,5181,Broken Arrow,OK,EE. UU.,Corporate
8783,8579,Fort Worth,TX,EE. UU.,Corporate
8784,13814,Campbell,CA,EE. UU.,Corporate
8785,6718,Pittsburg,CA,EE. UU.,Corporate
8786,13939,Las Vegas,NV,EE. UU.,Corporate
8787,11364,Tucson,AZ,EE. UU.,Corporate
8788,8457,Bakersfield,CA,EE. UU.,Corporate
8789,12053,Long Beach,CA,EE. UU.,Corporate
8790,7778,Palo Alto,CA,EE. UU.,Corporate
8791,3739,Potomac,MD,EE. UU.,Corporate
8792,6894,Raleigh,NC,EE. UU.,Corporate
8793,7064,Fairfield,CA,EE. UU.,Corporate
8794,4338,Gilroy,CA,EE. UU.,Corporate
8795,9211,Spokane,WA,EE. UU.,Corporate
8796,4305,Gardena,CA,EE. UU.,Corporate
8797,10922,Portland,OR,EE. UU.,Corporate
8798,11469,Grove City,OH,EE. UU.,Corporate
8799,527,Taunton,MA,EE. UU.,Corporate
8800,10597,Memphis,TN,EE. UU.,Corporate
8801,2019,Brooklyn,NY,EE. UU.,Corporate
8802,161,Hialeah,FL,EE. UU.,Corporate
8803,12137,Washington,DC,EE. UU.,Corporate
8804,11235,Portland,OR,EE. UU.,Corporate
8805,4516,Brooklyn,NY,EE. UU.,Corporate
8806,9024,Longview,WA,EE. UU.,Corporate
8807,12486,San Bernardino,CA,EE. UU.,Corporate
8808,12735,Troy,MI,EE. UU.,Corporate
8809,12551,West Covina,CA,EE. UU.,Corporate
8810,12656,Salinas,CA,EE. UU.,Corporate
8811,12636,Lynn,MA,EE. UU.,Corporate
8812,12707,Fremont,CA,EE. UU.,Corporate
8813,15015,Citrus Heights,CA,EE. UU.,Corporate
8814,12884,Modesto,CA,EE. UU.,Corporate
8815,12864,Spring Valley,CA,EE. UU.,Corporate
8816,12935,San Diego,CA,EE. UU.,Corporate
8817,15009,Winter Park,FL,EE. UU.,Corporate
8818,12891,Colorado Springs,CO,EE. UU.,Corporate
8819,15071,Baytown,TX,EE. UU.,Corporate
8820,12407,Philadelphia,PA,EE. UU.,Corporate
8821,9488,Hialeah,FL,EE. UU.,Corporate
8822,4725,Lawrenceville,GA,EE. UU.,Corporate
8823,9716,Plymouth,MA,EE. UU.,Corporate
8824,10233,Far Rockaway,NY,EE. UU.,Corporate
8825,4069,Tinley Park,IL,EE. UU.,Corporate
8826,6972,Fairfield,CA,EE. UU.,Corporate
8827,9447,Palmdale,CA,EE. UU.,Corporate
8828,1478,Rome,NY,EE. UU.,Corporate
8829,383,Huntington Beach,CA,EE. UU.,Corporate
8830,12380,Henrico,VA,EE. UU.,Corporate
8831,5631,Los Angeles,CA,EE. UU.,Corporate
8832,11279,Berwyn,IL,EE. UU.,Corporate
8833,319,Chicago,IL,EE. UU.,Corporate
8834,8417,Houston,TX,EE. UU.,Corporate
8835,1745,Rowland Heights,CA,EE. UU.,Corporate
8836,12207,Austin,TX,EE. UU.,Corporate
8837,842,New Haven,CT,EE. UU.,Corporate
8838,8843,Houston,TX,EE. UU.,Corporate
8839,136,Lynn,MA,EE. UU.,Corporate
8840,6225,Riverside,CA,EE. UU.,Corporate
8841,1638,Crystal Lake,IL,EE. UU.,Corporate
8842,2831,Los Angeles,CA,EE. UU.,Corporate
8843,6877,Lancaster,PA,EE. UU.,Corporate
8844,8690,Honolulu,HI,EE. UU.,Corporate
8845,4281,Garland,TX,EE. UU.,Corporate
8846,7507,Washington,DC,EE. UU.,Corporate
8847,4421,Atlanta,GA,EE. UU.,Corporate
8848,8474,Los Angeles,CA,EE. UU.,Corporate
8849,7416,Sandusky,OH,EE. UU.,Corporate
8850,7164,Huntington Station,NY,EE. UU.,Corporate
8851,11603,Los Angeles,CA,EE. UU.,Corporate
8852,11932,Lawton,OK,EE. UU.,Corporate
8853,18058,North Las Vegas,NV,EE. UU.,Corporate
8854,18270,West Jordan,UT,EE. UU.,Corporate
8855,19232,Catonsville,MD,EE. UU.,Corporate
8856,16606,Amarillo,TX,EE. UU.,Corporate
8857,19145,Chicago,IL,EE. UU.,Corporate
8858,19126,Brooklyn,NY,EE. UU.,Corporate
8859,18774,Ontario,CA,EE. UU.,Corporate
8860,15877,Lockport,NY,EE. UU.,Corporate
8861,18751,Mount Pleasant,MI,EE. UU.,Corporate
8862,15870,Greensboro,NC,EE. UU.,Corporate
8863,15866,Houston,TX,EE. UU.,Corporate
8864,8405,Fort Washington,MD,EE. UU.,Corporate
8865,10609,Ontario,CA,EE. UU.,Corporate
8866,5322,New York,NY,EE. UU.,Corporate
8867,5699,Sunnyvale,CA,EE. UU.,Corporate
8868,18878,New Braunfels,TX,EE. UU.,Corporate
8869,17977,Hayward,CA,EE. UU.,Corporate
8870,10249,Freehold,NJ,EE. UU.,Corporate
8871,4723,Webster,NY,EE. UU.,Corporate
8872,6503,Costa Mesa,CA,EE. UU.,Corporate
8873,20694,Columbia,SC,EE. UU.,Corporate
8874,20693,Howell,MI,EE. UU.,Corporate
8875,11253,San Ramon,CA,EE. UU.,Corporate
8876,20692,Highland,CA,EE. UU.,Corporate
8877,20547,Richmond,IN,EE. UU.,Corporate
8878,20600,Huntington Station,NY,EE. UU.,Corporate
8879,15923,Findlay,OH,EE. UU.,Corporate
8880,16049,Brooklyn,NY,EE. UU.,Corporate
8881,17282,Bronx,NY,EE. UU.,Corporate
8882,16085,Union City,CA,EE. UU.,Corporate
8883,18398,Las Vegas,NV,EE. UU.,Corporate
8884,8999,Oregon City,OR,EE. UU.,Corporate
8885,17513,Brooklyn,NY,EE. UU.,Corporate
8886,18358,Chicago,IL,EE. UU.,Corporate
8887,2988,Folsom,CA,EE. UU.,Corporate
8888,17293,Parkville,MD,EE. UU.,Corporate
8889,15575,New York,NY,EE. UU.,Corporate
8890,18665,San Jose,CA,EE. UU.,Corporate
8891,8445,Hamilton,OH,EE. UU.,Corporate
8892,15656,Sacramento,CA,EE. UU.,Corporate
8893,15331,Houston,TX,EE. UU.,Corporate
8894,15564,Edison,NJ,EE. UU.,Corporate
8895,5323,Antioch,TN,EE. UU.,Corporate
8896,15435,Glendale,AZ,EE. UU.,Corporate
8897,15614,Middletown,OH,EE. UU.,Corporate
8898,8492,San Diego,CA,EE. UU.,Corporate
8899,1850,Detroit,MI,EE. UU.,Corporate
8900,4355,Garden Grove,CA,EE. UU.,Corporate
8901,4711,Pharr,TX,EE. UU.,Corporate
8902,6373,Frankfort,KY,EE. UU.,Corporate
8903,7174,Martinez,CA,EE. UU.,Corporate
8904,1347,Hayward,CA,EE. UU.,Corporate
8905,15196,Santa Ana,CA,EE. UU.,Corporate
8906,18912,Greensburg,PA,EE. UU.,Corporate
8907,18965,Buena Park,CA,EE. UU.,Corporate
8908,19791,Mcallen,TX,EE. UU.,Corporate
8909,17134,Reynoldsburg,OH,EE. UU.,Corporate
8910,15138,Honolulu,HI,EE. UU.,Corporate
8911,19789,San Jose,CA,EE. UU.,Corporate
8912,17780,Bowling Green,KY,EE. UU.,Corporate
8913,17204,Brooklyn,NY,EE. UU.,Corporate
8914,15191,Longmont,CO,EE. UU.,Corporate
8915,19841,Morristown,NJ,EE. UU.,Corporate
8916,18939,Mount Prospect,IL,EE. UU.,Corporate
8917,17163,Brooklyn,NY,EE. UU.,Corporate
8918,18584,Los Angeles,CA,EE. UU.,Corporate
8919,19783,Wyoming,MI,EE. UU.,Corporate
8920,15275,Stockbridge,GA,EE. UU.,Corporate
8921,15148,Fremont,CA,EE. UU.,Corporate
8922,18580,Philadelphia,PA,EE. UU.,Corporate
8923,16318,Greensburg,PA,EE. UU.,Corporate
8924,19830,Brooklyn,NY,EE. UU.,Corporate
8925,9350,Chillicothe,OH,EE. UU.,Corporate
8926,3232,Rancho Cucamonga,CA,EE. UU.,Corporate
8927,10736,South San Francisco,CA,EE. UU.,Corporate
8928,3293,San Jose,CA,EE. UU.,Corporate
8929,12423,Palmdale,CA,EE. UU.,Corporate
8930,1968,Carson,CA,EE. UU.,Corporate
8931,3602,Stamford,CT,EE. UU.,Corporate
8932,5544,Tustin,CA,EE. UU.,Corporate
8933,9279,Michigan City,IN,EE. UU.,Corporate
8934,1539,Saint Louis,MO,EE. UU.,Corporate
8935,6383,San Pedro,CA,EE. UU.,Corporate
8936,8759,Los Angeles,CA,EE. UU.,Corporate
8937,10271,Pawtucket,RI,EE. UU.,Corporate
8938,3882,Greensburg,PA,EE. UU.,Corporate
8939,7008,Hialeah,FL,EE. UU.,Corporate
8940,2068,Atlanta,GA,EE. UU.,Corporate
8941,833,Dubuque,IA,EE. UU.,Corporate
8942,5432,Baltimore,MD,EE. UU.,Corporate
8943,11698,Chicago Heights,IL,EE. UU.,Corporate
8944,6965,Hialeah,FL,EE. UU.,Corporate
8945,5497,San Diego,CA,EE. UU.,Corporate
8946,6186,Bronx,NY,EE. UU.,Corporate
8947,12009,Bronx,NY,EE. UU.,Corporate
8948,2407,Lake Forest,CA,EE. UU.,Corporate
8949,9373,Brooklyn,NY,EE. UU.,Corporate
8950,905,Walnut,CA,EE. UU.,Corporate
8951,1841,Cleveland,OH,EE. UU.,Corporate
8952,211,Lawrenceville,GA,EE. UU.,Corporate
8953,5531,Chicago,IL,EE. UU.,Corporate
8954,2776,Las Vegas,NV,EE. UU.,Corporate
8955,8289,Los Angeles,CA,EE. UU.,Corporate
8956,3157,West Jordan,UT,EE. UU.,Corporate
8957,8262,West Orange,NJ,EE. UU.,Corporate
8958,195,Modesto,CA,EE. UU.,Corporate
8959,10130,Arlington,VA,EE. UU.,Corporate
8960,5435,Lawrenceville,GA,EE. UU.,Corporate
8961,2570,Bronx,NY,EE. UU.,Corporate
8962,8489,Gilroy,CA,EE. UU.,Corporate
8963,12312,Gaithersburg,MD,EE. UU.,Corporate
8964,4027,San Francisco,CA,EE. UU.,Corporate
8965,9802,San Diego,CA,EE. UU.,Corporate
8966,2933,Kailua,HI,EE. UU.,Corporate
8967,1120,Danbury,CT,EE. UU.,Corporate
8968,5744,Corona,NY,EE. UU.,Corporate
8969,4694,Del Rio,TX,EE. UU.,Corporate
8970,1513,North Hills,CA,EE. UU.,Corporate
8971,6639,Winnetka,CA,EE. UU.,Corporate
8972,3130,New Orleans,LA,EE. UU.,Corporate
8973,4715,Plainfield,IL,EE. UU.,Corporate
8974,14682,Ontario,CA,EE. UU.,Corporate
8975,13199,Chicago,IL,EE. UU.,Corporate
8976,14143,Kaneohe,HI,EE. UU.,Corporate
8977,13466,Colorado Springs,CO,EE. UU.,Corporate
8978,13249,San Francisco,CA,EE. UU.,Corporate
8979,14393,Chicago,IL,EE. UU.,Corporate
8980,14267,Catonsville,MD,EE. UU.,Corporate
8981,13355,Cypress,CA,EE. UU.,Corporate
8982,14583,Salina,KS,EE. UU.,Corporate
8983,12993,Waipahu,HI,EE. UU.,Corporate
8984,13317,Memphis,TN,EE. UU.,Corporate
8985,13316,Marietta,GA,EE. UU.,Corporate
8986,13241,Ypsilanti,MI,EE. UU.,Corporate
8987,10952,Greeley,CO,EE. UU.,Corporate
8988,2100,Austin,TX,EE. UU.,Corporate
8989,13734,San Jose,CA,EE. UU.,Corporate
8990,13554,Paramount,CA,EE. UU.,Corporate
8991,14782,Mesquite,TX,EE. UU.,Corporate
8992,13926,Portland,OR,EE. UU.,Corporate
8993,12772,New York,NY,EE. UU.,Corporate
8994,5696,Philadelphia,PA,EE. UU.,Corporate
8995,12767,Tempe,AZ,EE. UU.,Corporate
8996,13776,West Chester,PA,EE. UU.,Corporate
8997,13686,New Bedford,MA,EE. UU.,Corporate
8998,14773,El Paso,TX,EE. UU.,Corporate
8999,7869,Sumner,WA,EE. UU.,Corporate
9000,7450,Pharr,TX,EE. UU.,Corporate
9001,1122,Pico Rivera,CA,EE. UU.,Corporate
9002,1986,Phoenix,AZ,EE. UU.,Corporate
9003,8079,Spring Valley,NY,EE. UU.,Corporate
9004,1713,Frankfort,KY,EE. UU.,Corporate
9005,3637,Bronx,NY,EE. UU.,Corporate
9006,2455,Carol Stream,IL,EE. UU.,Corporate
9007,7961,Miami,FL,EE. UU.,Corporate
9008,1392,Amarillo,TX,EE. UU.,Corporate
9009,6290,Ontario,CA,EE. UU.,Corporate
9010,7277,Littleton,CO,EE. UU.,Corporate
9011,12440,San Marcos,CA,EE. UU.,Corporate
9012,12862,Endicott,NY,EE. UU.,Corporate
9013,14989,Ontario,CA,EE. UU.,Corporate
9014,12908,Bellflower,CA,EE. UU.,Corporate
9015,14077,Aurora,CO,EE. UU.,Corporate
9016,12994,Carlisle,PA,EE. UU.,Corporate
9017,8356,New York,NY,EE. UU.,Corporate
9018,7149,Cleveland,OH,EE. UU.,Corporate
9019,1164,Elyria,OH,EE. UU.,Corporate
9020,13830,North Las Vegas,NV,EE. UU.,Corporate
9021,8886,Brandon,FL,EE. UU.,Corporate
9022,12592,Los Angeles,CA,EE. UU.,Corporate
9023,8547,Pompano Beach,FL,EE. UU.,Corporate
9024,11323,Hanford,CA,EE. UU.,Corporate
9025,6504,Jacksonville,FL,EE. UU.,Corporate
9026,5156,Troy,MI,EE. UU.,Corporate
9027,11280,North Hollywood,CA,EE. UU.,Corporate
9028,5852,Las Vegas,NV,EE. UU.,Corporate
9029,2930,Perth Amboy,NJ,EE. UU.,Corporate
9030,4310,Modesto,CA,EE. UU.,Corporate
9031,790,Honolulu,HI,EE. UU.,Corporate
9032,5045,Antioch,TN,EE. UU.,Corporate
9033,6433,Irvington,NJ,EE. UU.,Corporate
9034,9406,Chicago,IL,EE. UU.,Corporate
9035,11971,Bensalem,PA,EE. UU.,Corporate
9036,9128,San Diego,CA,EE. UU.,Corporate
9037,7065,Olathe,KS,EE. UU.,Corporate
9038,9937,West Covina,CA,EE. UU.,Corporate
9039,4743,Washington,DC,EE. UU.,Corporate
9040,956,Bronx,NY,EE. UU.,Corporate
9041,3461,Miami,FL,EE. UU.,Corporate
9042,18165,Houston,TX,EE. UU.,Corporate
9043,18138,Houston,TX,EE. UU.,Corporate
9044,19139,Baltimore,MD,EE. UU.,Corporate
9045,19245,Miami,FL,EE. UU.,Corporate
9046,16496,Greenville,NC,EE. UU.,Corporate
9047,16494,San Jose,CA,EE. UU.,Corporate
9048,16438,Columbus,GA,EE. UU.,Corporate
9049,16595,Laredo,TX,EE. UU.,Corporate
9050,18756,Simi Valley,CA,EE. UU.,Corporate
9051,18852,West Jordan,UT,EE. UU.,Corporate
9052,15868,Rego Park,NY,EE. UU.,Corporate
9053,18832,Miami,FL,EE. UU.,Corporate
9054,11038,Newark,NJ,EE. UU.,Corporate
9055,5880,Santa Clara,CA,EE. UU.,Corporate
9056,18445,Daly City,CA,EE. UU.,Corporate
9057,18300,National City,CA,EE. UU.,Corporate
9058,17645,Garden Grove,CA,EE. UU.,Corporate
9059,17428,Dorchester Center,MA,EE. UU.,Corporate
9060,17264,Chicago,IL,EE. UU.,Corporate
9061,106,Napa,CA,EE. UU.,Corporate
9062,20633,Sacramento,CA,EE. UU.,Corporate
9063,18452,Atlanta,GA,EE. UU.,Corporate
9064,20560,Sacramento,CA,EE. UU.,Corporate
9065,8458,Apex,NC,EE. UU.,Corporate
9066,18449,Flushing,NY,EE. UU.,Corporate
9067,17724,Philadelphia,PA,EE. UU.,Corporate
9068,17741,Bronx,NY,EE. UU.,Corporate
9069,18677,Cumberland,MD,EE. UU.,Corporate
9070,15652,Newark,NJ,EE. UU.,Corporate
9071,15471,Glenview,IL,EE. UU.,Corporate
9072,15306,El Paso,TX,EE. UU.,Corporate
9073,9828,North Richland Hills,TX,EE. UU.,Corporate
9074,6597,Wheaton,IL,EE. UU.,Corporate
9075,20296,North Hollywood,CA,EE. UU.,Corporate
9076,16348,South Ozone Park,NY,EE. UU.,Corporate
9077,16222,Irving,TX,EE. UU.,Corporate
9078,16221,Las Vegas,NV,EE. UU.,Corporate
9079,15190,Vacaville,CA,EE. UU.,Corporate
9080,20110,Carlisle,PA,EE. UU.,Corporate
9081,19875,New York,NY,EE. UU.,Corporate
9082,16107,Mentor,OH,EE. UU.,Corporate
9083,16177,Elyria,OH,EE. UU.,Corporate
9084,17144,Los Angeles,CA,EE. UU.,Corporate
9085,18936,Tucson,AZ,EE. UU.,Corporate
9086,18636,New York,NY,EE. UU.,Corporate
9087,17143,Harvey,IL,EE. UU.,Corporate
9088,20302,Chicago,IL,EE. UU.,Corporate
9089,20050,Chicago,IL,EE. UU.,Corporate
9090,20355,Miami,FL,EE. UU.,Corporate
9091,16353,Eugene,OR,EE. UU.,Corporate
9092,20046,Greeley,CO,EE. UU.,Corporate
9093,19199,Elgin,IL,EE. UU.,Corporate
9094,20462,Hilliard,OH,EE. UU.,Corporate
9095,17665,Baytown,TX,EE. UU.,Corporate
9096,18890,San Antonio,TX,EE. UU.,Corporate
9097,17480,Newark,DE,EE. UU.,Corporate
9098,11268,Colorado Springs,CO,EE. UU.,Corporate
9099,4749,Plano,TX,EE. UU.,Corporate
9100,18638,Brooklyn,NY,EE. UU.,Corporate
9101,19996,Sunnyvale,CA,EE. UU.,Corporate
9102,15272,Chapel Hill,NC,EE. UU.,Corporate
9103,1093,Pomona,CA,EE. UU.,Corporate
9104,3669,San Bernardino,CA,EE. UU.,Corporate
9105,5278,Westminster,CA,EE. UU.,Corporate
9106,7976,East Brunswick,NJ,EE. UU.,Corporate
9107,2557,Detroit,MI,EE. UU.,Corporate
9108,7526,Jacksonville,FL,EE. UU.,Corporate
9109,9229,Van Nuys,CA,EE. UU.,Corporate
9110,3791,Levittown,NY,EE. UU.,Corporate
9111,11960,Chesapeake,VA,EE. UU.,Corporate
9112,11707,Davis,CA,EE. UU.,Corporate
9113,444,Sunnyvale,CA,EE. UU.,Corporate
9114,5336,Lutz,FL,EE. UU.,Corporate
9115,11953,Mission,TX,EE. UU.,Corporate
9116,3300,Hendersonville,TN,EE. UU.,Corporate
9117,2460,San Pablo,CA,EE. UU.,Corporate
9118,3917,Eugene,OR,EE. UU.,Corporate
9119,4834,Detroit,MI,EE. UU.,Corporate
9120,2883,Sheboygan,WI,EE. UU.,Corporate
9121,11120,Saint Louis,MO,EE. UU.,Corporate
9122,1221,Aurora,CO,EE. UU.,Corporate
9123,1610,El Monte,CA,EE. UU.,Corporate
9124,1953,Potomac,MD,EE. UU.,Corporate
9125,7372,Marion,OH,EE. UU.,Corporate
9126,12122,Cleveland,OH,EE. UU.,Corporate
9127,5524,Brooklyn,NY,EE. UU.,Corporate
9128,7608,El Cajon,CA,EE. UU.,Corporate
9129,10285,Ontario,CA,EE. UU.,Corporate
9130,1522,Stamford,CT,EE. UU.,Corporate
9131,6934,Middletown,OH,EE. UU.,Corporate
9132,2896,Caguas,PR,Puerto Rico,Corporate
9133,11109,Caguas,PR,Puerto Rico,Corporate
9134,7028,Caguas,PR,Puerto Rico,Corporate
9135,1844,Caguas,PR,Puerto Rico,Corporate
9136,1981,Caguas,PR,Puerto Rico,Corporate
9137,17606,Caguas,PR,Puerto Rico,Corporate
9138,18948,Caguas,PR,Puerto Rico,Corporate
9139,19019,Caguas,PR,Puerto Rico,Corporate
9140,19790,Caguas,PR,Puerto Rico,Corporate
9141,16255,Caguas,PR,Puerto Rico,Corporate
9142,19966,Caguas,PR,Puerto Rico,Corporate
9143,17166,Caguas,PR,Puerto Rico,Corporate
9144,19999,Caguas,PR,Puerto Rico,Corporate
9145,19853,Caguas,PR,Puerto Rico,Corporate
9146,20284,Caguas,PR,Puerto Rico,Corporate
9147,20281,Caguas,PR,Puerto Rico,Corporate
9148,1128,Caguas,PR,Puerto Rico,Corporate
9149,2560,Caguas,PR,Puerto Rico,Corporate
9150,637,Caguas,PR,Puerto Rico,Corporate
9151,9260,Caguas,PR,Puerto Rico,Corporate
9152,11560,Caguas,PR,Puerto Rico,Corporate
9153,297,Caguas,PR,Puerto Rico,Corporate
9154,5985,Caguas,PR,Puerto Rico,Corporate
9155,6971,Caguas,PR,Puerto Rico,Corporate
9156,11474,Caguas,PR,Puerto Rico,Corporate
9157,7821,Caguas,PR,Puerto Rico,Corporate
9158,5201,Caguas,PR,Puerto Rico,Corporate
9159,7533,Caguas,PR,Puerto Rico,Corporate
9160,9006,Caguas,PR,Puerto Rico,Corporate
9161,7017,Caguas,PR,Puerto Rico,Corporate
9162,4699,Caguas,PR,Puerto Rico,Corporate
9163,1016,Caguas,PR,Puerto Rico,Corporate
9164,11610,Caguas,PR,Puerto Rico,Corporate
9165,3132,Caguas,PR,Puerto Rico,Corporate
9166,4197,Caguas,PR,Puerto Rico,Corporate
9167,8719,Caguas,PR,Puerto Rico,Corporate
9168,8479,Caguas,PR,Puerto Rico,Corporate
9169,2101,Caguas,PR,Puerto Rico,Corporate
9170,1143,Caguas,PR,Puerto Rico,Corporate
9171,5207,Caguas,PR,Puerto Rico,Corporate
9172,6709,Caguas,PR,Puerto Rico,Corporate
9173,11515,Caguas,PR,Puerto Rico,Corporate
9174,7256,Caguas,PR,Puerto Rico,Corporate
9175,1550,Caguas,PR,Puerto Rico,Corporate
9176,9883,Caguas,PR,Puerto Rico,Corporate
9177,1954,Caguas,PR,Puerto Rico,Corporate
9178,1637,Caguas,PR,Puerto Rico,Corporate
9179,5881,Caguas,PR,Puerto Rico,Corporate
9180,9739,Caguas,PR,Puerto Rico,Corporate
9181,2909,Caguas,PR,Puerto Rico,Corporate
9182,5628,Caguas,PR,Puerto Rico,Corporate
9183,11773,Caguas,PR,Puerto Rico,Corporate
9184,7508,Caguas,PR,Puerto Rico,Corporate
9185,11818,Caguas,PR,Puerto Rico,Corporate
9186,9549,Caguas,PR,Puerto Rico,Corporate
9187,4724,Caguas,PR,Puerto Rico,Corporate
9188,4482,Caguas,PR,Puerto Rico,Corporate
9189,11414,Caguas,PR,Puerto Rico,Corporate
9190,1966,Guayama,PR,Puerto Rico,Corporate
9191,1023,Caguas,PR,Puerto Rico,Corporate
9192,3191,Caguas,PR,Puerto Rico,Corporate
9193,2598,Caguas,PR,Puerto Rico,Corporate
9194,2623,Caguas,PR,Puerto Rico,Corporate
9195,1011,Caguas,PR,Puerto Rico,Corporate
9196,7557,Caguas,PR,Puerto Rico,Corporate
9197,5165,Caguas,PR,Puerto Rico,Corporate
9198,10038,Caguas,PR,Puerto Rico,Corporate
9199,5722,Caguas,PR,Puerto Rico,Corporate
9200,9215,Caguas,PR,Puerto Rico,Corporate
9201,3119,Caguas,PR,Puerto Rico,Corporate
9202,225,Caguas,PR,Puerto Rico,Corporate
9203,1815,Caguas,PR,Puerto Rico,Corporate
9204,11564,Caguas,PR,Puerto Rico,Corporate
9205,8158,Caguas,PR,Puerto Rico,Corporate
9206,7371,Caguas,PR,Puerto Rico,Corporate
9207,7172,Bayamon,PR,Puerto Rico,Corporate
9208,9979,Mayaguez,PR,Puerto Rico,Corporate
9209,8041,Caguas,PR,Puerto Rico,Corporate
9210,3429,Caguas,PR,Puerto Rico,Corporate
9211,2920,Caguas,PR,Puerto Rico,Corporate
9212,5982,Caguas,PR,Puerto Rico,Corporate
9213,9226,Caguas,PR,Puerto Rico,Corporate
9214,3129,Caguas,PR,Puerto Rico,Corporate
9215,2146,Caguas,PR,Puerto Rico,Corporate
9216,8613,Caguas,PR,Puerto Rico,Corporate
9217,4138,Caguas,PR,Puerto Rico,Corporate
9218,2203,Caguas,PR,Puerto Rico,Corporate
9219,11642,Caguas,PR,Puerto Rico,Corporate
9220,10211,Caguas,PR,Puerto Rico,Corporate
9221,7440,Caguas,PR,Puerto Rico,Corporate
9222,5874,Trujillo Alto,PR,Puerto Rico,Corporate
9223,4071,Caguas,PR,Puerto Rico,Corporate
9224,2785,Caguas,PR,Puerto Rico,Corporate
9225,3834,Caguas,PR,Puerto Rico,Corporate
9226,12138,Caguas,PR,Puerto Rico,Corporate
9227,109,Caguas,PR,Puerto Rico,Corporate
9228,8110,Caguas,PR,Puerto Rico,Corporate
9229,255,Caguas,PR,Puerto Rico,Corporate
9230,8304,Carolina,PR,Puerto Rico,Corporate
9231,6239,Juana Diaz,PR,Puerto Rico,Corporate
9232,11472,Caguas,PR,Puerto Rico,Corporate
9233,667,Caguas,PR,Puerto Rico,Corporate
9234,2074,Caguas,PR,Puerto Rico,Corporate
9235,10876,Caguas,PR,Puerto Rico,Corporate
9236,8265,Caguas,PR,Puerto Rico,Corporate
9237,5068,Caguas,PR,Puerto Rico,Corporate
9238,8849,Caguas,PR,Puerto Rico,Corporate
9239,7804,Caguas,PR,Puerto Rico,Corporate
9240,14293,San Sebastian,PR,Puerto Rico,Corporate
9241,12980,Caguas,PR,Puerto Rico,Corporate
9242,14142,Caguas,PR,Puerto Rico,Corporate
9243,13176,Caguas,PR,Puerto Rico,Corporate
9244,13354,Caguas,PR,Puerto Rico,Corporate
9245,13318,Caguas,PR,Puerto Rico,Corporate
9246,13174,Caguas,PR,Puerto Rico,Corporate
9247,13352,Caguas,PR,Puerto Rico,Corporate
9248,12992,Caguas,PR,Puerto Rico,Corporate
9249,14406,Caguas,PR,Puerto Rico,Corporate
9250,13242,Caguas,PR,Puerto Rico,Corporate
9251,14223,Caguas,PR,Puerto Rico,Corporate
9252,12167,Caguas,PR,Puerto Rico,Corporate
9253,3946,Caguas,PR,Puerto Rico,Corporate
9254,2395,Caguas,PR,Puerto Rico,Corporate
9255,6289,Caguas,PR,Puerto Rico,Corporate
9256,87,Caguas,PR,Puerto Rico,Corporate
9257,9685,Caguas,PR,Puerto Rico,Corporate
9258,10447,Caguas,PR,Puerto Rico,Corporate
9259,400,Caguas,PR,Puerto Rico,Corporate
9260,1254,Caguas,PR,Puerto Rico,Corporate
9261,11061,Caguas,PR,Puerto Rico,Corporate
9262,7929,Caguas,PR,Puerto Rico,Corporate
9263,7230,Caguas,PR,Puerto Rico,Corporate
9264,11694,Caguas,PR,Puerto Rico,Corporate
9265,3511,Caguas,PR,Puerto Rico,Corporate
9266,10319,Caguas,PR,Puerto Rico,Corporate
9267,3776,Caguas,PR,Puerto Rico,Corporate
9268,8255,Caguas,PR,Puerto Rico,Corporate
9269,5226,Caguas,PR,Puerto Rico,Corporate
9270,12377,Caguas,PR,Puerto Rico,Corporate
9271,13777,Caguas,PR,Puerto Rico,Corporate
9272,477,Caguas,PR,Puerto Rico,Corporate
9273,3861,Caguas,PR,Puerto Rico,Corporate
9274,8327,Caguas,PR,Puerto Rico,Corporate
9275,11946,Caguas,PR,Puerto Rico,Corporate
9276,11956,Caguas,PR,Puerto Rico,Corporate
9277,380,Caguas,PR,Puerto Rico,Corporate
9278,11913,Rio Grande,PR,Puerto Rico,Corporate
9279,10331,Caguas,PR,Puerto Rico,Corporate
9280,6023,Caguas,PR,Puerto Rico,Corporate
9281,2185,Caguas,PR,Puerto Rico,Corporate
9282,11195,Caguas,PR,Puerto Rico,Corporate
9283,4824,Caguas,PR,Puerto Rico,Corporate
9284,9280,Caguas,PR,Puerto Rico,Corporate
9285,10183,Caguas,PR,Puerto Rico,Corporate
9286,3591,Caguas,PR,Puerto Rico,Corporate
9287,8338,Caguas,PR,Puerto Rico,Corporate
9288,1132,Caguas,PR,Puerto Rico,Corporate
9289,7213,Caguas,PR,Puerto Rico,Corporate
9290,12303,Caguas,PR,Puerto Rico,Corporate
9291,1762,Caguas,PR,Puerto Rico,Corporate
9292,15100,Caguas,PR,Puerto Rico,Corporate
9293,14946,Caguas,PR,Puerto Rico,Corporate
9294,13361,Caguas,PR,Puerto Rico,Corporate
9295,12995,Caguas,PR,Puerto Rico,Corporate
9296,13403,Caguas,PR,Puerto Rico,Corporate
9297,13096,Caguas,PR,Puerto Rico,Corporate
9298,6915,Caguas,PR,Puerto Rico,Corporate
9299,7741,Caguas,PR,Puerto Rico,Corporate
9300,12591,Caguas,PR,Puerto Rico,Corporate
9301,8526,Caguas,PR,Puerto Rico,Corporate
9302,3688,Caguas,PR,Puerto Rico,Corporate
9303,8666,Caguas,PR,Puerto Rico,Corporate
9304,6833,Caguas,PR,Puerto Rico,Corporate
9305,12225,Caguas,PR,Puerto Rico,Corporate
9306,11978,Caguas,PR,Puerto Rico,Corporate
9307,3040,Caguas,PR,Puerto Rico,Corporate
9308,4251,Caguas,PR,Puerto Rico,Corporate
9309,4869,Caguas,PR,Puerto Rico,Corporate
9310,9657,Caguas,PR,Puerto Rico,Corporate
9311,8122,Caguas,PR,Puerto Rico,Corporate
9312,5706,Caguas,PR,Puerto Rico,Corporate
9313,5647,Caguas,PR,Puerto Rico,Corporate
9314,5220,Caguas,PR,Puerto Rico,Corporate
9315,9774,Caguas,PR,Puerto Rico,Corporate
9316,9789,Caguas,PR,Puerto Rico,Corporate
9317,8518,Caguas,PR,Puerto Rico,Corporate
9318,8157,Manati,PR,Puerto Rico,Corporate
9319,463,Caguas,PR,Puerto Rico,Corporate
9320,11076,Caguas,PR,Puerto Rico,Corporate
9321,5540,Caguas,PR,Puerto Rico,Corporate
9322,6212,Caguas,PR,Puerto Rico,Corporate
9323,9735,Caguas,PR,Puerto Rico,Corporate
9324,12132,Caguas,PR,Puerto Rico,Corporate
9325,10006,Caguas,PR,Puerto Rico,Corporate
9326,9075,Caguas,PR,Puerto Rico,Corporate
9327,3830,Caguas,PR,Puerto Rico,Corporate
9328,2541,Caguas,PR,Puerto Rico,Corporate
9329,10959,Caguas,PR,Puerto Rico,Corporate
9330,1060,Caguas,PR,Puerto Rico,Corporate
9331,5419,Caguas,PR,Puerto Rico,Corporate
9332,3854,Caguas,PR,Puerto Rico,Corporate
9333,10777,Caguas,PR,Puerto Rico,Corporate
9334,10242,Caguas,PR,Puerto Rico,Corporate
9335,9142,Caguas,PR,Puerto Rico,Corporate
9336,3070,Caguas,PR,Puerto Rico,Corporate
9337,4073,Caguas,PR,Puerto Rico,Corporate
9338,10883,Caguas,PR,Puerto Rico,Corporate
9339,5498,Caguas,PR,Puerto Rico,Corporate
9340,3480,Caguas,PR,Puerto Rico,Corporate
9341,11127,Caguas,PR,Puerto Rico,Corporate
9342,7769,Caguas,PR,Puerto Rico,Corporate
9343,18137,Caguas,PR,Puerto Rico,Corporate
9344,18050,Caguas,PR,Puerto Rico,Corporate
9345,18230,Caguas,PR,Puerto Rico,Corporate
9346,18228,Caguas,PR,Puerto Rico,Corporate
9347,16580,Caguas,PR,Puerto Rico,Corporate
9348,16596,Caguas,PR,Puerto Rico,Corporate
9349,18789,Caguas,PR,Puerto Rico,Corporate
9350,12396,Caguas,PR,Puerto Rico,Corporate
9351,9839,Caguas,PR,Puerto Rico,Corporate
9352,9956,Bayamon,PR,Puerto Rico,Corporate
9353,11995,Caguas,PR,Puerto Rico,Corporate
9354,10590,Caguas,PR,Puerto Rico,Corporate
9355,6883,Caguas,PR,Puerto Rico,Corporate
9356,10337,Caguas,PR,Puerto Rico,Corporate
9357,2155,Caguas,PR,Puerto Rico,Corporate
9358,10235,Caguas,PR,Puerto Rico,Corporate
9359,4277,Caguas,PR,Puerto Rico,Corporate
9360,15947,Caguas,PR,Puerto Rico,Corporate
9361,9234,Caguas,PR,Puerto Rico,Corporate
9362,18891,Caguas,PR,Puerto Rico,Corporate
9363,1379,Caguas,PR,Puerto Rico,Corporate
9364,6874,Caguas,PR,Puerto Rico,Corporate
9365,5044,Caguas,PR,Puerto Rico,Corporate
9366,6566,Caguas,PR,Puerto Rico,Corporate
9367,4626,Caguas,PR,Puerto Rico,Corporate
9368,7232,Caguas,PR,Puerto Rico,Corporate
9369,3171,Caguas,PR,Puerto Rico,Corporate
9370,1082,Caguas,PR,Puerto Rico,Corporate
9371,18448,Caguas,PR,Puerto Rico,Corporate
9372,9836,Caguas,PR,Puerto Rico,Corporate
9373,4400,Caguas,PR,Puerto Rico,Corporate
9374,6327,Caguas,PR,Puerto Rico,Corporate
9375,20448,Caguas,PR,Puerto Rico,Corporate
9376,17364,Caguas,PR,Puerto Rico,Corporate
9377,7339,Caguas,PR,Puerto Rico,Corporate
9378,9358,Caguas,PR,Puerto Rico,Corporate
9379,11851,Guayama,PR,Puerto Rico,Corporate
9380,6104,Caguas,PR,Puerto Rico,Corporate
9381,15503,Caguas,PR,Puerto Rico,Corporate
9382,15456,Caguas,PR,Puerto Rico,Corporate
9383,15290,Caguas,PR,Puerto Rico,Corporate
9384,5204,Caguas,PR,Puerto Rico,Corporate
9385,5635,Caguas,PR,Puerto Rico,Corporate
9386,5389,Caguas,PR,Puerto Rico,Corporate
9387,4812,Caguas,PR,Puerto Rico,Corporate
9388,877,Caguas,PR,Puerto Rico,Corporate
9389,4679,Caguas,PR,Puerto Rico,Corporate
9390,5710,Caguas,PR,Puerto Rico,Corporate
9391,3147,Caguas,PR,Puerto Rico,Corporate
9392,6964,Caguas,PR,Puerto Rico,Corporate
9393,17571,Caguas,PR,Puerto Rico,Corporate
9394,19865,Caguas,PR,Puerto Rico,Corporate
9395,16330,Caguas,PR,Puerto Rico,Corporate
9396,16165,Caguas,PR,Puerto Rico,Corporate
9397,20111,Caguas,PR,Puerto Rico,Corporate
9398,20145,Caguas,PR,Puerto Rico,Corporate
9399,20304,Caguas,PR,Puerto Rico,Corporate
9400,17826,Caguas,PR,Puerto Rico,Corporate
9401,18528,Caguas,PR,Puerto Rico,Corporate
9402,17823,Caguas,PR,Puerto Rico,Corporate
9403,20156,Caguas,PR,Puerto Rico,Corporate
9404,16351,Caguas,PR,Puerto Rico,Corporate
9405,2890,Caguas,PR,Puerto Rico,Corporate
9406,17430,Caguas,PR,Puerto Rico,Corporate
9407,6061,Caguas,PR,Puerto Rico,Corporate
9408,18641,Caguas,PR,Puerto Rico,Corporate
9409,19902,Caguas,PR,Puerto Rico,Corporate
9410,5519,Caguas,PR,Puerto Rico,Corporate
9411,4462,Caguas,PR,Puerto Rico,Corporate
9412,3435,Caguas,PR,Puerto Rico,Corporate
9413,4805,Caguas,PR,Puerto Rico,Corporate
9414,4404,Caguas,PR,Puerto Rico,Corporate
9415,3696,Caguas,PR,Puerto Rico,Corporate
9416,843,Caguas,PR,Puerto Rico,Corporate
9417,8259,Caguas,PR,Puerto Rico,Corporate
9418,5957,Caguas,PR,Puerto Rico,Corporate
9419,3486,Caguas,PR,Puerto Rico,Corporate
9420,2451,Caguas,PR,Puerto Rico,Corporate
9421,2766,Caguas,PR,Puerto Rico,Corporate
9422,6816,Caguas,PR,Puerto Rico,Corporate
9423,5571,Caguas,PR,Puerto Rico,Corporate
9424,4455,Caguas,PR,Puerto Rico,Corporate
9425,4701,Caguas,PR,Puerto Rico,Corporate
9426,3996,Caguas,PR,Puerto Rico,Corporate
9427,2934,Caguas,PR,Puerto Rico,Corporate
9428,8593,Caguas,PR,Puerto Rico,Corporate
9429,3211,Caguas,PR,Puerto Rico,Corporate
9430,947,Caguas,PR,Puerto Rico,Corporate
9431,5296,Caguas,PR,Puerto Rico,Corporate
9432,7596,Caguas,PR,Puerto Rico,Corporate
9433,11386,Caguas,PR,Puerto Rico,Corporate
9434,11748,Caguas,PR,Puerto Rico,Corporate
9435,9972,Caguas,PR,Puerto Rico,Corporate
9436,819,Carolina,PR,Puerto Rico,Corporate
9437,6681,Caguas,PR,Puerto Rico,Corporate
9438,5548,Caguas,PR,Puerto Rico,Corporate
9439,2731,Caguas,PR,Puerto Rico,Corporate
9440,4380,Caguas,PR,Puerto Rico,Corporate
9441,330,Caguas,PR,Puerto Rico,Corporate
9442,3303,Caguas,PR,Puerto Rico,Corporate
9443,834,Caguas,PR,Puerto Rico,Corporate
9444,6414,Ponce,PR,Puerto Rico,Corporate
9445,11086,Caguas,PR,Puerto Rico,Corporate
9446,1406,Caguas,PR,Puerto Rico,Corporate
9447,4171,Caguas,PR,Puerto Rico,Corporate
9448,1983,Caguas,PR,Puerto Rico,Corporate
9449,7599,Caguas,PR,Puerto Rico,Corporate
9450,6876,Caguas,PR,Puerto Rico,Corporate
9451,3644,Caguas,PR,Puerto Rico,Corporate
9452,10280,Caguas,PR,Puerto Rico,Corporate
9453,12165,Caguas,PR,Puerto Rico,Corporate
9454,2020,Caguas,PR,Puerto Rico,Corporate
9455,1805,Caguas,PR,Puerto Rico,Corporate
9456,427,Caguas,PR,Puerto Rico,Corporate
9457,366,Caguas,PR,Puerto Rico,Corporate
9458,7771,Caguas,PR,Puerto Rico,Corporate
9459,4502,Caguas,PR,Puerto Rico,Corporate
9460,280,Caguas,PR,Puerto Rico,Corporate
9461,4445,Caguas,PR,Puerto Rico,Corporate
9462,2894,Caguas,PR,Puerto Rico,Corporate
9463,8546,Caguas,PR,Puerto Rico,Corporate
9464,7704,Caguas,PR,Puerto Rico,Corporate
9465,5157,Caguas,PR,Puerto Rico,Corporate
9466,2309,Caguas,PR,Puerto Rico,Corporate
9467,9811,Caguas,PR,Puerto Rico,Corporate
9468,7068,Caguas,PR,Puerto Rico,Corporate
9469,4635,Caguas,PR,Puerto Rico,Corporate
9470,10724,Caguas,PR,Puerto Rico,Corporate
9471,5846,Caguas,PR,Puerto Rico,Corporate
9472,10144,Caguas,PR,Puerto Rico,Corporate
9473,13181,Caguas,PR,Puerto Rico,Corporate
9474,5822,Caguas,PR,Puerto Rico,Corporate
9475,13785,Caguas,PR,Puerto Rico,Corporate
9476,3627,Caguas,PR,Puerto Rico,Corporate
9477,2298,Caguas,PR,Puerto Rico,Corporate
9478,12147,Caguas,PR,Puerto Rico,Corporate
9479,10065,Caguas,PR,Puerto Rico,Corporate
9480,9158,Caguas,PR,Puerto Rico,Corporate
9481,564,Caguas,PR,Puerto Rico,Corporate
9482,11578,Caguas,PR,Puerto Rico,Corporate
9483,5692,Caguas,PR,Puerto Rico,Corporate
9484,207,Caguas,PR,Puerto Rico,Corporate
9485,7115,Caguas,PR,Puerto Rico,Corporate
9486,12861,Caguas,PR,Puerto Rico,Corporate
9487,2249,Los Angeles,CA,EE. UU.,Corporate
9488,1650,Princeton,NJ,EE. UU.,Corporate
9489,12274,Staten Island,NY,EE. UU.,Corporate
9490,12405,Lawton,OK,EE. UU.,Corporate
9491,4351,Antioch,TN,EE. UU.,Corporate
9492,4746,Walnut,CA,EE. UU.,Corporate
9493,4379,Detroit,MI,EE. UU.,Corporate
9494,239,Mcallen,TX,EE. UU.,Corporate
9495,8334,Las Cruces,NM,EE. UU.,Corporate
9496,9681,Dallas,TX,EE. UU.,Corporate
9497,4006,Clementon,NJ,EE. UU.,Corporate
9498,7488,Knoxville,TN,EE. UU.,Corporate
9499,5073,Poway,CA,EE. UU.,Corporate
9500,10254,Fremont,CA,EE. UU.,Corporate
9501,2202,Mesquite,TX,EE. UU.,Corporate
9502,1259,Everett,WA,EE. UU.,Corporate
9503,796,Tallahassee,FL,EE. UU.,Corporate
9504,4430,Detroit,MI,EE. UU.,Corporate
9505,1202,Plainfield,IL,EE. UU.,Corporate
9506,6243,Chicago,IL,EE. UU.,Corporate
9507,2413,Virginia Beach,VA,EE. UU.,Corporate
9508,11870,San Diego,CA,EE. UU.,Corporate
9509,1728,La Mesa,CA,EE. UU.,Corporate
9510,2893,Los Angeles,CA,EE. UU.,Corporate
9511,5067,Ogden,UT,EE. UU.,Corporate
9512,4414,Sunnyvale,CA,EE. UU.,Corporate
9513,4446,Paramount,CA,EE. UU.,Corporate
9514,6236,Chicago,IL,EE. UU.,Corporate
9515,8875,Saint Charles,MO,EE. UU.,Corporate
9516,6293,Bristol,CT,EE. UU.,Corporate
9517,7350,Salt Lake City,UT,EE. UU.,Corporate
9518,1551,Newark,NJ,EE. UU.,Corporate
9519,9981,Vista,CA,EE. UU.,Corporate
9520,5559,Crystal Lake,IL,EE. UU.,Corporate
9521,1166,Las Vegas,NV,EE. UU.,Corporate
9522,4926,Bronx,NY,EE. UU.,Corporate
9523,3869,Los Angeles,CA,EE. UU.,Corporate
9524,1971,Seattle,WA,EE. UU.,Corporate
9525,10236,San Francisco,CA,EE. UU.,Corporate
9526,7529,Denver,CO,EE. UU.,Corporate
9527,6259,Saginaw,MI,EE. UU.,Corporate
9528,260,North Hollywood,CA,EE. UU.,Corporate
9529,2782,Los Angeles,CA,EE. UU.,Corporate
9530,5806,Chesapeake,VA,EE. UU.,Corporate
9531,5099,Aurora,IL,EE. UU.,Corporate
9532,4405,Gaithersburg,MD,EE. UU.,Corporate
9533,10901,Vallejo,CA,EE. UU.,Corporate
9534,13779,Del Rio,TX,EE. UU.,Corporate
9535,13090,Orange Park,FL,EE. UU.,Corporate
9536,12979,Greenville,NC,EE. UU.,Corporate
9537,13246,Las Vegas,NV,EE. UU.,Corporate
9538,13353,Palatine,IL,EE. UU.,Corporate
9539,13243,Elk Grove,CA,EE. UU.,Corporate
9540,14404,Carson,CA,EE. UU.,Corporate
9541,3212,Washington,DC,EE. UU.,Corporate
9542,11393,Bronx,NY,EE. UU.,Corporate
9543,5400,Enfield,CT,EE. UU.,Corporate
9544,10427,Powder Springs,GA,EE. UU.,Corporate
9545,13911,Rosemead,CA,EE. UU.,Corporate
9546,13981,Fontana,CA,EE. UU.,Corporate
9547,3666,Princeton,NJ,EE. UU.,Corporate
9548,10374,Rego Park,NY,EE. UU.,Corporate
9549,14795,Philadelphia,PA,EE. UU.,Corporate
9550,13937,Elmhurst,IL,EE. UU.,Corporate
9551,1719,Stockton,CA,EE. UU.,Corporate
9552,4241,Daly City,CA,EE. UU.,Corporate
9553,3555,Brooklyn,NY,EE. UU.,Corporate
9554,725,San Bernardino,CA,EE. UU.,Corporate
9555,4284,Simi Valley,CA,EE. UU.,Corporate
9556,5348,Los Angeles,CA,EE. UU.,Corporate
9557,547,Hyattsville,MD,EE. UU.,Corporate
9558,8644,Englewood,CO,EE. UU.,Corporate
9559,7456,Brooklyn,NY,EE. UU.,Corporate
9560,2990,Los Angeles,CA,EE. UU.,Corporate
9561,6182,Bronx,NY,EE. UU.,Corporate
9562,2897,Waukegan,IL,EE. UU.,Corporate
9563,44,Napa,CA,EE. UU.,Corporate
9564,5636,Columbus,GA,EE. UU.,Corporate
9565,12141,Chicago,IL,EE. UU.,Corporate
9566,3730,Norfolk,VA,EE. UU.,Corporate
9567,1220,Muskegon,MI,EE. UU.,Corporate
9568,15560,Freeport,NY,EE. UU.,Corporate
9569,17825,Salinas,CA,EE. UU.,Corporate
9570,18130,Huntington Park,CA,EE. UU.,Corporate
9571,19113,Wyandotte,MI,EE. UU.,Corporate
9572,15890,Brooklyn,NY,EE. UU.,Corporate
9573,9540,Aurora,CO,EE. UU.,Corporate
9574,3025,Mission,TX,EE. UU.,Corporate
9575,18497,Pacoima,CA,EE. UU.,Corporate
9576,16000,North Las Vegas,NV,EE. UU.,Corporate
9577,17429,Hyattsville,MD,EE. UU.,Corporate
9578,18330,Hendersonville,TN,EE. UU.,Corporate
9579,18437,Clovis,CA,EE. UU.,Corporate
9580,20690,Mount Pleasant,MI,EE. UU.,Corporate
9581,4793,Orlando,FL,EE. UU.,Corporate
9582,18436,El Paso,TX,EE. UU.,Corporate
9583,18450,Catonsville,MD,EE. UU.,Corporate
9584,18866,Chesapeake,VA,EE. UU.,Corporate
9585,15973,La Mesa,CA,EE. UU.,Corporate
9586,17983,Albany,OR,EE. UU.,Corporate
9587,20449,Aurora,IL,EE. UU.,Corporate
9588,17383,Dallas,TX,EE. UU.,Corporate
9589,18446,Houston,TX,EE. UU.,Corporate
9590,18708,Brooklyn,NY,EE. UU.,Corporate
9591,67,Chicago,IL,EE. UU.,Corporate
9592,11406,Albuquerque,NM,EE. UU.,Corporate
9593,103,Broomfield,CO,EE. UU.,Corporate
9594,4527,Findlay,OH,EE. UU.,Corporate
9595,16350,Manchester,CT,EE. UU.,Corporate
9596,18997,Saint Paul,MN,EE. UU.,Corporate
9597,16300,Laredo,TX,EE. UU.,Corporate
9598,16299,Nashville,TN,EE. UU.,Corporate
9599,16298,Watsonville,CA,EE. UU.,Corporate
9600,9508,Los Angeles,CA,EE. UU.,Corporate
9601,5891,Las Vegas,NV,EE. UU.,Corporate
9602,10995,Miami,FL,EE. UU.,Corporate
9603,6808,Endicott,NY,EE. UU.,Corporate
9604,1357,Stockton,CA,EE. UU.,Corporate
9605,7344,Lancaster,PA,EE. UU.,Corporate
9606,1079,Richmond,KY,EE. UU.,Corporate
9607,3616,Chicago,IL,EE. UU.,Corporate
9608,9274,Murfreesboro,TN,EE. UU.,Corporate
9609,5595,Spring Valley,CA,EE. UU.,Corporate
9610,9468,Loveland,OH,EE. UU.,Corporate
9611,5094,New York,NY,EE. UU.,Corporate
9612,524,New Bedford,MA,EE. UU.,Corporate
9613,3069,Elk Grove,CA,EE. UU.,Corporate
9614,3023,Long Beach,CA,EE. UU.,Corporate
9615,4605,Eugene,OR,EE. UU.,Corporate
9616,10557,Philadelphia,PA,EE. UU.,Corporate
9617,9684,Albuquerque,NM,EE. UU.,Corporate
9618,4401,Lilburn,GA,EE. UU.,Corporate
9619,2748,Henrico,VA,EE. UU.,Corporate
9620,12043,Gaithersburg,MD,EE. UU.,Corporate
9621,12605,Bronx,NY,EE. UU.,Corporate
9622,12814,Roswell,GA,EE. UU.,Corporate
9623,12813,Lancaster,CA,EE. UU.,Corporate
9624,5956,Arlington,TX,EE. UU.,Corporate
9625,12510,Jacksonville,NC,EE. UU.,Corporate
9626,12860,Carlisle,PA,EE. UU.,Corporate
9627,12895,Sanford,NC,EE. UU.,Corporate
9628,3620,Aurora,CO,EE. UU.,Corporate
9629,2995,Saint Paul,MN,EE. UU.,Corporate
9630,18951,East Lansing,MI,EE. UU.,Corporate
9631,19065,Dallas,TX,EE. UU.,Corporate
9632,19243,Spring Valley,CA,EE. UU.,Corporate
9633,10618,Dallas,TX,EE. UU.,Corporate
9634,17294,Laguna Niguel,CA,EE. UU.,Corporate
9635,18689,Philadelphia,PA,EE. UU.,Corporate
9636,15616,Riverside,CA,EE. UU.,Corporate
9637,5700,Sacramento,CA,EE. UU.,Corporate
9638,8795,Greenville,NC,EE. UU.,Corporate
9639,17569,Brooklyn,NY,EE. UU.,Corporate
9640,17530,Ypsilanti,MI,EE. UU.,Corporate
9641,20331,New Haven,CT,EE. UU.,Corporate
9642,17816,Chicago,IL,EE. UU.,Corporate
9643,20329,Los Angeles,CA,EE. UU.,Corporate
9644,16219,El Paso,TX,EE. UU.,Corporate
9645,16339,Cleveland,OH,EE. UU.,Corporate
9646,16338,Oceanside,CA,EE. UU.,Corporate
9647,20339,Piscataway,NJ,EE. UU.,Corporate
9648,15236,Detroit,MI,EE. UU.,Corporate
9649,18632,Stamford,CT,EE. UU.,Corporate
9650,9891,Potomac,MD,EE. UU.,Corporate
9651,4461,San Jose,CA,EE. UU.,Corporate
9652,3156,Virginia Beach,VA,EE. UU.,Corporate
9653,7373,Hyattsville,MD,EE. UU.,Corporate
9654,5205,Detroit,MI,EE. UU.,Corporate
9655,4312,Los Angeles,CA,EE. UU.,Corporate
9656,15102,Los Angeles,CA,EE. UU.,Corporate
9657,14432,Brooklyn,NY,EE. UU.,Corporate
9658,13039,Fresno,CA,EE. UU.,Corporate
9659,13107,Tucson,AZ,EE. UU.,Corporate
9660,13250,Chicago,IL,EE. UU.,Corporate
9661,14302,Buffalo,NY,EE. UU.,Corporate
9662,14354,Santee,CA,EE. UU.,Corporate
9663,14421,San Antonio,TX,EE. UU.,Corporate
9664,12974,Wilmington,CA,EE. UU.,Corporate
9665,13331,Chicago,IL,EE. UU.,Corporate
9666,10568,Stamford,CT,EE. UU.,Corporate
9667,169,Bronx,NY,EE. UU.,Corporate
9668,2828,Fountain Valley,CA,EE. UU.,Corporate
9669,13680,Fond Du Lac,WI,EE. UU.,Corporate
9670,6680,Perth Amboy,NJ,EE. UU.,Corporate
9671,13945,Freeport,NY,EE. UU.,Corporate
9672,4216,Dallas,TX,EE. UU.,Corporate
9673,13962,Brooklyn,NY,EE. UU.,Corporate
9674,13799,Washington,DC,EE. UU.,Corporate
9675,9209,Los Angeles,CA,EE. UU.,Corporate
9676,11207,Albuquerque,NM,EE. UU.,Corporate
9677,14814,Irwin,PA,EE. UU.,Corporate
9678,13921,Morristown,NJ,EE. UU.,Corporate
9679,13795,Canyon Country,CA,EE. UU.,Corporate
9680,13920,Woodbridge,VA,EE. UU.,Corporate
9681,14776,Greeley,CO,EE. UU.,Corporate
9682,9973,Hyattsville,MD,EE. UU.,Corporate
9683,13684,Reseda,CA,EE. UU.,Corporate
9684,13989,Oakland,CA,EE. UU.,Corporate
9685,12174,Detroit,MI,EE. UU.,Corporate
9686,9493,North Hills,CA,EE. UU.,Corporate
9687,1133,Oxnard,CA,EE. UU.,Corporate
9688,12596,Brooklyn,NY,EE. UU.,Corporate
9689,12670,Miami,FL,EE. UU.,Corporate
9690,3919,Fontana,CA,EE. UU.,Corporate
9691,2978,Bakersfield,CA,EE. UU.,Corporate
9692,3713,Chicago,IL,EE. UU.,Corporate
9693,10693,Hanover,PA,EE. UU.,Corporate
9694,6689,Tallahassee,FL,EE. UU.,Corporate
9695,596,Pompano Beach,FL,EE. UU.,Corporate
9696,4978,Houston,TX,EE. UU.,Corporate
9697,405,Fort Lauderdale,FL,EE. UU.,Corporate
9698,19901,Florissant,MO,EE. UU.,Corporate
9699,18161,Carlsbad,CA,EE. UU.,Corporate
9700,18086,Philadelphia,PA,EE. UU.,Corporate
9701,16589,Sugar Land,TX,EE. UU.,Corporate
9702,16390,Chula Vista,CA,EE. UU.,Corporate
9703,19264,Lilburn,GA,EE. UU.,Corporate
9704,19263,Parkville,MD,EE. UU.,Corporate
9705,19047,Florissant,MO,EE. UU.,Corporate
9706,19280,Dallas,TX,EE. UU.,Corporate
9707,19152,Chicago,IL,EE. UU.,Corporate
9708,19200,Amarillo,TX,EE. UU.,Corporate
9709,15819,Brooklyn,NY,EE. UU.,Corporate
9710,15692,Newark,DE,EE. UU.,Corporate
9711,15832,San Bernardino,CA,EE. UU.,Corporate
9712,530,Newark,NJ,EE. UU.,Corporate
9713,1194,Riverside,CA,EE. UU.,Corporate
9714,17631,Porterville,CA,EE. UU.,Corporate
9715,17629,Livermore,CA,EE. UU.,Corporate
9716,17484,Santa Clara,CA,EE. UU.,Corporate
9717,20548,Austin,TX,EE. UU.,Corporate
9718,16052,Chicago,IL,EE. UU.,Corporate
9719,17302,Goose Creek,SC,EE. UU.,Corporate
9720,3084,Chicago,IL,EE. UU.,Corporate
9721,17356,Chicago,IL,EE. UU.,Corporate
9722,17301,Chicago,IL,EE. UU.,Corporate
9723,20564,Silver Spring,MD,EE. UU.,Corporate
9724,17498,Enfield,CT,EE. UU.,Corporate
9725,20705,Woodbridge,VA,EE. UU.,Corporate
9726,17931,Tonawanda,NY,EE. UU.,Corporate
9727,18325,Los Angeles,CA,EE. UU.,Corporate
9728,20685,Oxnard,CA,EE. UU.,Corporate
9729,15664,Corona,NY,EE. UU.,Corporate
9730,15516,Lancaster,OH,EE. UU.,Corporate
9731,15513,Santa Ana,CA,EE. UU.,Corporate
9732,15621,Birmingham,AL,EE. UU.,Corporate
9733,850,North Bergen,NJ,EE. UU.,Corporate
9734,10028,Salt Lake City,UT,EE. UU.,Corporate
9735,18558,Los Angeles,CA,EE. UU.,Corporate
9736,20278,Mililani,HI,EE. UU.,Corporate
9737,16310,Moreno Valley,CA,EE. UU.,Corporate
9738,16126,Virginia Beach,VA,EE. UU.,Corporate
9739,17091,Memphis,TN,EE. UU.,Corporate
9740,15239,Portland,OR,EE. UU.,Corporate
9741,16321,Palo Alto,CA,EE. UU.,Corporate
9742,20142,Meridian,ID,EE. UU.,Corporate
9743,19835,Wilmington,CA,EE. UU.,Corporate
9744,16175,Potomac,MD,EE. UU.,Corporate
9745,17159,El Cajon,CA,EE. UU.,Corporate
9746,20298,Santa Ana,CA,EE. UU.,Corporate
9747,2327,West Chester,PA,EE. UU.,Corporate
9748,6153,Bronx,NY,EE. UU.,Corporate
9749,6839,Austin,TX,EE. UU.,Corporate
9750,2542,Memphis,TN,EE. UU.,Corporate
9751,7335,Lancaster,OH,EE. UU.,Corporate
9752,10456,Los Angeles,CA,EE. UU.,Corporate
9753,1777,Baytown,TX,EE. UU.,Corporate
9754,1654,El Monte,CA,EE. UU.,Corporate
9755,8349,Westminster,CA,EE. UU.,Corporate
9756,7322,Chicago,IL,EE. UU.,Corporate
9757,10491,Westland,MI,EE. UU.,Corporate
9758,2162,Decatur,GA,EE. UU.,Corporate
9759,8228,Morristown,NJ,EE. UU.,Corporate
9760,7033,Henrico,VA,EE. UU.,Corporate
9761,2506,Compton,CA,EE. UU.,Corporate
9762,9583,Caguas,PR,Puerto Rico,Home Office
9763,6496,Caguas,PR,Puerto Rico,Home Office
9764,2433,Caguas,PR,Puerto Rico,Home Office
9765,12628,Caguas,PR,Puerto Rico,Home Office
9766,14924,Caguas,PR,Puerto Rico,Home Office
9767,13437,Caguas,PR,Puerto Rico,Home Office
9768,14182,Caguas,PR,Puerto Rico,Home Office
9769,13367,Caguas,PR,Puerto Rico,Home Office
9770,13642,Caguas,PR,Puerto Rico,Home Office
9771,7555,Caguas,PR,Puerto Rico,Home Office
9772,5813,Caguas,PR,Puerto Rico,Home Office
9773,3499,Toa Baja,PR,Puerto Rico,Home Office
9774,2176,Caguas,PR,Puerto Rico,Home Office
9775,10717,Caguas,PR,Puerto Rico,Home Office
9776,10544,Caguas,PR,Puerto Rico,Home Office
9777,5633,Caguas,PR,Puerto Rico,Home Office
9778,11513,Caguas,PR,Puerto Rico,Home Office
9779,8824,Caguas,PR,Puerto Rico,Home Office
9780,2645,Caguas,PR,Puerto Rico,Home Office
9781,3052,Caguas,PR,Puerto Rico,Home Office
9782,8883,Caguas,PR,Puerto Rico,Home Office
9783,6770,Caguas,PR,Puerto Rico,Home Office
9784,6764,Caguas,PR,Puerto Rico,Home Office
9785,9649,Caguas,PR,Puerto Rico,Home Office
9786,8562,Caguas,PR,Puerto Rico,Home Office
9787,2354,Caguas,PR,Puerto Rico,Home Office
9788,12219,Caguas,PR,Puerto Rico,Home Office
9789,6825,Caguas,PR,Puerto Rico,Home Office
9790,236,Caguas,PR,Puerto Rico,Home Office
9791,3808,Caguas,PR,Puerto Rico,Home Office
9792,612,Caguas,PR,Puerto Rico,Home Office
9793,10920,Caguas,PR,Puerto Rico,Home Office
9794,5737,Caguas,PR,Puerto Rico,Home Office
9795,11451,Caguas,PR,Puerto Rico,Home Office
9796,2841,Caguas,PR,Puerto Rico,Home Office
9797,10803,San Juan,PR,Puerto Rico,Home Office
9798,1897,Caguas,PR,Puerto Rico,Home Office
9799,1279,Caguas,PR,Puerto Rico,Home Office
9800,2862,Caguas,PR,Puerto Rico,Home Office
9801,17323,Caguas,PR,Puerto Rico,Home Office
9802,4263,Caguas,PR,Puerto Rico,Home Office
9803,15350,Caguas,PR,Puerto Rico,Home Office
9804,20205,Caguas,PR,Puerto Rico,Home Office
9805,20202,Caguas,PR,Puerto Rico,Home Office
9806,19122,Caguas,PR,Puerto Rico,Home Office
9807,19093,Caguas,PR,Puerto Rico,Home Office
9808,18745,Caguas,PR,Puerto Rico,Home Office
9809,20584,Caguas,PR,Puerto Rico,Home Office
9810,20438,Caguas,PR,Puerto Rico,Home Office
9811,17281,Caguas,PR,Puerto Rico,Home Office
9812,17420,Caguas,PR,Puerto Rico,Home Office
9813,8311,Caguas,PR,Puerto Rico,Home Office
9814,1699,Caguas,PR,Puerto Rico,Home Office
9815,15365,Caguas,PR,Puerto Rico,Home Office
9816,15634,Caguas,PR,Puerto Rico,Home Office
9817,8080,Caguas,PR,Puerto Rico,Home Office
9818,17559,Caguas,PR,Puerto Rico,Home Office
9819,17612,Caguas,PR,Puerto Rico,Home Office
9820,15142,Caguas,PR,Puerto Rico,Home Office
9821,17153,Caguas,PR,Puerto Rico,Home Office
9822,15139,Caguas,PR,Puerto Rico,Home Office
9823,16274,Caguas,PR,Puerto Rico,Home Office
9824,15207,Caguas,PR,Puerto Rico,Home Office
9825,19979,Caguas,PR,Puerto Rico,Home Office
9826,18614,Caguas,PR,Puerto Rico,Home Office
9827,16099,Caguas,PR,Puerto Rico,Home Office
9828,18057,Caguas,PR,Puerto Rico,Home Office
9829,19089,Caguas,PR,Puerto Rico,Home Office
9830,15871,Caguas,PR,Puerto Rico,Home Office
9831,18353,Caguas,PR,Puerto Rico,Home Office
9832,20677,Caguas,PR,Puerto Rico,Home Office
9833,8333,Caguas,PR,Puerto Rico,Home Office
9834,16054,Caguas,PR,Puerto Rico,Home Office
9835,20458,Caguas,PR,Puerto Rico,Home Office
9836,11555,Caguas,PR,Puerto Rico,Home Office
9837,18381,Caguas,PR,Puerto Rico,Home Office
9838,3260,Caguas,PR,Puerto Rico,Home Office
9839,20723,Caguas,PR,Puerto Rico,Home Office
9840,20669,Caguas,PR,Puerto Rico,Home Office
9841,15523,Caguas,PR,Puerto Rico,Home Office
9842,2481,Caguas,PR,Puerto Rico,Home Office
9843,17546,Caguas,PR,Puerto Rico,Home Office
9844,17137,Caguas,PR,Puerto Rico,Home Office
9845,17783,Caguas,PR,Puerto Rico,Home Office
9846,17168,Caguas,PR,Puerto Rico,Home Office
9847,17868,Caguas,PR,Puerto Rico,Home Office
9848,19839,Caguas,PR,Puerto Rico,Home Office
9849,19857,Caguas,PR,Puerto Rico,Home Office
9850,16358,Caguas,PR,Puerto Rico,Home Office
9851,17235,Caguas,PR,Puerto Rico,Home Office
9852,16158,Caguas,PR,Puerto Rico,Home Office
9853,15144,Caguas,PR,Puerto Rico,Home Office
9854,16172,Caguas,PR,Puerto Rico,Home Office
9855,15287,Caguas,PR,Puerto Rico,Home Office
9856,18014,Caguas,PR,Puerto Rico,Home Office
9857,15463,Caguas,PR,Puerto Rico,Home Office
9858,7622,Caguas,PR,Puerto Rico,Home Office
9859,5592,Caguas,PR,Puerto Rico,Home Office
9860,9453,Caguas,PR,Puerto Rico,Home Office
9861,7514,Caguas,PR,Puerto Rico,Home Office
9862,1341,Caguas,PR,Puerto Rico,Home Office
9863,5412,Caguas,PR,Puerto Rico,Home Office
9864,7396,Caguas,PR,Puerto Rico,Home Office
9865,3927,Caguas,PR,Puerto Rico,Home Office
9866,1268,Caguas,PR,Puerto Rico,Home Office
9867,9647,Caguas,PR,Puerto Rico,Home Office
9868,5551,Caguas,PR,Puerto Rico,Home Office
9869,6754,Caguas,PR,Puerto Rico,Home Office
9870,6314,Vega Baja,PR,Puerto Rico,Home Office
9871,8299,Caguas,PR,Puerto Rico,Home Office
9872,10633,Caguas,PR,Puerto Rico,Home Office
9873,10917,Caguas,PR,Puerto Rico,Home Office
9874,5312,Caguas,PR,Puerto Rico,Home Office
9875,8821,Caguas,PR,Puerto Rico,Home Office
9876,5809,Caguas,PR,Puerto Rico,Home Office
9877,10370,Caguas,PR,Puerto Rico,Home Office
9878,5086,San Sebastian,PR,Puerto Rico,Home Office
9879,2421,Caguas,PR,Puerto Rico,Home Office
9880,2148,Caguas,PR,Puerto Rico,Home Office
9881,994,Caguas,PR,Puerto Rico,Home Office
9882,3563,Caguas,PR,Puerto Rico,Home Office
9883,4259,Caguas,PR,Puerto Rico,Home Office
9884,8138,Caguas,PR,Puerto Rico,Home Office
9885,7042,Caguas,PR,Puerto Rico,Home Office
9886,1886,Caguas,PR,Puerto Rico,Home Office
9887,6016,Caguas,PR,Puerto Rico,Home Office
9888,7824,Caguas,PR,Puerto Rico,Home Office
9889,4331,Humacao,PR,Puerto Rico,Home Office
9890,11614,Caguas,PR,Puerto Rico,Home Office
9891,6683,Caguas,PR,Puerto Rico,Home Office
9892,689,Caguas,PR,Puerto Rico,Home Office
9893,3759,Caguas,PR,Puerto Rico,Home Office
9894,7107,Caguas,PR,Puerto Rico,Home Office
9895,1644,Caguas,PR,Puerto Rico,Home Office
9896,991,Caguas,PR,Puerto Rico,Home Office
9897,5868,Caguas,PR,Puerto Rico,Home Office
9898,4134,Caguas,PR,Puerto Rico,Home Office
9899,6119,Caguas,PR,Puerto Rico,Home Office
9900,8180,Brooklyn,NY,EE. UU.,Home Office
9901,9831,Hagerstown,MD,EE. UU.,Home Office
9902,6089,Chicago,IL,EE. UU.,Home Office
9903,7565,Las Vegas,NV,EE. UU.,Consumer
9904,10421,Caguas,PR,Puerto Rico,Corporate
9905,9731,Baytown,TX,EE. UU.,Home Office
9906,306,Phoenix,AZ,EE. UU.,Home Office
9907,8252,Sandusky,OH,EE. UU.,Home Office
9908,7427,Chicago,IL,EE. UU.,Home Office
9909,172,Chino,CA,EE. UU.,Home Office
9910,5190,Middletown,CT,EE. UU.,Home Office
9911,6691,Miami,FL,EE. UU.,Home Office
9912,8895,Rio Rancho,NM,EE. UU.,Home Office
9913,1583,Sugar Land,TX,EE. UU.,Home Office
9914,6069,Orlando,FL,EE. UU.,Consumer
9915,6176,Brooklyn,NY,EE. UU.,Home Office
9916,5055,Caguas,PR,Puerto Rico,Home Office
9917,4265,Anaheim,CA,EE. UU.,Home Office
9918,5788,Indio,CA,EE. UU.,Home Office
9919,5962,Fresno,CA,EE. UU.,Home Office
9920,8253,Caguas,PR,Puerto Rico,Consumer
9921,2190,Caguas,PR,Puerto Rico,Corporate
9922,918,Caguas,PR,Puerto Rico,Corporate
9923,6630,Plainfield,NJ,EE. UU.,Home Office
9924,5386,Chesapeake,VA,EE. UU.,Corporate
9925,2968,Caguas,PR,Puerto Rico,Consumer
9926,8533,Caguas,PR,Puerto Rico,Consumer
9927,5765,Painesville,OH,EE. UU.,Home Office
9928,3928,New York,NY,EE. UU.,Home Office
9929,11401,Caguas,PR,Puerto Rico,Consumer
9930,764,Mililani,HI,EE. UU.,Home Office
9931,2294,San Diego,CA,EE. UU.,Corporate
9932,968,Cleveland,OH,EE. UU.,Consumer
9933,347,Dallas,TX,EE. UU.,Home Office
9934,7323,Caguas,PR,Puerto Rico,Corporate
9935,3432,Rego Park,NY,EE. UU.,Corporate
9936,1197,Houston,TX,EE. UU.,Consumer
9937,10974,Clementon,NJ,EE. UU.,Consumer
9938,5049,Caguas,PR,Puerto Rico,Consumer
9939,5735,Caguas,PR,Puerto Rico,Consumer
9940,4814,Simi Valley,CA,EE. UU.,Corporate
9941,3753,Fresno,CA,EE. UU.,Home Office
9942,8832,Brooklyn,NY,EE. UU.,Home Office
9943,5337,Caguas,PR,Puerto Rico,Home Office
9944,4935,Orange Park,FL,EE. UU.,Home Office
9945,480,Austin,TX,EE. UU.,Consumer
9946,11783,Highland Park,MI,EE. UU.,Home Office
9947,3574,Salt Lake City,UT,EE. UU.,Home Office
9948,5847,Lockport,NY,EE. UU.,Home Office
9949,1817,Florissant,MO,EE. UU.,Home Office
9950,10551,Tucson,AZ,EE. UU.,Consumer
9951,5857,Caguas,PR,Puerto Rico,Consumer
9952,7453,Caguas,PR,Puerto Rico,Corporate
9953,2853,Fullerton,CA,EE. UU.,Home Office
9954,2418,Enfield,CT,EE. UU.,Home Office
9955,8332,Hanford,CA,EE. UU.,Home Office
9956,5473,Caguas,PR,Puerto Rico,Consumer
9957,11850,Caguas,PR,Puerto Rico,Corporate
9958,8595,Caguas,PR,Puerto Rico,Corporate
9959,12201,Dorchester Center,MA,EE. UU.,Consumer
9960,9749,Caguas,PR,Puerto Rico,Consumer
9961,10810,North Bergen,NJ,EE. UU.,Consumer
9962,10267,Caguas,PR,Puerto Rico,Corporate
9963,12308,Chicago,IL,EE. UU.,Consumer
9964,10458,Oceanside,CA,EE. UU.,Consumer
9965,2913,Las Cruces,NM,EE. UU.,Home Office
9966,6730,Caguas,PR,Puerto Rico,Corporate
9967,1419,Brooklyn,NY,EE. UU.,Home Office
9968,6105,Los Angeles,CA,EE. UU.,Consumer
9969,8947,Milford,CT,EE. UU.,Home Office
9970,8941,Richmond,VA,EE. UU.,Home Office
9971,10938,Caguas,PR,Puerto Rico,Consumer
9972,8891,Detroit,MI,EE. UU.,Consumer
9973,9481,Lynnwood,WA,EE. UU.,Consumer
9974,11400,Fort Worth,TX,EE. UU.,Home Office
9975,388,Los Angeles,CA,EE. UU.,Consumer
9976,1702,Austin,TX,EE. UU.,Consumer
9977,7587,Caguas,PR,Puerto Rico,Home Office
9978,6008,Vega Baja,PR,Puerto Rico,Consumer
9979,7408,Peoria,AZ,EE. UU.,Home Office
9980,4272,Los Angeles,CA,EE. UU.,Home Office
9981,5951,Phoenix,AZ,EE. UU.,Consumer
9982,8827,San Antonio,TX,EE. UU.,Home Office
9983,3847,Columbia,MO,EE. UU.,Home Office
9984,6351,Lancaster,PA,EE. UU.,Home Office
9985,3060,Oxnard,CA,EE. UU.,Consumer
9986,3656,Philadelphia,PA,EE. UU.,Home Office
9987,11942,Caguas,PR,Puerto Rico,Consumer
9988,707,Caguas,PR,Puerto Rico,Consumer
9989,10625,San Diego,CA,EE. UU.,Consumer
9990,8965,Caguas,PR,Puerto Rico,Home Office
9991,7093,Lilburn,GA,EE. UU.,Consumer
9992,11422,Moreno Valley,CA,EE. UU.,Home Office
9993,3316,Caguas,PR,Puerto Rico,Consumer
9994,1882,Bronx,NY,EE. UU.,Home Office
9995,1926,Los Angeles,CA,EE. UU.,Consumer
9996,5882,Oceanside,CA,EE. UU.,Consumer
9997,3164,Woonsocket,RI,EE. UU.,Consumer
9998,7358,Carmichael,CA,EE. UU.,Consumer
9999,8852,Caguas,PR,Puerto Rico,Consumer
10000,2066,Brooklyn,NY,EE. UU.,Consumer
10001,7402,Caguas,PR,Puerto Rico,Consumer
10002,11690,El Paso,TX,EE. UU.,Consumer
10003,2124,Toms River,NJ,EE. UU.,Home Office
10004,181,Irwin,PA,EE. UU.,Home Office
10005,2614,Lawrenceville,GA,EE. UU.,Consumer
10006,5335,Caguas,PR,Puerto Rico,Corporate
10007,3495,Winter Park,FL,EE. UU.,Consumer
10008,11191,Caguas,PR,Puerto Rico,Consumer
10009,6371,Caguas,PR,Puerto Rico,Home Office
10010,8907,Caguas,PR,Puerto Rico,Corporate
10011,11126,Cleveland,OH,EE. UU.,Consumer
10012,3963,Caguas,PR,Puerto Rico,Corporate
10013,11377,Caguas,PR,Puerto Rico,Consumer
10014,6981,Long Beach,CA,EE. UU.,Home Office
10015,1924,Tucson,AZ,EE. UU.,Consumer
10016,10718,Marietta,GA,EE. UU.,Home Office
10017,7601,Caguas,PR,Puerto Rico,Corporate
10018,5853,Caguas,PR,Puerto Rico,Corporate
10019,9258,Marrero,LA,EE. UU.,Consumer
10020,3252,Caguas,PR,Puerto Rico,Consumer
10021,9919,Raleigh,NC,EE. UU.,Consumer
10022,334,Tracy,CA,EE. UU.,Consumer
10023,3285,Bronx,NY,EE. UU.,Corporate
10024,2099,Caguas,PR,Puerto Rico,Corporate
10025,5218,Costa Mesa,CA,EE. UU.,Consumer
10026,10550,Caguas,PR,Puerto Rico,Corporate
10027,4255,Caguas,PR,Puerto Rico,Consumer
10028,12081,Opa Locka,FL,EE. UU.,Home Office
10029,307,Baltimore,MD,EE. UU.,Consumer
10030,6622,Canoga Park,CA,EE. UU.,Consumer
10031,8023,Tampa,FL,EE. UU.,Consumer
10032,10944,Caguas,PR,Puerto Rico,Corporate
10033,2669,Costa Mesa,CA,EE. UU.,Home Office
10034,12198,Oviedo,FL,EE. UU.,Consumer
10035,2744,Algonquin,IL,EE. UU.,Home Office
10036,6794,Caguas,PR,Puerto Rico,Consumer
10037,5804,York,PA,EE. UU.,Corporate
10038,8235,Sugar Land,TX,EE. UU.,Consumer
10039,12268,Fresno,CA,EE. UU.,Corporate
10040,2108,Elgin,IL,EE. UU.,Consumer
10041,5170,Lynwood,CA,EE. UU.,Consumer
10042,11429,Honolulu,HI,EE. UU.,Home Office
10043,6870,San Diego,CA,EE. UU.,Home Office
10044,5416,Medford,MA,EE. UU.,Home Office
10045,10824,Caguas,PR,Puerto Rico,Corporate
10046,11790,Caguas,PR,Puerto Rico,Corporate
10047,4520,Chicago,IL,EE. UU.,Home Office
10048,2494,Reynoldsburg,OH,EE. UU.,Consumer
10049,10573,New York,NY,EE. UU.,Consumer
10050,11541,Santa Clara,CA,EE. UU.,Consumer
10051,9043,Sandusky,OH,EE. UU.,Consumer
10052,6044,Caguas,PR,Puerto Rico,Corporate
10053,1403,Bountiful,UT,EE. UU.,Consumer
10054,2509,Tampa,FL,EE. UU.,Consumer
10055,9534,Las Vegas,NV,EE. UU.,Consumer
10056,750,Chicago,IL,EE. UU.,Consumer
10057,7118,York,PA,EE. UU.,Consumer
10058,4363,Caguas,PR,Puerto Rico,Consumer
10059,1356,San Juan,PR,Puerto Rico,Corporate
10060,4419,Fremont,CA,EE. UU.,Home Office
10061,8809,Bakersfield,CA,EE. UU.,Consumer
10062,1799,Newark,OH,EE. UU.,Consumer
10063,8503,Houston,TX,EE. UU.,Corporate
10064,8943,Las Vegas,NV,EE. UU.,Home Office
10065,3115,Caguas,PR,Puerto Rico,Consumer
10066,5163,Palatine,IL,EE. UU.,Consumer
10067,7127,Bronx,NY,EE. UU.,Consumer
10068,5000,San Juan,PR,Puerto Rico,Consumer
10069,11097,Caguas,PR,Puerto Rico,Consumer
10070,10637,Seattle,WA,EE. UU.,Consumer
10071,11729,Lakewood,OH,EE. UU.,Consumer
10072,2376,Milford,CT,EE. UU.,Home Office
10073,4730,Miami,FL,EE. UU.,Corporate
10074,9842,Caguas,PR,Puerto Rico,Consumer
10075,5726,North Hills,CA,EE. UU.,Consumer
10076,2239,Silver Spring,MD,EE. UU.,Home Office
10077,2076,Hamilton,OH,EE. UU.,Home Office
10078,8820,San Jose,CA,EE. UU.,Home Office
10079,3321,Caguas,PR,Puerto Rico,Consumer
10080,10674,Bronx,NY,EE. UU.,Home Office
10081,9420,Citrus Heights,CA,EE. UU.,Consumer
10082,11601,Glendale,AZ,EE. UU.,Consumer
10083,3208,Hollywood,FL,EE. UU.,Consumer
10084,12153,Modesto,CA,EE. UU.,Home Office
10085,9744,Memphis,TN,EE. UU.,Home Office
10086,3417,Chicago,IL,EE. UU.,Home Office
10087,5630,Caguas,PR,Puerto Rico,Corporate
10088,9748,Tampa,FL,EE. UU.,Consumer
10089,5285,Clearfield,UT,EE. UU.,Consumer
10090,10358,Caguas,PR,Puerto Rico,Home Office
10091,8585,Anaheim,CA,EE. UU.,Consumer
10092,2833,Caguas,PR,Puerto Rico,Corporate
10093,2259,Bronx,NY,EE. UU.,Home Office
10094,5126,Wheeling,WV,EE. UU.,Consumer
10095,10197,Lancaster,PA,EE. UU.,Home Office
10096,7513,El Paso,TX,EE. UU.,Consumer
10097,2475,Detroit,MI,EE. UU.,Consumer
10098,1451,Pompano Beach,FL,EE. UU.,Home Office
10099,5451,Chicago,IL,EE. UU.,Home Office
10100,5460,Houston,TX,EE. UU.,Home Office
10101,5896,Forest Hills,NY,EE. UU.,Consumer
10102,364,Tulare,CA,EE. UU.,Home Office
10103,6838,New York,NY,EE. UU.,Home Office
10104,1382,Caguas,PR,Puerto Rico,Home Office
10105,888,Los Angeles,CA,EE. UU.,Home Office
10106,5350,Compton,CA,EE. UU.,Home Office
10107,8308,Cleveland,OH,EE. UU.,Consumer
10108,6298,Sun Valley,CA,EE. UU.,Consumer
10109,8256,Phoenix,AZ,EE. UU.,Home Office
10110,11965,North Richland Hills,TX,EE. UU.,Consumer
10111,2671,Portland,OR,EE. UU.,Consumer
10112,11333,San Jose,CA,EE. UU.,Home Office
10113,2352,Caguas,PR,Puerto Rico,Consumer
10114,8695,Caguas,PR,Puerto Rico,Corporate
10115,2220,Caguas,PR,Puerto Rico,Corporate
10116,10073,West Orange,NJ,EE. UU.,Consumer
10117,12015,Caguas,PR,Puerto Rico,Corporate
10118,8628,Apopka,FL,EE. UU.,Consumer
10119,10323,Caguas,PR,Puerto Rico,Consumer
10120,8320,Caguas,PR,Puerto Rico,Consumer
10121,1606,Caguas,PR,Puerto Rico,Corporate
10122,4116,Elgin,IL,EE. UU.,Home Office
10123,1903,Blacksburg,VA,EE. UU.,Consumer
10124,4620,Caguas,PR,Puerto Rico,Consumer
10125,8649,Caguas,PR,Puerto Rico,Corporate
10126,11363,Garland,TX,EE. UU.,Consumer
10127,9889,Santa Ana,CA,EE. UU.,Consumer
10128,9058,Dearborn,MI,EE. UU.,Home Office
10129,12149,Caguas,PR,Puerto Rico,Corporate
10130,6790,Caguas,PR,Puerto Rico,Corporate
10131,9340,Victorville,CA,EE. UU.,Consumer
10132,941,Modesto,CA,EE. UU.,Consumer
10133,10649,Caguas,PR,Puerto Rico,Corporate
10134,3694,Dearborn,MI,EE. UU.,Consumer
10135,8194,Clearfield,UT,EE. UU.,Consumer
10136,1264,Caguas,PR,Puerto Rico,Corporate
10137,2826,San Ramon,CA,EE. UU.,Home Office
10138,7788,Mission Viejo,CA,EE. UU.,Corporate
10139,2563,Caguas,PR,Puerto Rico,Corporate
10140,8777,Kent,WA,EE. UU.,Consumer
10141,8161,Caguas,PR,Puerto Rico,Corporate
10142,8226,Caguas,PR,Puerto Rico,Corporate
10143,4879,Beaverton,OR,EE. UU.,Consumer
10144,368,Caguas,PR,Puerto Rico,Corporate
10145,10302,Broken Arrow,OK,EE. UU.,Home Office
10146,6959,Fairfield,OH,EE. UU.,Consumer
10147,10742,Cleveland,OH,EE. UU.,Home Office
10148,6407,Rochester,NY,EE. UU.,Home Office
10149,5340,Hawthorne,CA,EE. UU.,Home Office
10150,2121,Virginia Beach,VA,EE. UU.,Consumer
10151,1291,Massillon,OH,EE. UU.,Home Office
10152,11042,Ontario,CA,EE. UU.,Corporate
10153,7392,Philadelphia,PA,EE. UU.,Home Office
10154,2498,Salem,OR,EE. UU.,Consumer
10155,6823,Chicago,IL,EE. UU.,Home Office
10156,6256,North Bergen,NJ,EE. UU.,Home Office
10157,83,Caguas,PR,Puerto Rico,Corporate
10158,11652,Los Angeles,CA,EE. UU.,Home Office
10159,6047,Garden Grove,CA,EE. UU.,Consumer
10160,3415,Daly City,CA,EE. UU.,Home Office
10161,9319,Caguas,PR,Puerto Rico,Corporate
10162,622,Caguas,PR,Puerto Rico,Corporate
10163,2113,Harvey,IL,EE. UU.,Home Office
10164,6132,Gardena,CA,EE. UU.,Consumer
10165,4872,Brooklyn,NY,EE. UU.,Consumer
10166,10192,Chicago,IL,EE. UU.,Home Office
10167,10325,Caguas,PR,Puerto Rico,Home Office
10168,10256,Dallas,TX,EE. UU.,Home Office
10169,6136,Caguas,PR,Puerto Rico,Consumer
10170,9408,Chicago,IL,EE. UU.,Consumer
10171,3128,Edison,NJ,EE. UU.,Consumer
10172,3959,Fort Lauderdale,FL,EE. UU.,Consumer
10173,10213,Guayama,PR,Puerto Rico,Consumer
10174,9056,Carlsbad,CA,EE. UU.,Home Office
10175,1887,Mount Prospect,IL,EE. UU.,Home Office
10176,10193,San Diego,CA,EE. UU.,Home Office
10177,2964,Saint Paul,MN,EE. UU.,Consumer
10178,464,Morrisville,PA,EE. UU.,Consumer
10179,7255,Saint Louis,MO,EE. UU.,Consumer
10180,7324,Philadelphia,PA,EE. UU.,Consumer
10181,12404,Caguas,PR,Puerto Rico,Corporate
10182,12121,Caguas,PR,Puerto Rico,Corporate
10183,4086,Caguas,PR,Puerto Rico,Corporate
10184,11105,Houston,TX,EE. UU.,Home Office
10185,7034,Bismarck,ND,EE. UU.,Corporate
10186,10455,Caguas,PR,Puerto Rico,Consumer
10187,9941,Caguas,PR,Puerto Rico,Corporate
10188,46,Freeport,NY,EE. UU.,Consumer
10189,8058,Kailua,HI,EE. UU.,Consumer
10190,2446,Pompano Beach,FL,EE. UU.,Home Office
10191,12084,Frankfort,KY,EE. UU.,Home Office
10192,5627,Jacksonville,FL,EE. UU.,Consumer
10193,10895,Caguas,PR,Puerto Rico,Consumer
10194,3440,Salinas,CA,EE. UU.,Consumer
10195,10103,Aurora,CO,EE. UU.,Corporate
10196,10381,Long Beach,CA,EE. UU.,Consumer
10197,11877,San Francisco,CA,EE. UU.,Home Office
10198,3449,Cupertino,CA,EE. UU.,Consumer
10199,1062,Caguas,PR,Puerto Rico,Corporate
10200,3309,Caguas,PR,Puerto Rico,Corporate
10201,2692,Pharr,TX,EE. UU.,Consumer
10202,9798,Houston,TX,EE. UU.,Home Office
10203,284,Caguas,PR,Puerto Rico,Consumer
10204,11799,Brooklyn,NY,EE. UU.,Home Office
10205,5053,Caguas,PR,Puerto Rico,Corporate
10206,3693,Compton,CA,EE. UU.,Consumer
10207,3733,Caguas,PR,Puerto Rico,Corporate
10208,1512,Caguas,PR,Puerto Rico,Corporate
10209,5293,Sacramento,CA,EE. UU.,Consumer
10210,11058,Brooklyn,NY,EE. UU.,Home Office
10211,9567,Brooklyn,NY,EE. UU.,Consumer
10212,4506,Virginia Beach,VA,EE. UU.,Consumer
10213,12058,Washington,DC,EE. UU.,Home Office
10214,753,New York,NY,EE. UU.,Home Office
10215,969,Bakersfield,CA,EE. UU.,Consumer
10216,1892,Caguas,PR,Puerto Rico,Consumer
10217,6853,Dayton,OH,EE. UU.,Consumer
10218,10787,Blacksburg,VA,EE. UU.,Consumer
10219,4575,Orlando,FL,EE. UU.,Home Office
10220,4959,Brooklyn,NY,EE. UU.,Home Office
10221,6309,Carlisle,PA,EE. UU.,Consumer
10222,417,New York,NY,EE. UU.,Corporate
10223,9000,Caguas,PR,Puerto Rico,Corporate
10224,4324,Carson,CA,EE. UU.,Consumer
10225,5426,Antioch,CA,EE. UU.,Home Office
10226,1514,Caguas,PR,Puerto Rico,Consumer
10227,11373,Caguas,PR,Puerto Rico,Consumer
10228,4630,Chicago,IL,EE. UU.,Home Office
10229,2390,Caguas,PR,Puerto Rico,Corporate
10230,3700,Las Vegas,NV,EE. UU.,Corporate
10231,9642,Clearfield,UT,EE. UU.,Consumer
10232,12400,Caguas,PR,Puerto Rico,Corporate
10233,393,Caguas,PR,Puerto Rico,Corporate
10234,3806,Upland,CA,EE. UU.,Home Office
10235,9935,Caguas,PR,Puerto Rico,Corporate
10236,7165,Caguas,PR,Puerto Rico,Home Office
10237,3790,Powder Springs,GA,EE. UU.,Consumer
10238,2842,Chino Hills,CA,EE. UU.,Home Office
10239,7091,Taunton,MA,EE. UU.,Consumer
10240,4054,Austin,TX,EE. UU.,Home Office
10241,4881,Caguas,PR,Puerto Rico,Consumer
10242,8521,Chicago,IL,EE. UU.,Consumer
10243,171,Caguas,PR,Puerto Rico,Consumer
10244,162,Caguas,PR,Puerto Rico,Corporate
10245,2039,Brentwood,NY,EE. UU.,Consumer
10246,6014,Tucson,AZ,EE. UU.,Home Office
10247,1262,Caguas,PR,Puerto Rico,Consumer
10248,5035,New York,NY,EE. UU.,Consumer
10249,11847,Charlotte,NC,EE. UU.,Home Office
10250,4519,Caguas,PR,Puerto Rico,Home Office
10251,4615,Chicago,IL,EE. UU.,Consumer
10252,9273,New Orleans,LA,EE. UU.,Home Office
10253,2359,Philadelphia,PA,EE. UU.,Home Office
10254,8801,Livermore,CA,EE. UU.,Consumer
10255,3332,Stockton,CA,EE. UU.,Consumer
10256,7148,Caguas,PR,Puerto Rico,Corporate
10257,7143,Brooklyn,NY,EE. UU.,Home Office
10258,7627,York,PA,EE. UU.,Home Office
10259,8012,Hayward,CA,EE. UU.,Home Office
10260,498,Chicago,IL,EE. UU.,Home Office
10261,9934,Bridgeton,NJ,EE. UU.,Home Office
10262,7046,Memphis,TN,EE. UU.,Home Office
10263,520,Caguas,PR,Puerto Rico,Consumer
10264,10309,Elmhurst,NY,EE. UU.,Home Office
10265,3397,Caguas,PR,Puerto Rico,Corporate
10266,11925,Tinley Park,IL,EE. UU.,Corporate
10267,5161,Mission Viejo,CA,EE. UU.,Consumer
10268,2147,Salina,KS,EE. UU.,Home Office
10269,3794,Manchester,CT,EE. UU.,Home Office
10270,10189,Mililani,HI,EE. UU.,Corporate
10271,10486,Chicago,IL,EE. UU.,Consumer
10272,5682,Redmond,WA,EE. UU.,Home Office
10273,2781,Caguas,PR,Puerto Rico,Corporate
10274,10593,Caguas,PR,Puerto Rico,Corporate
10275,6671,Caguas,PR,Puerto Rico,Corporate
10276,3712,Caguas,PR,Puerto Rico,Consumer
10277,3716,San Jose,CA,EE. UU.,Consumer
10278,5836,New York,NY,EE. UU.,Consumer
10279,10493,Chicago,IL,EE. UU.,Home Office
10280,11520,Caguas,PR,Puerto Rico,Corporate
10281,5655,Los Angeles,CA,EE. UU.,Home Office
10282,2835,Caguas,PR,Puerto Rico,Corporate
10283,6015,Escondido,CA,EE. UU.,Home Office
10284,3006,Caguas,PR,Puerto Rico,Corporate
10285,4043,San Bernardino,CA,EE. UU.,Home Office
10286,8904,Caguas,PR,Puerto Rico,Consumer
10287,1010,Walnut,CA,EE. UU.,Consumer
10288,11085,Albuquerque,NM,EE. UU.,Home Office
10289,7447,San Jose,CA,EE. UU.,Consumer
10290,8669,Astoria,NY,EE. UU.,Consumer
10291,11495,Chicago,IL,EE. UU.,Consumer
10292,7875,Lenoir,NC,EE. UU.,Corporate
10293,6974,Chicago,IL,EE. UU.,Home Office
10294,4133,Los Angeles,CA,EE. UU.,Consumer
10295,3443,West Lafayette,IN,EE. UU.,Consumer
10296,9441,Colorado Springs,CO,EE. UU.,Corporate
10297,2306,Caguas,PR,Puerto Rico,Corporate
10298,11749,Troy,NY,EE. UU.,Consumer
10299,8780,Caguas,PR,Puerto Rico,Home Office
10300,4739,Bayamon,PR,Puerto Rico,Home Office
10301,4827,Caguas,PR,Puerto Rico,Consumer
10302,2925,Houston,TX,EE. UU.,Home Office
10303,9617,Los Angeles,CA,EE. UU.,Consumer
10304,2213,Chapel Hill,NC,EE. UU.,Consumer
10305,2347,Caguas,PR,Puerto Rico,Consumer
10306,761,Sunnyvale,CA,EE. UU.,Consumer
10307,7128,Gardena,CA,EE. UU.,Consumer
10308,1389,Modesto,CA,EE. UU.,Corporate
10309,8564,Irving,TX,EE. UU.,Home Office
10310,459,Sanford,NC,EE. UU.,Home Office
10311,4882,Detroit,MI,EE. UU.,Consumer
10312,8973,Caguas,PR,Puerto Rico,Consumer
10313,8326,Oregon City,OR,EE. UU.,Home Office
10314,11538,Carolina,PR,Puerto Rico,Home Office
10315,1363,Washington,DC,EE. UU.,Home Office
10316,8373,Lompoc,CA,EE. UU.,Home Office
10317,7224,New York,NY,EE. UU.,Home Office
10318,10853,Las Vegas,NV,EE. UU.,Home Office
10319,6036,Stafford,VA,EE. UU.,Consumer
10320,6656,Caguas,PR,Puerto Rico,Corporate
10321,10627,Union City,NJ,EE. UU.,Home Office
10322,5298,New York,NY,EE. UU.,Consumer
10323,3139,New York,NY,EE. UU.,Consumer
10324,2646,El Cajon,CA,EE. UU.,Home Office
10325,9050,Cleveland,OH,EE. UU.,Home Office
10326,9725,O Fallon,MO,EE. UU.,Consumer
10327,11349,Caguas,PR,Puerto Rico,Consumer
10328,4456,Miami,FL,EE. UU.,Consumer
10329,12271,Ontario,CA,EE. UU.,Consumer
10330,1236,Chapel Hill,NC,EE. UU.,Home Office
10331,1372,Virginia Beach,VA,EE. UU.,Home Office
10332,9877,Fresno,CA,EE. UU.,Home Office
10333,1008,Sacramento,CA,EE. UU.,Home Office
10334,9949,El Paso,TX,EE. UU.,Home Office
10335,6120,Yonkers,NY,EE. UU.,Home Office
10336,249,Portland,OR,EE. UU.,Consumer
10337,3545,Rochester,NY,EE. UU.,Home Office
10338,6152,Caguas,PR,Puerto Rico,Consumer
10339,7210,New York,NY,EE. UU.,Consumer
10340,11374,Houston,TX,EE. UU.,Consumer
10341,11096,Lockport,IL,EE. UU.,Home Office
10342,6134,Brooklyn,NY,EE. UU.,Home Office
10343,4952,Long Beach,CA,EE. UU.,Consumer
10344,6752,Caguas,PR,Puerto Rico,Consumer
10345,55,Phoenix,AZ,EE. UU.,Home Office
10346,3839,Mechanicsburg,PA,EE. UU.,Consumer
10347,2268,Marietta,GA,EE. UU.,Home Office
10348,8292,La Mirada,CA,EE. UU.,Consumer
10349,11080,Santa Ana,CA,EE. UU.,Consumer
10350,4396,Bronx,NY,EE. UU.,Consumer
10351,3781,Hamtramck,MI,EE. UU.,Home Office
10352,813,San Francisco,CA,EE. UU.,Corporate
10353,2453,Caguas,PR,Puerto Rico,Corporate
10354,4110,Hyattsville,MD,EE. UU.,Home Office
10355,9762,San Diego,CA,EE. UU.,Consumer
10356,4417,Rochester,NY,EE. UU.,Home Office
10357,10565,Jacksonville,FL,EE. UU.,Consumer
10358,2517,Cumberland,MD,EE. UU.,Consumer
10359,8365,Caguas,PR,Puerto Rico,Consumer
10360,7922,Norfolk,VA,EE. UU.,Home Office
10361,2394,Rego Park,NY,EE. UU.,Consumer
10362,13806,Highland Park,MI,EE. UU.,Consumer
10363,11128,Miami,FL,EE. UU.,Consumer
10364,14896,San Pablo,CA,EE. UU.,Consumer
10365,996,Austin,TX,EE. UU.,Consumer
10366,5970,Manchester,CT,EE. UU.,Consumer
10367,14823,Cypress,CA,EE. UU.,Consumer
10368,14894,Honolulu,HI,EE. UU.,Consumer
10369,2274,South El Monte,CA,EE. UU.,Consumer
10370,7952,Eugene,OR,EE. UU.,Consumer
10371,3856,Laredo,TX,EE. UU.,Consumer
10372,13731,Winnetka,CA,EE. UU.,Consumer
10373,2523,Buffalo,NY,EE. UU.,Consumer
10374,10984,Florissant,MO,EE. UU.,Consumer
10375,6252,Carrollton,TX,EE. UU.,Consumer
10376,13836,Pompano Beach,FL,EE. UU.,Consumer
10377,4150,Madera,CA,EE. UU.,Consumer
10378,5347,Woodbridge,VA,EE. UU.,Consumer
10379,10297,Henderson,NV,EE. UU.,Consumer
10380,12023,New York,NY,EE. UU.,Consumer
10381,13905,Los Angeles,CA,EE. UU.,Consumer
10382,14850,Mesa,AZ,EE. UU.,Consumer
10383,2029,San Diego,CA,EE. UU.,Consumer
10384,13615,Broken Arrow,OK,EE. UU.,Consumer
10385,9178,New Orleans,LA,EE. UU.,Consumer
10386,13903,Phoenix,AZ,EE. UU.,Consumer
10387,814,Chicago,IL,EE. UU.,Consumer
10388,12036,Saint Charles,MO,EE. UU.,Consumer
10389,7973,Bronx,NY,EE. UU.,Consumer
10390,13902,Lenoir,NC,EE. UU.,Consumer
10391,13866,Philadelphia,PA,EE. UU.,Consumer
10392,11901,Saint Louis,MO,EE. UU.,Consumer
10393,7037,New York,NY,EE. UU.,Consumer
10394,1598,Rego Park,NY,EE. UU.,Consumer
10395,7419,Las Vegas,NV,EE. UU.,Consumer
10396,14720,Philadelphia,PA,EE. UU.,Consumer
10397,6836,Albuquerque,NM,EE. UU.,Consumer
10398,5658,Harlingen,TX,EE. UU.,Consumer
10399,14737,Spring Valley,CA,EE. UU.,Consumer
10400,10069,Albuquerque,NM,EE. UU.,Consumer
10401,893,Ogden,UT,EE. UU.,Consumer
10402,13574,Mount Pleasant,MI,EE. UU.,Consumer
10403,2305,Temecula,CA,EE. UU.,Consumer
10404,4390,Marietta,GA,EE. UU.,Consumer
10405,8328,Crown Point,IN,EE. UU.,Consumer
10406,1770,Philadelphia,PA,EE. UU.,Consumer
10407,12360,Chicago,IL,EE. UU.,Consumer
10408,6031,Portland,OR,EE. UU.,Consumer
10409,2815,Lakewood,NJ,EE. UU.,Consumer
10410,3336,Brooklyn,NY,EE. UU.,Consumer
10411,332,Placentia,CA,EE. UU.,Consumer
10412,566,Dayton,OH,EE. UU.,Consumer
10413,11646,Phoenix,AZ,EE. UU.,Consumer
10414,2684,Fort Lauderdale,FL,EE. UU.,Consumer
10415,10299,Mechanicsburg,PA,EE. UU.,Consumer
10416,5604,Highland Park,MI,EE. UU.,Consumer
10417,4020,New York,NY,EE. UU.,Consumer
10418,10523,Chicago,IL,EE. UU.,Consumer
10419,373,Union City,NJ,EE. UU.,Consumer
10420,999,Saint Paul,MN,EE. UU.,Consumer
10421,3135,Houston,TX,EE. UU.,Consumer
10422,570,Buffalo,NY,EE. UU.,Consumer
10423,3523,Fort Lauderdale,FL,EE. UU.,Consumer
10424,8863,Washington,DC,EE. UU.,Consumer
10425,1862,Los Angeles,CA,EE. UU.,Consumer
10426,11803,Salina,KS,EE. UU.,Consumer
10427,8236,Tucson,AZ,EE. UU.,Consumer
10428,3178,Middletown,OH,EE. UU.,Consumer
10429,10838,Elmhurst,NY,EE. UU.,Consumer
10430,7819,Santa Ana,CA,EE. UU.,Consumer
10431,9463,Cleveland,OH,EE. UU.,Consumer
10432,4475,Glendale,AZ,EE. UU.,Consumer
10433,4035,Dallas,TX,EE. UU.,Consumer
10434,6831,Modesto,CA,EE. UU.,Consumer
10435,4753,Saint Louis,MO,EE. UU.,Consumer
10436,5031,San Antonio,TX,EE. UU.,Consumer
10437,3452,Hialeah,FL,EE. UU.,Consumer
10438,12703,Columbus,OH,EE. UU.,Consumer
10439,12522,Fort Worth,TX,EE. UU.,Consumer
10440,12662,Oxnard,CA,EE. UU.,Consumer
10441,12496,Webster,NY,EE. UU.,Consumer
10442,12564,Augusta,GA,EE. UU.,Consumer
10443,12436,Brownsville,TX,EE. UU.,Consumer
10444,12453,Taylor,MI,EE. UU.,Consumer
10445,14998,Apex,NC,EE. UU.,Consumer
10446,12832,Richmond,TX,EE. UU.,Consumer
10447,12882,Mission Viejo,CA,EE. UU.,Consumer
10448,12828,Doylestown,PA,EE. UU.,Consumer
10449,15082,El Cajon,CA,EE. UU.,Consumer
10450,14956,Woonsocket,RI,EE. UU.,Consumer
10451,15114,Simi Valley,CA,EE. UU.,Consumer
10452,12910,Philadelphia,PA,EE. UU.,Consumer
10453,15130,Philadelphia,PA,EE. UU.,Consumer
10454,14966,Peabody,MA,EE. UU.,Consumer
10455,15109,Granite City,IL,EE. UU.,Consumer
10456,7251,Los Angeles,CA,EE. UU.,Consumer
10457,10448,Dallas,TX,EE. UU.,Consumer
10458,6771,Tucson,AZ,EE. UU.,Consumer
10459,3110,Irwin,PA,EE. UU.,Consumer
10460,9225,San Diego,CA,EE. UU.,Consumer
10461,12177,Bronx,NY,EE. UU.,Consumer
10462,1667,Phoenix,AZ,EE. UU.,Consumer
10463,18,Martinez,CA,EE. UU.,Consumer
10464,4022,Garland,TX,EE. UU.,Consumer
10465,1530,West Chester,PA,EE. UU.,Consumer
10466,7912,Bend,OR,EE. UU.,Consumer
10467,7120,South Richmond Hill,NY,EE. UU.,Consumer
10468,737,Pomona,CA,EE. UU.,Consumer
10469,8446,Baltimore,MD,EE. UU.,Consumer
10470,7619,Silver Spring,MD,EE. UU.,Consumer
10471,2425,Los Angeles,CA,EE. UU.,Consumer
10472,5472,Brighton,MA,EE. UU.,Consumer
10473,3786,Irving,TX,EE. UU.,Consumer
10474,2367,Columbus,OH,EE. UU.,Consumer
10475,8866,Chambersburg,PA,EE. UU.,Consumer
10476,5739,East Lansing,MI,EE. UU.,Consumer
10477,5608,New York,NY,EE. UU.,Consumer
10478,8870,Fort Lauderdale,FL,EE. UU.,Consumer
10479,9323,Tallahassee,FL,EE. UU.,Consumer
10480,6177,Detroit,MI,EE. UU.,Consumer
10481,7019,Bellflower,CA,EE. UU.,Consumer
10482,4018,Bismarck,ND,EE. UU.,Consumer
10483,3763,Warren,MI,EE. UU.,Consumer
10484,6361,Sugar Land,TX,EE. UU.,Consumer
10485,7678,Louisville,KY,EE. UU.,Consumer
10486,9527,Napa,CA,EE. UU.,Consumer
10487,11525,Brooklyn,NY,EE. UU.,Consumer
10488,1992,Virginia Beach,VA,EE. UU.,Consumer
10489,1398,Longmont,CO,EE. UU.,Consumer
10490,2673,Granite City,IL,EE. UU.,Consumer
10491,9781,Los Angeles,CA,EE. UU.,Consumer
10492,5712,Chandler,AZ,EE. UU.,Consumer
10493,7919,Augusta,GA,EE. UU.,Consumer
10494,4036,Granite City,IL,EE. UU.,Consumer
10495,7189,Jonesboro,AR,EE. UU.,Consumer
10496,9311,Saint Charles,MO,EE. UU.,Consumer
10497,7203,Bronx,NY,EE. UU.,Consumer
10498,7043,Brooklyn,NY,EE. UU.,Consumer
10499,9834,Huntington Park,CA,EE. UU.,Consumer
10500,6057,Brooklyn,NY,EE. UU.,Consumer
10501,7073,Del Rio,TX,EE. UU.,Consumer
10502,6668,Los Angeles,CA,EE. UU.,Consumer
10503,11179,Escondido,CA,EE. UU.,Consumer
10504,11605,Sylmar,CA,EE. UU.,Consumer
10505,5320,Stockton,CA,EE. UU.,Consumer
10506,11890,Hesperia,CA,EE. UU.,Consumer
10507,2325,Antioch,CA,EE. UU.,Consumer
10508,6066,Kenner,LA,EE. UU.,Consumer
10509,5012,Brooklyn,NY,EE. UU.,Consumer
10510,11117,San Diego,CA,EE. UU.,Consumer
10511,5555,Joliet,IL,EE. UU.,Consumer
10512,7815,Lithonia,GA,EE. UU.,Consumer
10513,5738,Baltimore,MD,EE. UU.,Consumer
10514,1150,Clearfield,UT,EE. UU.,Consumer
10515,11599,Hickory,NC,EE. UU.,Consumer
10516,10158,Albuquerque,NM,EE. UU.,Consumer
10517,18062,Jacksonville,NC,EE. UU.,Consumer
10518,18061,Brooklyn,NY,EE. UU.,Consumer
10519,18094,Hacienda Heights,CA,EE. UU.,Consumer
10520,18200,Woodbridge,VA,EE. UU.,Consumer
10521,18235,Fort Worth,TX,EE. UU.,Consumer
10522,18174,Hialeah,FL,EE. UU.,Consumer
10523,18156,Fountain Valley,CA,EE. UU.,Consumer
10524,16431,North Las Vegas,NV,EE. UU.,Consumer
10525,16413,Detroit,MI,EE. UU.,Consumer
10526,19213,Chicago,IL,EE. UU.,Consumer
10527,16571,Augusta,GA,EE. UU.,Consumer
10528,19120,Brooklyn,NY,EE. UU.,Consumer
10529,19210,Brooklyn,NY,EE. UU.,Consumer
10530,16406,Washington,DC,EE. UU.,Consumer
10531,16620,Conway,AR,EE. UU.,Consumer
10532,16548,Elyria,OH,EE. UU.,Consumer
10533,19133,Dorchester Center,MA,EE. UU.,Consumer
10534,19132,Marrero,LA,EE. UU.,Consumer
10535,16510,West Chester,PA,EE. UU.,Consumer
10536,19150,Cordova,TN,EE. UU.,Consumer
10537,19078,Lockport,IL,EE. UU.,Consumer
10538,19183,Sugar Land,TX,EE. UU.,Consumer
10539,16613,Chesapeake,VA,EE. UU.,Consumer
10540,19036,Clementon,NJ,EE. UU.,Consumer
10541,15682,San Jose,CA,EE. UU.,Consumer
10542,18842,Hendersonville,TN,EE. UU.,Consumer
10543,15731,Los Angeles,CA,EE. UU.,Consumer
10544,15785,San Diego,CA,EE. UU.,Consumer
10545,15712,Lancaster,PA,EE. UU.,Consumer
10546,15710,Des Plaines,IL,EE. UU.,Consumer
10547,15709,Sunnyvale,CA,EE. UU.,Consumer
10548,18762,Norcross,GA,EE. UU.,Consumer
10549,15903,Pacoima,CA,EE. UU.,Consumer
10550,5686,Rochester,NY,EE. UU.,Consumer
10551,1043,Florissant,MO,EE. UU.,Consumer
10552,7928,Irving,TX,EE. UU.,Consumer
10553,3714,Los Angeles,CA,EE. UU.,Consumer
10554,11864,Panorama City,CA,EE. UU.,Consumer
10555,4125,Meridian,ID,EE. UU.,Consumer
10556,17273,Redmond,WA,EE. UU.,Consumer
10557,5124,Los Angeles,CA,EE. UU.,Consumer
10558,7044,Detroit,MI,EE. UU.,Consumer
10559,45,Denver,CO,EE. UU.,Consumer
10560,17942,Simi Valley,CA,EE. UU.,Consumer
10561,17271,Bolingbrook,IL,EE. UU.,Consumer
10562,16091,Mount Prospect,IL,EE. UU.,Consumer
10563,16073,Bronx,NY,EE. UU.,Consumer
10564,2267,Glendale,AZ,EE. UU.,Consumer
10565,3812,Hendersonville,TN,EE. UU.,Consumer
10566,18476,Corona,CA,EE. UU.,Consumer
10567,18404,Chicago,IL,EE. UU.,Consumer
10568,17992,Jackson Heights,NY,EE. UU.,Consumer
10569,18350,Pompano Beach,FL,EE. UU.,Consumer
10570,20639,Richardson,TX,EE. UU.,Consumer
10571,18874,Hampton,VA,EE. UU.,Consumer
10572,17304,South El Monte,CA,EE. UU.,Consumer
10573,17448,Enfield,CT,EE. UU.,Consumer
10574,17466,Albuquerque,NM,EE. UU.,Consumer
10575,9480,Sacramento,CA,EE. UU.,Consumer
10576,20440,Los Angeles,CA,EE. UU.,Consumer
10577,18294,New York,NY,EE. UU.,Consumer
10578,17990,Manchester,CT,EE. UU.,Consumer
10579,15961,Cleveland,OH,EE. UU.,Consumer
10580,18008,Bakersfield,CA,EE. UU.,Consumer
10581,3234,El Paso,TX,EE. UU.,Consumer
10582,8540,Kent,WA,EE. UU.,Consumer
10583,17641,South Richmond Hill,NY,EE. UU.,Consumer
10584,20383,Crystal Lake,IL,EE. UU.,Consumer
10585,18291,Vacaville,CA,EE. UU.,Consumer
10586,17353,Webster,NY,EE. UU.,Consumer
10587,18273,Hamilton,OH,EE. UU.,Consumer
10588,17915,New York,NY,EE. UU.,Consumer
10589,18525,Winter Park,FL,EE. UU.,Consumer
10590,1898,Virginia Beach,VA,EE. UU.,Consumer
10591,7837,Eugene,OR,EE. UU.,Consumer
10592,1901,Chicago,IL,EE. UU.,Consumer
10593,18343,Ballwin,MO,EE. UU.,Consumer
10594,18361,Fountain Valley,CA,EE. UU.,Consumer
10595,12074,Conway,AR,EE. UU.,Consumer
10596,20452,Holland,MI,EE. UU.,Consumer
10597,20631,Richmond,KY,EE. UU.,Consumer
10598,4938,Jersey City,NJ,EE. UU.,Consumer
10599,5798,Albuquerque,NM,EE. UU.,Consumer
10600,28,Longview,WA,EE. UU.,Consumer
10601,18485,Tucson,AZ,EE. UU.,Consumer
10602,4660,New York,NY,EE. UU.,Consumer
10603,2487,Las Cruces,NM,EE. UU.,Consumer
10604,17276,Ontario,CA,EE. UU.,Consumer
10605,20593,Los Angeles,CA,EE. UU.,Consumer
10606,17455,Los Angeles,CA,EE. UU.,Consumer
10607,483,Granada Hills,CA,EE. UU.,Consumer
10608,1656,Virginia Beach,VA,EE. UU.,Consumer
10609,5984,Dallas,TX,EE. UU.,Consumer
10610,10429,Miami,FL,EE. UU.,Consumer
10611,5987,Houston,TX,EE. UU.,Consumer
10612,18647,Jackson,MI,EE. UU.,Consumer
10613,15574,Houston,TX,EE. UU.,Consumer
10614,15626,Sandusky,OH,EE. UU.,Consumer
10615,18715,Apex,NC,EE. UU.,Consumer
10616,15319,Sheboygan,WI,EE. UU.,Consumer
10617,18729,La Habra,CA,EE. UU.,Consumer
10618,15439,Sheboygan,WI,EE. UU.,Consumer
10619,18727,Ypsilanti,MI,EE. UU.,Consumer
10620,15635,New York,NY,EE. UU.,Consumer
10621,18725,Portland,OR,EE. UU.,Consumer
10622,15328,San Antonio,TX,EE. UU.,Consumer
10623,15633,Los Angeles,CA,EE. UU.,Consumer
10624,6326,Cleveland,OH,EE. UU.,Consumer
10625,26,Glenview,IL,EE. UU.,Consumer
10626,10176,Oregon City,OR,EE. UU.,Consumer
10627,9964,Frankfort,KY,EE. UU.,Consumer
10628,4081,Dallas,TX,EE. UU.,Consumer
10629,6701,Endicott,NY,EE. UU.,Consumer
10630,11481,Bend,OR,EE. UU.,Consumer
10631,2874,Los Angeles,CA,EE. UU.,Consumer
10632,10712,Brooklyn,NY,EE. UU.,Consumer
10633,17556,Seattle,WA,EE. UU.,Consumer
10634,17591,Jersey City,NJ,EE. UU.,Consumer
10635,20369,Stockbridge,GA,EE. UU.,Consumer
10636,20099,Hyattsville,MD,EE. UU.,Consumer
10637,20351,Pompano Beach,FL,EE. UU.,Consumer
10638,19936,Las Vegas,NV,EE. UU.,Consumer
10639,18557,Hesperia,CA,EE. UU.,Consumer
10640,20260,Phoenix,AZ,EE. UU.,Consumer
10641,19972,Round Rock,TX,EE. UU.,Consumer
10642,15140,Fontana,CA,EE. UU.,Consumer
10643,18964,Algonquin,IL,EE. UU.,Consumer
10644,16312,Normal,IL,EE. UU.,Consumer
10645,20366,Chicago,IL,EE. UU.,Consumer
10646,17098,Atlanta,GA,EE. UU.,Consumer
10647,19826,San Antonio,TX,EE. UU.,Consumer
10648,16329,Los Angeles,CA,EE. UU.,Consumer
10649,19808,Chicago,IL,EE. UU.,Consumer
10650,20275,Richmond,VA,EE. UU.,Consumer
10651,18944,Manchester,CT,EE. UU.,Consumer
10652,18589,North Las Vegas,NV,EE. UU.,Consumer
10653,18925,Brooklyn,NY,EE. UU.,Consumer
10654,17240,Saint Charles,MO,EE. UU.,Consumer
10655,19877,Washington,DC,EE. UU.,Consumer
10656,15153,Spring Valley,NY,EE. UU.,Consumer
10657,15152,Milpitas,CA,EE. UU.,Consumer
10658,20144,Detroit,MI,EE. UU.,Consumer
10659,20288,Longview,WA,EE. UU.,Consumer
10660,20269,Albuquerque,NM,EE. UU.,Consumer
10661,18548,Clovis,CA,EE. UU.,Consumer
10662,16160,Douglasville,GA,EE. UU.,Consumer
10663,17791,Taylor,MI,EE. UU.,Consumer
10664,18618,La Mesa,CA,EE. UU.,Consumer
10665,16248,Hendersonville,TN,EE. UU.,Consumer
10666,18544,Danbury,CT,EE. UU.,Consumer
10667,15182,Dearborn,MI,EE. UU.,Consumer
10668,19851,Troy,MI,EE. UU.,Consumer
10669,18987,Cumberland,MD,EE. UU.,Consumer
10670,18597,Honolulu,HI,EE. UU.,Consumer
10671,20012,Milford,CT,EE. UU.,Consumer
10672,19004,Seattle,WA,EE. UU.,Consumer
10673,15180,Algonquin,IL,EE. UU.,Consumer
10674,19867,Modesto,CA,EE. UU.,Consumer
10675,20370,San Diego,CA,EE. UU.,Consumer
10676,9282,Fremont,CA,EE. UU.,Consumer
10677,10770,La Crosse,WI,EE. UU.,Consumer
10678,4894,Enfield,CT,EE. UU.,Consumer
10679,10849,Mission Viejo,CA,EE. UU.,Consumer
10680,11272,Opelousas,LA,EE. UU.,Consumer
10681,8848,Katy,TX,EE. UU.,Consumer
10682,4252,Middletown,OH,EE. UU.,Consumer
10683,10198,Hamilton,OH,EE. UU.,Consumer
10684,881,Memphis,TN,EE. UU.,Consumer
10685,1427,Weslaco,TX,EE. UU.,Consumer
10686,7969,Duluth,GA,EE. UU.,Consumer
10687,807,Elk Grove,CA,EE. UU.,Consumer
10688,766,Austin,TX,EE. UU.,Consumer
10689,9379,Daly City,CA,EE. UU.,Consumer
10690,6739,Lake Forest,CA,EE. UU.,Consumer
10691,12281,Louisville,KY,EE. UU.,Consumer
10692,1036,Miami,FL,EE. UU.,Consumer
10693,4145,West Orange,NJ,EE. UU.,Consumer
10694,2001,Wichita,KS,EE. UU.,Consumer
10695,2997,West New York,NJ,EE. UU.,Consumer
10696,7040,Pompano Beach,FL,EE. UU.,Consumer
10697,8408,Columbus,OH,EE. UU.,Consumer
10698,1612,Kailua,HI,EE. UU.,Consumer
10699,11692,Dayton,OH,EE. UU.,Consumer
10700,392,Doylestown,PA,EE. UU.,Consumer
10701,8240,New Castle,DE,EE. UU.,Consumer
10702,5932,Sun Valley,CA,EE. UU.,Consumer
10703,8505,Buena Park,CA,EE. UU.,Consumer
10704,10281,East Brunswick,NJ,EE. UU.,Consumer
10705,3034,Peoria,AZ,EE. UU.,Consumer
10706,8476,Los Angeles,CA,EE. UU.,Consumer
10707,4034,Fontana,CA,EE. UU.,Consumer
10708,7297,Carmichael,CA,EE. UU.,Consumer
10709,2007,Warren,MI,EE. UU.,Consumer
10710,5986,Dallas,TX,EE. UU.,Consumer
10711,10326,Grand Prairie,TX,EE. UU.,Consumer
10712,3054,Compton,CA,EE. UU.,Consumer
10713,8406,El Centro,CA,EE. UU.,Consumer
10714,8429,Cleveland,OH,EE. UU.,Consumer
10715,12243,Brooklyn,NY,EE. UU.,Consumer
10716,5711,Chambersburg,PA,EE. UU.,Consumer
10717,6919,San Pablo,CA,EE. UU.,Consumer
10718,1446,Memphis,TN,EE. UU.,Consumer
10719,209,Fort Worth,TX,EE. UU.,Consumer
10720,1096,Newark,DE,EE. UU.,Consumer
10721,5483,Murfreesboro,TN,EE. UU.,Consumer
10722,7057,Carson,CA,EE. UU.,Consumer
10723,7903,Fullerton,CA,EE. UU.,Consumer
10724,7946,San Marcos,CA,EE. UU.,Consumer
10725,12424,San Diego,CA,EE. UU.,Consumer
10726,166,Florissant,MO,EE. UU.,Consumer
10727,11437,Dallas,TX,EE. UU.,Consumer
10728,320,Chicago,IL,EE. UU.,Consumer
10729,428,Spring Valley,CA,EE. UU.,Consumer
10730,5102,Fort Lauderdale,FL,EE. UU.,Consumer
10731,1743,New Orleans,LA,EE. UU.,Consumer
10732,2253,Memphis,TN,EE. UU.,Consumer
10733,1467,Phoenix,AZ,EE. UU.,Consumer
10734,2047,Tracy,CA,EE. UU.,Consumer
10735,4921,Hialeah,FL,EE. UU.,Consumer
10736,5837,New York,NY,EE. UU.,Consumer
10737,6367,South Richmond Hill,NY,EE. UU.,Consumer
10738,5883,Fayetteville,NC,EE. UU.,Consumer
10739,1545,Fontana,CA,EE. UU.,Consumer
10740,805,Ypsilanti,MI,EE. UU.,Consumer
10741,5760,Pompano Beach,FL,EE. UU.,Consumer
10742,902,Dearborn,MI,EE. UU.,Consumer
10743,12108,Hilliard,OH,EE. UU.,Consumer
10744,7102,Staten Island,NY,EE. UU.,Consumer
10745,6978,Los Angeles,CA,EE. UU.,Consumer
10746,10741,Saint Louis,MO,EE. UU.,Consumer
10747,4963,Brownsville,TX,EE. UU.,Consumer
10748,5014,Highland Park,MI,EE. UU.,Consumer
10749,7722,Miami,FL,EE. UU.,Consumer
10750,8633,Greenville,NC,EE. UU.,Consumer
10751,9113,Salem,OR,EE. UU.,Consumer
10752,3610,Stafford,VA,EE. UU.,Consumer
10753,6118,San Diego,CA,EE. UU.,Consumer
10754,4332,Albany,OR,EE. UU.,Consumer
10755,7152,Daly City,CA,EE. UU.,Consumer
10756,6907,El Paso,TX,EE. UU.,Consumer
10757,6528,Compton,CA,EE. UU.,Consumer
10758,1111,York,PA,EE. UU.,Consumer
10759,1666,Miami,FL,EE. UU.,Consumer
10760,897,Aurora,IL,EE. UU.,Consumer
10761,4566,Victorville,CA,EE. UU.,Consumer
10762,10791,Burnsville,MN,EE. UU.,Consumer
10763,1578,Fort Lauderdale,FL,EE. UU.,Consumer
10764,2875,Danbury,CT,EE. UU.,Consumer
10765,5736,Los Angeles,CA,EE. UU.,Consumer
10766,7617,New York,NY,EE. UU.,Consumer
10767,299,Troy,MI,EE. UU.,Consumer
10768,12200,San Diego,CA,EE. UU.,Consumer
10769,4837,Louisville,KY,EE. UU.,Consumer
10770,3895,Brooklyn,NY,EE. UU.,Consumer
10771,3333,East Lansing,MI,EE. UU.,Consumer
10772,5379,Virginia Beach,VA,EE. UU.,Consumer
10773,4239,Houston,TX,EE. UU.,Consumer
10774,529,Chicago,IL,EE. UU.,Consumer
10775,6563,Katy,TX,EE. UU.,Consumer
10776,5022,San Jose,CA,EE. UU.,Consumer
10777,4192,New York,NY,EE. UU.,Consumer
10778,1749,Cincinnati,OH,EE. UU.,Consumer
10779,1272,Bolingbrook,IL,EE. UU.,Consumer
10780,4508,Austin,TX,EE. UU.,Consumer
10781,3481,Wyoming,MI,EE. UU.,Consumer
10782,7584,Elgin,IL,EE. UU.,Consumer
10783,6713,San Diego,CA,EE. UU.,Consumer
10784,4738,Chicago,IL,EE. UU.,Consumer
10785,4776,Chapel Hill,NC,EE. UU.,Consumer
10786,2847,Tonawanda,NY,EE. UU.,Consumer
10787,2722,Newark,DE,EE. UU.,Consumer
10788,9653,New York,NY,EE. UU.,Consumer
10789,2266,Chino,CA,EE. UU.,Consumer
10790,13328,Mesquite,TX,EE. UU.,Consumer
10791,13345,Kent,WA,EE. UU.,Consumer
10792,13362,Wilkes Barre,PA,EE. UU.,Consumer
10793,14483,Tracy,CA,EE. UU.,Consumer
10794,14271,Buffalo,NY,EE. UU.,Consumer
10795,14500,Dallas,TX,EE. UU.,Consumer
10796,12982,Clearfield,UT,EE. UU.,Consumer
10797,14269,Virginia Beach,VA,EE. UU.,Consumer
10798,14179,New Orleans,LA,EE. UU.,Consumer
10799,13177,Brooklyn,NY,EE. UU.,Consumer
10800,14141,Orlando,FL,EE. UU.,Consumer
10801,14068,Citrus Heights,CA,EE. UU.,Consumer
10802,13319,Santa Clara,CA,EE. UU.,Consumer
10803,14264,Saint Paul,MN,EE. UU.,Consumer
10804,14209,Canton,MI,EE. UU.,Consumer
10805,13532,Newark,DE,EE. UU.,Consumer
10806,13369,Bridgeton,NJ,EE. UU.,Consumer
10807,13135,Houston,TX,EE. UU.,Consumer
10808,13314,West Covina,CA,EE. UU.,Consumer
10809,13511,Washington,DC,EE. UU.,Consumer
10810,13097,Detroit,MI,EE. UU.,Consumer
10811,13510,San Pedro,CA,EE. UU.,Consumer
10812,14577,CA,95758,EE. UU.,Consumer
10813,14469,Union City,NJ,EE. UU.,Consumer
10814,4386,Brooklyn,NY,EE. UU.,Consumer
10815,2691,La Crosse,WI,EE. UU.,Consumer
10816,7910,Cordova,TN,EE. UU.,Consumer
10817,9596,Escondido,CA,EE. UU.,Consumer
10818,6865,Moline,IL,EE. UU.,Consumer
10819,7094,Newark,NJ,EE. UU.,Consumer
10820,12032,Spring Valley,CA,EE. UU.,Consumer
10821,14751,Weslaco,TX,EE. UU.,Consumer
10822,9917,Miami,FL,EE. UU.,Consumer
10823,6456,Las Vegas,NV,EE. UU.,Consumer
10824,11814,Phoenix,AZ,EE. UU.,Consumer
10825,11172,Greensboro,NC,EE. UU.,Consumer
10826,8395,Brooklyn,NY,EE. UU.,Consumer
10827,12792,Catonsville,MD,EE. UU.,Consumer
10828,14890,Santa Clara,CA,EE. UU.,Consumer
10829,3154,Chicago,IL,EE. UU.,Consumer
10830,13600,Elyria,OH,EE. UU.,Consumer
10831,2870,El Paso,TX,EE. UU.,Consumer
10832,2301,Spring Valley,CA,EE. UU.,Consumer
10833,11661,Moline,IL,EE. UU.,Consumer
10834,9584,Bronx,NY,EE. UU.,Consumer
10835,9205,Hilliard,OH,EE. UU.,Consumer
10836,1690,Bolingbrook,IL,EE. UU.,Consumer
10837,1632,Citrus Heights,CA,EE. UU.,Consumer
10838,6650,Orlando,FL,EE. UU.,Consumer
10839,14885,Elgin,IL,EE. UU.,Consumer
10840,14722,Baltimore,MD,EE. UU.,Consumer
10841,2272,Goose Creek,SC,EE. UU.,Consumer
10842,8286,San Bernardino,CA,EE. UU.,Consumer
10843,13739,Dallas,TX,EE. UU.,Consumer
10844,14919,Brooklyn,NY,EE. UU.,Consumer
10845,13756,Los Angeles,CA,EE. UU.,Consumer
10846,816,Miami,FL,EE. UU.,Consumer
10847,12213,Algonquin,IL,EE. UU.,Consumer
10848,5330,Atlanta,GA,EE. UU.,Consumer
10849,13954,Baltimore,MD,EE. UU.,Consumer
10850,14918,Riverside,CA,EE. UU.,Consumer
10851,6103,Phoenix,AZ,EE. UU.,Consumer
10852,13737,Cerritos,CA,EE. UU.,Consumer
10853,10945,Woodbridge,VA,EE. UU.,Consumer
10854,14755,Jackson,MI,EE. UU.,Consumer
10855,11200,Saint Peters,MO,EE. UU.,Consumer
10856,11108,Plainfield,IL,EE. UU.,Consumer
10857,8909,Los Angeles,CA,EE. UU.,Consumer
10858,4289,New York,NY,EE. UU.,Consumer
10859,8345,Lynn,MA,EE. UU.,Consumer
10860,7191,Berwyn,IL,EE. UU.,Consumer
10861,5239,San Diego,CA,EE. UU.,Consumer
10862,11691,Toms River,NJ,EE. UU.,Consumer
10863,10383,Greeley,CO,EE. UU.,Consumer
10864,4451,Salinas,CA,EE. UU.,Consumer
10865,2714,Gilroy,CA,EE. UU.,Consumer
10866,3475,Augusta,GA,EE. UU.,Consumer
10867,2212,Des Plaines,IL,EE. UU.,Consumer
10868,10645,Brooklyn,NY,EE. UU.,Consumer
10869,7284,Greeley,CO,EE. UU.,Consumer
10870,1246,Everett,WA,EE. UU.,Consumer
10871,3042,Orange Park,FL,EE. UU.,Consumer
10872,12722,Santa Cruz,CA,EE. UU.,Consumer
10873,12698,Chicago,IL,EE. UU.,Consumer
10874,12642,Pompano Beach,FL,EE. UU.,Consumer
10875,12696,North Hollywood,CA,EE. UU.,Consumer
10876,12461,Peoria,AZ,EE. UU.,Consumer
10877,12688,Richardson,TX,EE. UU.,Consumer
10878,12957,Portland,OR,EE. UU.,Consumer
10879,12955,Ogden,UT,EE. UU.,Consumer
10880,12932,Revere,MA,EE. UU.,Consumer
10881,15023,Bensalem,PA,EE. UU.,Consumer
10882,15036,Hayward,CA,EE. UU.,Consumer
10883,12959,Mission Viejo,CA,EE. UU.,Consumer
10884,13507,Chicago,IL,EE. UU.,Consumer
10885,14502,Brooklyn,NY,EE. UU.,Consumer
10886,13128,Phoenix,AZ,EE. UU.,Consumer
10887,13120,Highland Park,MI,EE. UU.,Consumer
10888,14154,Buffalo,NY,EE. UU.,Consumer
10889,13278,New Haven,CT,EE. UU.,Consumer
10890,7406,Atlanta,GA,EE. UU.,Consumer
10891,9286,Chapel Hill,NC,EE. UU.,Consumer
10892,6161,Burnsville,MN,EE. UU.,Consumer
10893,4864,Fresno,CA,EE. UU.,Consumer
10894,6886,Lawrence,MA,EE. UU.,Consumer
10895,5248,Far Rockaway,NY,EE. UU.,Consumer
10896,11825,Las Vegas,NV,EE. UU.,Consumer
10897,583,San Marcos,TX,EE. UU.,Consumer
10898,1973,Kent,WA,EE. UU.,Consumer
10899,7736,Brooklyn,NY,EE. UU.,Consumer
10900,11315,College Station,TX,EE. UU.,Consumer
10901,12344,Aurora,CO,EE. UU.,Consumer
10902,2338,Lindenhurst,NY,EE. UU.,Consumer
10903,2901,Tonawanda,NY,EE. UU.,Consumer
10904,5254,Beloit,WI,EE. UU.,Consumer
10905,6848,Phoenix,AZ,EE. UU.,Consumer
10906,1828,Saint Paul,MN,EE. UU.,Consumer
10907,763,Chicago,IL,EE. UU.,Consumer
10908,7606,San Antonio,TX,EE. UU.,Consumer
10909,10955,Wichita,KS,EE. UU.,Consumer
10910,2010,San Antonio,TX,EE. UU.,Consumer
10911,5664,South Gate,CA,EE. UU.,Consumer
10912,3600,Moreno Valley,CA,EE. UU.,Consumer
10913,14231,Washington,DC,EE. UU.,Consumer
10914,9095,Chicago,IL,EE. UU.,Consumer
10915,13997,Lewisville,TX,EE. UU.,Consumer
10916,2182,Elk Grove,CA,EE. UU.,Consumer
10917,14347,Fayetteville,NC,EE. UU.,Consumer
10918,13365,Pompano Beach,FL,EE. UU.,Consumer
10919,14593,Tustin,CA,EE. UU.,Consumer
10920,14646,Saint Charles,MO,EE. UU.,Consumer
10921,14556,Brooklyn,NY,EE. UU.,Consumer
10922,14664,Aurora,CO,EE. UU.,Consumer
10923,13092,Pomona,CA,EE. UU.,Consumer
10924,14573,Moreno Valley,CA,EE. UU.,Consumer
10925,14163,Jamaica,NY,EE. UU.,Consumer
10926,14288,Rome,NY,EE. UU.,Consumer
10927,14323,Mount Prospect,IL,EE. UU.,Consumer
10928,14642,Lancaster,CA,EE. UU.,Consumer
10929,13122,North Hollywood,CA,EE. UU.,Consumer
10930,13193,Tempe,AZ,EE. UU.,Consumer
10931,13481,Huntington Station,NY,EE. UU.,Consumer
10932,14422,Phoenix,AZ,EE. UU.,Consumer
10933,13192,Peabody,MA,EE. UU.,Consumer
10934,13479,Florissant,MO,EE. UU.,Consumer
10935,14507,Los Angeles,CA,EE. UU.,Consumer
10936,14350,Moline,IL,EE. UU.,Consumer
10937,13062,Dallas,TX,EE. UU.,Consumer
10938,14349,Daly City,CA,EE. UU.,Consumer
10939,14470,Fort Lauderdale,FL,EE. UU.,Consumer
10940,13204,Indio,CA,EE. UU.,Consumer
10941,72,Vista,CA,EE. UU.,Consumer
10942,2130,Austin,TX,EE. UU.,Consumer
10943,7990,Bakersfield,CA,EE. UU.,Consumer
10944,14914,Las Vegas,NV,EE. UU.,Consumer
10945,2921,Chicago,IL,EE. UU.,Consumer
10946,726,Mililani,HI,EE. UU.,Consumer
10947,377,Lancaster,CA,EE. UU.,Consumer
10948,13822,Beaverton,OR,EE. UU.,Consumer
10949,6654,Irving,TX,EE. UU.,Consumer
10950,14803,Columbus,OH,EE. UU.,Consumer
10951,8685,Santa Ana,CA,EE. UU.,Consumer
10952,14036,El Cajon,CA,EE. UU.,Consumer
10953,13550,El Paso,TX,EE. UU.,Consumer
10954,2655,Lancaster,CA,EE. UU.,Consumer
10955,6830,Lakewood,OH,EE. UU.,Consumer
10956,9293,Broken Arrow,OK,EE. UU.,Consumer
10957,1506,Hagerstown,MD,EE. UU.,Consumer
10958,3317,Los Angeles,CA,EE. UU.,Consumer
10959,133,Brooklyn,NY,EE. UU.,Consumer
10960,13816,Huntington Beach,CA,EE. UU.,Consumer
10961,14726,Endicott,NY,EE. UU.,Consumer
10962,11885,San Antonio,TX,EE. UU.,Consumer
10963,12331,Wheeling,WV,EE. UU.,Consumer
10964,3394,Chicago,IL,EE. UU.,Consumer
10965,13886,Saint Paul,MN,EE. UU.,Consumer
10966,14904,Enfield,CT,EE. UU.,Consumer
10967,14813,Carlisle,PA,EE. UU.,Consumer
10968,13885,Lawrenceville,GA,EE. UU.,Consumer
10969,3256,Newark,DE,EE. UU.,Consumer
10970,13596,Los Angeles,CA,EE. UU.,Consumer
10971,13991,Staten Island,NY,EE. UU.,Consumer
10972,6598,Zanesville,OH,EE. UU.,Consumer
10973,13664,Sunnyvale,CA,EE. UU.,Consumer
10974,12401,Los Angeles,CA,EE. UU.,Consumer
10975,6485,Pompano Beach,FL,EE. UU.,Consumer
10976,6218,Middletown,CT,EE. UU.,Consumer
10977,4067,Massillon,OH,EE. UU.,Consumer
10978,11590,Azusa,CA,EE. UU.,Consumer
10979,2999,Glendale,AZ,EE. UU.,Consumer
10980,2568,Memphis,TN,EE. UU.,Consumer
10981,9014,Cypress,CA,EE. UU.,Consumer
10982,10611,Taunton,MA,EE. UU.,Consumer
10983,12611,Los Angeles,CA,EE. UU.,Consumer
10984,12437,Brownsville,TX,EE. UU.,Consumer
10985,12597,Hialeah,FL,EE. UU.,Consumer
10986,12900,Morrisville,PA,EE. UU.,Consumer
10987,15029,Piscataway,NJ,EE. UU.,Consumer
10988,15025,Wayne,NJ,EE. UU.,Consumer
10989,12837,Aurora,CO,EE. UU.,Consumer
10990,12854,Gardena,CA,EE. UU.,Consumer
10991,12905,South San Francisco,CA,EE. UU.,Consumer
10992,11047,Chicago,IL,EE. UU.,Consumer
10993,4424,Newark,DE,EE. UU.,Consumer
10994,11089,San Pablo,CA,EE. UU.,Consumer
10995,2797,Denver,CO,EE. UU.,Consumer
10996,7199,Miami,FL,EE. UU.,Consumer
10997,8855,Poway,CA,EE. UU.,Consumer
10998,11758,Bensalem,PA,EE. UU.,Consumer
10999,11568,Quincy,IL,EE. UU.,Consumer
11000,11853,Columbus,GA,EE. UU.,Consumer
11001,4890,Chicago,IL,EE. UU.,Consumer
11002,6287,Columbus,OH,EE. UU.,Consumer
11003,4066,Bronx,NY,EE. UU.,Consumer
11004,1237,Houston,TX,EE. UU.,Consumer
11005,7201,Opa Locka,FL,EE. UU.,Consumer
11006,1162,Winnetka,CA,EE. UU.,Consumer
11007,10419,Beaverton,OR,EE. UU.,Consumer
11008,4558,San Francisco,CA,EE. UU.,Consumer
11009,8121,Portland,OR,EE. UU.,Consumer
11010,11360,Washington,DC,EE. UU.,Consumer
11011,423,Huntington Beach,CA,EE. UU.,Consumer
11012,2375,Bronx,NY,EE. UU.,Consumer
11013,3181,Del Rio,TX,EE. UU.,Consumer
11014,8732,Marietta,GA,EE. UU.,Consumer
11015,8933,Dallas,TX,EE. UU.,Consumer
11016,12297,Lenoir,NC,EE. UU.,Consumer
11017,4505,San Diego,CA,EE. UU.,Consumer
11018,7505,Indianapolis,IN,EE. UU.,Consumer
11019,560,Richmond,VA,EE. UU.,Consumer
11020,9284,Tempe,AZ,EE. UU.,Consumer
11021,8278,Staten Island,NY,EE. UU.,Consumer
11022,5355,Charlotte,NC,EE. UU.,Consumer
11023,7135,Woodbridge,VA,EE. UU.,Consumer
11024,6135,Grove City,OH,EE. UU.,Consumer
11025,4060,Greenville,NC,EE. UU.,Consumer
11026,4928,Moreno Valley,CA,EE. UU.,Consumer
11027,735,Saint Peters,MO,EE. UU.,Consumer
11028,9990,Lancaster,CA,EE. UU.,Consumer
11029,4334,Lenoir,NC,EE. UU.,Consumer
11030,1593,Wilkes Barre,PA,EE. UU.,Consumer
11031,10657,Anaheim,CA,EE. UU.,Consumer
11032,4162,Brooklyn,NY,EE. UU.,Consumer
11033,9866,Los Angeles,CA,EE. UU.,Consumer
11034,6443,Tempe,AZ,EE. UU.,Consumer
11035,10468,Chicago,IL,EE. UU.,Consumer
11036,8169,Bell Gardens,CA,EE. UU.,Consumer
11037,6291,Las Vegas,NV,EE. UU.,Consumer
11038,41,Brooklyn,NY,EE. UU.,Consumer
11039,11145,Simi Valley,CA,EE. UU.,Consumer
11040,17082,Loveland,OH,EE. UU.,Consumer
11041,16323,Garland,TX,EE. UU.,Consumer
11042,19940,Los Angeles,CA,EE. UU.,Consumer
11043,17893,Crown Point,IN,EE. UU.,Consumer
11044,18168,Houston,TX,EE. UU.,Consumer
11045,18069,Sunnyvale,CA,EE. UU.,Consumer
11046,18248,Staten Island,NY,EE. UU.,Consumer
11047,19143,Cary,NC,EE. UU.,Consumer
11048,19215,Saint Paul,MN,EE. UU.,Consumer
11049,16410,Seattle,WA,EE. UU.,Consumer
11050,19189,Laredo,TX,EE. UU.,Consumer
11051,16440,Pacoima,CA,EE. UU.,Consumer
11052,16546,Hyattsville,MD,EE. UU.,Consumer
11053,16600,Panorama City,CA,EE. UU.,Consumer
11054,16456,New York,NY,EE. UU.,Consumer
11055,16526,Brooklyn,NY,EE. UU.,Consumer
11056,19217,Augusta,GA,EE. UU.,Consumer
11057,15760,Aurora,CO,EE. UU.,Consumer
11058,15740,Chicago,IL,EE. UU.,Consumer
11059,9456,South Richmond Hill,NY,EE. UU.,Consumer
11060,18409,Union City,NJ,EE. UU.,Consumer
11061,8554,Tempe,AZ,EE. UU.,Consumer
11062,17399,Findlay,OH,EE. UU.,Consumer
11063,5107,Corona,CA,EE. UU.,Consumer
11064,18480,Diamond Bar,CA,EE. UU.,Consumer
11065,18281,Los Angeles,CA,EE. UU.,Consumer
11066,18424,Chicago,IL,EE. UU.,Consumer
11067,3676,Fargo,ND,EE. UU.,Consumer
11068,1947,Conway,AR,EE. UU.,Consumer
11069,1796,Baltimore,MD,EE. UU.,Consumer
11070,20709,Hilliard,OH,EE. UU.,Consumer
11071,407,Atlanta,GA,EE. UU.,Consumer
11072,17337,Atlanta,GA,EE. UU.,Consumer
11073,17444,Mesa,AZ,EE. UU.,Consumer
11074,59,Sunnyvale,CA,EE. UU.,Consumer
11075,6150,Lompoc,CA,EE. UU.,Consumer
11076,1388,Virginia Beach,VA,EE. UU.,Consumer
11077,4609,Los Angeles,CA,EE. UU.,Consumer
11078,20469,Palatine,IL,EE. UU.,Consumer
11079,17912,Amarillo,TX,EE. UU.,Consumer
11080,7569,San Jose,CA,EE. UU.,Consumer
11081,20539,Albuquerque,NM,EE. UU.,Consumer
11082,18303,Sunnyvale,CA,EE. UU.,Consumer
11083,17633,Costa Mesa,CA,EE. UU.,Consumer
11084,17669,Los Angeles,CA,EE. UU.,Consumer
11085,10978,Burnsville,MN,EE. UU.,Consumer
11086,18696,Princeton,NJ,EE. UU.,Consumer
11087,15293,Saint Peters,MO,EE. UU.,Consumer
11088,18703,Bell Gardens,CA,EE. UU.,Consumer
11089,11246,Howell,MI,EE. UU.,Consumer
11090,11618,Houston,TX,EE. UU.,Consumer
11091,7208,Middletown,CT,EE. UU.,Consumer
11092,4123,Princeton,NJ,EE. UU.,Consumer
11093,10702,Upland,CA,EE. UU.,Consumer
11094,17541,Apex,NC,EE. UU.,Consumer
11095,17582,Mount Prospect,IL,EE. UU.,Consumer
11096,17856,San Ramon,CA,EE. UU.,Consumer
11097,20277,San Bernardino,CA,EE. UU.,Consumer
11098,19899,Dallas,TX,EE. UU.,Consumer
11099,18627,Miami,FL,EE. UU.,Consumer
11100,19862,York,PA,EE. UU.,Consumer
11101,15283,Tonawanda,NY,EE. UU.,Consumer
11102,19987,Chicago,IL,EE. UU.,Consumer
11103,16129,Compton,CA,EE. UU.,Consumer
11104,20054,South Richmond Hill,NY,EE. UU.,Consumer
11105,18938,Lakewood,NJ,EE. UU.,Consumer
11106,16268,Aurora,IL,EE. UU.,Consumer
11107,20305,New York,NY,EE. UU.,Consumer
11108,19798,Oak Lawn,IL,EE. UU.,Consumer
11109,20320,Indio,CA,EE. UU.,Consumer
11110,17788,Phoenix,AZ,EE. UU.,Consumer
11111,19958,Asheboro,NC,EE. UU.,Consumer
11112,11935,Watsonville,CA,EE. UU.,Consumer
11113,1597,Norcross,GA,EE. UU.,Consumer
11114,652,Alpharetta,GA,EE. UU.,Consumer
11115,782,Dallas,TX,EE. UU.,Consumer
11116,7098,Chicago,IL,EE. UU.,Consumer
11117,10404,Pico Rivera,CA,EE. UU.,Consumer
11118,8170,Henderson,NV,EE. UU.,Consumer
11119,8775,New Orleans,LA,EE. UU.,Consumer
11120,7425,Pompano Beach,FL,EE. UU.,Consumer
11121,11809,Jersey City,NJ,EE. UU.,Consumer
11122,4030,Aurora,CO,EE. UU.,Consumer
11123,1072,New Orleans,LA,EE. UU.,Consumer
11124,1472,Brooklyn,NY,EE. UU.,Consumer
11125,4719,Hollywood,FL,EE. UU.,Consumer
11126,3448,Chicago,IL,EE. UU.,Consumer
11127,3126,Fountain Valley,CA,EE. UU.,Consumer
11128,4048,Lockport,IL,EE. UU.,Consumer
11129,12261,Sheboygan,WI,EE. UU.,Consumer
11130,7653,Chicago,IL,EE. UU.,Consumer
11131,1424,Mesa,AZ,EE. UU.,Consumer
11132,8937,Aurora,CO,EE. UU.,Consumer
11133,2956,Brooklyn,NY,EE. UU.,Consumer
11134,3400,Moreno Valley,CA,EE. UU.,Consumer
11135,10744,Palatine,IL,EE. UU.,Consumer
11136,7252,Freehold,NJ,EE. UU.,Consumer
11137,1397,Las Vegas,NV,EE. UU.,Consumer
11138,3479,Brooklyn,NY,EE. UU.,Consumer
11139,6624,Raleigh,NC,EE. UU.,Consumer
11140,9664,Brooklyn,NY,EE. UU.,Consumer
11141,9965,Los Angeles,CA,EE. UU.,Consumer
11142,7690,Los Angeles,CA,EE. UU.,Consumer
11143,4295,New York,NY,EE. UU.,Consumer
11144,3350,Loveland,OH,EE. UU.,Consumer
11145,4096,Brooklyn,NY,EE. UU.,Consumer
11146,11194,Aurora,CO,EE. UU.,Consumer
11147,9780,Chicago,IL,EE. UU.,Consumer
11148,10395,Troy,NY,EE. UU.,Consumer
11149,854,Del Rio,TX,EE. UU.,Consumer
11150,878,West Covina,CA,EE. UU.,Consumer
11151,6254,Tonawanda,NY,EE. UU.,Consumer
11152,4384,Denver,CO,EE. UU.,Consumer
11153,7381,Rio Rancho,NM,EE. UU.,Consumer
11154,1669,New York,NY,EE. UU.,Consumer
11155,728,Philadelphia,PA,EE. UU.,Consumer
11156,1965,Joliet,IL,EE. UU.,Consumer
11157,3251,Los Angeles,CA,EE. UU.,Consumer
11158,10059,Orange Park,FL,EE. UU.,Consumer
11159,759,Lawton,OK,EE. UU.,Consumer
11160,8923,Opelousas,LA,EE. UU.,Consumer
11161,7170,San Diego,CA,EE. UU.,Consumer
11162,6653,Hagerstown,MD,EE. UU.,Consumer
11163,4254,South Richmond Hill,NY,EE. UU.,Consumer
11164,7836,College Station,TX,EE. UU.,Consumer
11165,131,Methuen,MA,EE. UU.,Consumer
11166,9766,Elyria,OH,EE. UU.,Consumer
11167,5230,Santa Ana,CA,EE. UU.,Consumer
11168,10639,San Francisco,CA,EE. UU.,Consumer
11169,5966,Fullerton,CA,EE. UU.,Consumer
11170,10846,Canoga Park,CA,EE. UU.,Consumer
11171,4954,Houston,TX,EE. UU.,Consumer
11172,7677,Chicago,IL,EE. UU.,Consumer
11173,4858,Del Rio,TX,EE. UU.,Consumer
11174,6575,Pompano Beach,FL,EE. UU.,Consumer
11175,9477,Vista,CA,EE. UU.,Consumer
11176,11494,Joliet,IL,EE. UU.,Consumer
11177,9007,Chicago,IL,EE. UU.,Consumer
11178,381,Fairfield,OH,EE. UU.,Consumer
11179,12229,Chicago,IL,EE. UU.,Consumer
11180,9369,Chicago,IL,EE. UU.,Consumer
11181,7971,Annandale,VA,EE. UU.,Consumer
11182,6867,Cicero,IL,EE. UU.,Consumer
11183,184,Lindenhurst,NY,EE. UU.,Consumer
11184,7798,New York,NY,EE. UU.,Consumer
11185,1305,Columbia,SC,EE. UU.,Consumer
11186,14169,Pharr,TX,EE. UU.,Consumer
11187,5253,Chandler,AZ,EE. UU.,Consumer
11188,6447,Crystal Lake,IL,EE. UU.,Consumer
11189,4014,Dallas,TX,EE. UU.,Consumer
11190,2899,Honolulu,HI,EE. UU.,Consumer
11191,13975,Saint Louis,MO,EE. UU.,Consumer
11192,13593,Hilliard,OH,EE. UU.,Consumer
11193,3937,Santa Ana,CA,EE. UU.,Consumer
11194,12446,Stafford,VA,EE. UU.,Consumer
11195,12831,Revere,MA,EE. UU.,Consumer
11196,12843,Atlanta,GA,EE. UU.,Consumer
11197,14149,Frankfort,KY,EE. UU.,Consumer
11198,14167,Spring,TX,EE. UU.,Consumer
11199,14414,Los Angeles,CA,EE. UU.,Consumer
11200,13184,Del Rio,TX,EE. UU.,Consumer
11201,13111,Greensboro,NC,EE. UU.,Consumer
11202,13309,Bay Shore,NY,EE. UU.,Consumer
11203,13488,Lakewood,NJ,EE. UU.,Consumer
11204,14465,San Diego,CA,EE. UU.,Consumer
11205,14411,Smyrna,GA,EE. UU.,Consumer
11206,14681,Las Vegas,NV,EE. UU.,Consumer
11207,13451,Glenview,IL,EE. UU.,Consumer
11208,14361,Moreno Valley,CA,EE. UU.,Consumer
11209,13523,Richardson,TX,EE. UU.,Consumer
11210,13450,Jamaica,NY,EE. UU.,Consumer
11211,14517,Rio Rancho,NM,EE. UU.,Consumer
11212,13234,Chandler,AZ,EE. UU.,Consumer
11213,13396,New Bedford,MA,EE. UU.,Consumer
11214,13323,Reseda,CA,EE. UU.,Consumer
11215,14341,Chicago,IL,EE. UU.,Consumer
11216,13485,Washington,DC,EE. UU.,Consumer
11217,13359,Norfolk,VA,EE. UU.,Consumer
11218,14125,Troy,NY,EE. UU.,Consumer
11219,14233,Memphis,TN,EE. UU.,Consumer
11220,14462,Colorado Springs,CO,EE. UU.,Consumer
11221,13304,Irvington,NJ,EE. UU.,Consumer
11222,13178,Santa Maria,CA,EE. UU.,Consumer
11223,14677,Bolingbrook,IL,EE. UU.,Consumer
11224,13519,Dorchester Center,MA,EE. UU.,Consumer
11225,13411,Saginaw,MI,EE. UU.,Consumer
11226,14675,Silver Spring,MD,EE. UU.,Consumer
11227,13410,Fresno,CA,EE. UU.,Consumer
11228,13032,Pompano Beach,FL,EE. UU.,Consumer
11229,14320,Pacoima,CA,EE. UU.,Consumer
11230,13085,Stockton,CA,EE. UU.,Consumer
11231,14157,Ventura,CA,EE. UU.,Consumer
11232,14530,Portland,OR,EE. UU.,Consumer
11233,14229,Glenview,IL,EE. UU.,Consumer
11234,14228,Jersey City,NJ,EE. UU.,Consumer
11235,14371,Alpharetta,GA,EE. UU.,Consumer
11236,13514,Los Angeles,CA,EE. UU.,Consumer
11237,14334,Virginia Beach,VA,EE. UU.,Consumer
11238,14118,Woodside,NY,EE. UU.,Consumer
11239,14437,Wichita,KS,EE. UU.,Consumer
11240,14599,Irving,TX,EE. UU.,Consumer
11241,13225,San Diego,CA,EE. UU.,Consumer
11242,14616,Stockbridge,GA,EE. UU.,Consumer
11243,14062,Garden Grove,CA,EE. UU.,Consumer
11244,14453,Perth Amboy,NJ,EE. UU.,Consumer
11245,13116,Strongsville,OH,EE. UU.,Consumer
11246,13079,New Orleans,LA,EE. UU.,Consumer
11247,13312,Aurora,CO,EE. UU.,Consumer
11248,4127,Tempe,AZ,EE. UU.,Consumer
11249,3773,Tempe,AZ,EE. UU.,Consumer
11250,5676,Chicago,IL,EE. UU.,Consumer
11251,10816,Dallas,TX,EE. UU.,Consumer
11252,1165,Houston,TX,EE. UU.,Consumer
11253,11844,Hollywood,FL,EE. UU.,Consumer
11254,11937,Aurora,CO,EE. UU.,Consumer
11255,1052,Lakewood,NJ,EE. UU.,Consumer
11256,6589,Bensalem,PA,EE. UU.,Consumer
11257,5945,Morganton,NC,EE. UU.,Consumer
11258,5291,Brooklyn,NY,EE. UU.,Consumer
11259,13951,Massapequa,NY,EE. UU.,Consumer
11260,5866,Modesto,CA,EE. UU.,Consumer
11261,8868,Philadelphia,PA,EE. UU.,Consumer
11262,1559,Aurora,CO,EE. UU.,Consumer
11263,13968,Fresno,CA,EE. UU.,Consumer
11264,3203,Rego Park,NY,EE. UU.,Consumer
11265,6605,Philadelphia,PA,EE. UU.,Consumer
11266,11201,Indio,CA,EE. UU.,Consumer
11267,13877,Houston,TX,EE. UU.,Consumer
11268,10352,Miami,FL,EE. UU.,Consumer
11269,4919,Opa Locka,FL,EE. UU.,Consumer
11270,982,New Albany,IN,EE. UU.,Consumer
11271,5398,Jersey City,NJ,EE. UU.,Consumer
11272,13659,Bronx,NY,EE. UU.,Consumer
11273,12794,San Antonio,TX,EE. UU.,Consumer
11274,915,Broken Arrow,OK,EE. UU.,Consumer
11275,2290,Endicott,NY,EE. UU.,Consumer
11276,14892,York,PA,EE. UU.,Consumer
11277,14856,Weslaco,TX,EE. UU.,Consumer
11278,314,Milwaukee,WI,EE. UU.,Consumer
11279,13586,Clearfield,UT,EE. UU.,Consumer
11280,13729,Methuen,MA,EE. UU.,Consumer
11281,13837,Lawton,OK,EE. UU.,Consumer
11282,13657,Aurora,CO,EE. UU.,Consumer
11283,14837,Union City,CA,EE. UU.,Consumer
11284,4371,Saint Charles,MO,EE. UU.,Consumer
11285,13783,Hayward,CA,EE. UU.,Consumer
11286,9033,Marrero,LA,EE. UU.,Consumer
11287,12387,Irwin,PA,EE. UU.,Consumer
11288,5272,Las Vegas,NV,EE. UU.,Consumer
11289,5646,Jamaica,NY,EE. UU.,Consumer
11290,13746,Indianapolis,IN,EE. UU.,Consumer
11291,6793,Plano,TX,EE. UU.,Consumer
11292,13691,New York,NY,EE. UU.,Consumer
11293,14051,Martinez,CA,EE. UU.,Consumer
11294,13781,Mentor,OH,EE. UU.,Consumer
11295,10301,Edinburg,TX,EE. UU.,Consumer
11296,14763,West Chester,PA,EE. UU.,Consumer
11297,12753,Wayne,NJ,EE. UU.,Consumer
11298,751,Los Angeles,CA,EE. UU.,Consumer
11299,13672,Chapel Hill,NC,EE. UU.,Consumer
11300,2393,Hesperia,CA,EE. UU.,Consumer
11301,10390,Hialeah,FL,EE. UU.,Consumer
11302,13761,New Haven,CT,EE. UU.,Consumer
11303,10376,Yuma,AZ,EE. UU.,Consumer
11304,8469,Garden Grove,CA,EE. UU.,Consumer
11305,13707,Simi Valley,CA,EE. UU.,Consumer
11306,10575,Ontario,CA,EE. UU.,Consumer
11307,12805,Chicago,IL,EE. UU.,Consumer
11308,3225,Ann Arbor,MI,EE. UU.,Consumer
11309,14759,Webster,NY,EE. UU.,Consumer
11310,13831,Santa Ana,CA,EE. UU.,Consumer
11311,13741,Columbia,SC,EE. UU.,Consumer
11312,14758,Walnut,CA,EE. UU.,Consumer
11313,14010,Miami,FL,EE. UU.,Consumer
11314,13577,Howell,MI,EE. UU.,Consumer
11315,10128,San Diego,CA,EE. UU.,Consumer
11316,14009,Phoenix,AZ,EE. UU.,Consumer
11317,14703,Glendale,AZ,EE. UU.,Consumer
11318,4113,Cary,NC,EE. UU.,Consumer
11319,12801,Garden Grove,CA,EE. UU.,Consumer
11320,2245,Las Vegas,NV,EE. UU.,Consumer
11321,11875,Princeton,NJ,EE. UU.,Consumer
11322,10237,Medina,OH,EE. UU.,Consumer
11323,7855,Cicero,IL,EE. UU.,Consumer
11324,12800,Tulare,CA,EE. UU.,Consumer
11325,13826,Phoenix,AZ,EE. UU.,Consumer
11326,13844,Chicago,IL,EE. UU.,Consumer
11327,13628,Washington,PA,EE. UU.,Consumer
11328,8495,Upland,CA,EE. UU.,Consumer
11329,6904,Hamilton,OH,EE. UU.,Consumer
11330,7378,Pico Rivera,CA,EE. UU.,Consumer
11331,3035,Glenview,IL,EE. UU.,Consumer
11332,9805,Walnut,CA,EE. UU.,Consumer
11333,7026,Caguas,PR,Puerto Rico,Corporate
11334,9673,Caguas,PR,Puerto Rico,Corporate
11335,2022,Caguas,PR,Puerto Rico,Corporate
11336,2472,Caguas,PR,Puerto Rico,Corporate
11337,2612,Caguas,PR,Puerto Rico,Corporate
11338,10399,Caguas,PR,Puerto Rico,Corporate
11339,5321,Caguas,PR,Puerto Rico,Corporate
11340,5212,Caguas,PR,Puerto Rico,Corporate
11341,12398,Caguas,PR,Puerto Rico,Corporate
11342,7611,Caguas,PR,Puerto Rico,Corporate
11343,1910,Caguas,PR,Puerto Rico,Corporate
11344,5930,Caguas,PR,Puerto Rico,Corporate
11345,19161,Guayama,PR,Puerto Rico,Corporate
11346,19241,Caguas,PR,Puerto Rico,Corporate
11347,5019,Caguas,PR,Puerto Rico,Corporate
11348,6912,Bayamon,PR,Puerto Rico,Corporate
11349,4584,San Juan,PR,Puerto Rico,Corporate
11350,17906,Caguas,PR,Puerto Rico,Corporate
11351,17673,Caguas,PR,Puerto Rico,Corporate
11352,11511,Caguas,PR,Puerto Rico,Corporate
11353,17526,Caguas,PR,Puerto Rico,Corporate
11354,20332,Caguas,PR,Puerto Rico,Corporate
11355,17777,Caguas,PR,Puerto Rico,Corporate
11356,20337,Caguas,PR,Puerto Rico,Corporate
11357,17030,Caguas,PR,Puerto Rico,Corporate
11358,19079,Caguas,PR,Puerto Rico,Corporate
11359,18279,Caguas,PR,Puerto Rico,Corporate
11360,17449,Caguas,PR,Puerto Rico,Corporate
11361,17920,Caguas,PR,Puerto Rico,Corporate
11362,4283,Caguas,PR,Puerto Rico,Corporate
11363,5690,Caguas,PR,Puerto Rico,Corporate
11364,11780,Caguas,PR,Puerto Rico,Corporate
11365,1226,Caguas,PR,Puerto Rico,Corporate
11366,8893,Caguas,PR,Puerto Rico,Corporate
11367,10153,Caguas,PR,Puerto Rico,Corporate
11368,6494,Arecibo,PR,Puerto Rico,Corporate
11369,7981,Caguas,PR,Puerto Rico,Corporate
11370,1032,Caguas,PR,Puerto Rico,Corporate
11371,4480,Vega Baja,PR,Puerto Rico,Corporate
11372,10900,Caguas,PR,Puerto Rico,Corporate
11373,8599,Caguas,PR,Puerto Rico,Corporate
11374,77,Caguas,PR,Puerto Rico,Corporate
11375,10274,Caguas,PR,Puerto Rico,Corporate
11376,11607,Caguas,PR,Puerto Rico,Corporate
11377,1772,Caguas,PR,Puerto Rico,Corporate
11378,8955,Caguas,PR,Puerto Rico,Corporate
11379,9612,Caguas,PR,Puerto Rico,Corporate
11380,1358,Caguas,PR,Puerto Rico,Corporate
11381,2648,Caguas,PR,Puerto Rico,Corporate
11382,4450,Caguas,PR,Puerto Rico,Corporate
11383,13203,Caguas,PR,Puerto Rico,Corporate
11384,14485,Caguas,PR,Puerto Rico,Corporate
11385,14180,Caguas,PR,Puerto Rico,Corporate
11386,14478,Caguas,PR,Puerto Rico,Corporate
11387,14440,Guaynabo,PR,Puerto Rico,Corporate
11388,14188,Humacao,PR,Puerto Rico,Corporate
11389,3286,Caguas,PR,Puerto Rico,Corporate
11390,3579,Caguas,PR,Puerto Rico,Corporate
11391,13681,Caguas,PR,Puerto Rico,Corporate
11392,14004,Caguas,PR,Puerto Rico,Corporate
11393,3769,Caguas,PR,Puerto Rico,Corporate
11394,2459,Caguas,PR,Puerto Rico,Corporate
11395,13679,Caguas,PR,Puerto Rico,Corporate
11396,3233,Caguas,PR,Puerto Rico,Corporate
11397,6723,Caguas,PR,Puerto Rico,Corporate
11398,7898,Caguas,PR,Puerto Rico,Corporate
11399,13546,Caguas,PR,Puerto Rico,Corporate
11400,8017,Caguas,PR,Puerto Rico,Corporate
11401,11256,Caguas,PR,Puerto Rico,Corporate
11402,3136,Caguas,PR,Puerto Rico,Corporate
11403,12329,Caguas,PR,Puerto Rico,Corporate
11404,9346,Caguas,PR,Puerto Rico,Corporate
11405,14775,Caguas,PR,Puerto Rico,Corporate
11406,10161,Caguas,PR,Puerto Rico,Corporate
11407,8335,Caguas,PR,Puerto Rico,Corporate
11408,4201,Caguas,PR,Puerto Rico,Corporate
11409,2735,Caguas,PR,Puerto Rico,Corporate
11410,6341,Caguas,PR,Puerto Rico,Corporate
11411,4053,Caguas,PR,Puerto Rico,Corporate
11412,8876,Caguas,PR,Puerto Rico,Corporate
11413,7932,Caguas,PR,Puerto Rico,Corporate
11414,5615,Caguas,PR,Puerto Rico,Corporate
11415,4499,Caguas,PR,Puerto Rico,Corporate
11416,3176,Caguas,PR,Puerto Rico,Corporate
11417,94,Caguas,PR,Puerto Rico,Corporate
11418,8748,Caguas,PR,Puerto Rico,Corporate
11419,8411,Caguas,PR,Puerto Rico,Corporate
11420,4089,Caguas,PR,Puerto Rico,Corporate
11421,5660,Caguas,PR,Puerto Rico,Corporate
11422,2049,Caguas,PR,Puerto Rico,Corporate
11423,12668,Caguas,PR,Puerto Rico,Corporate
11424,12441,Caguas,PR,Puerto Rico,Corporate
11425,12653,Caguas,PR,Puerto Rico,Corporate
11426,12598,Caguas,PR,Puerto Rico,Corporate
11427,15031,Caguas,PR,Puerto Rico,Corporate
11428,15119,Caguas,PR,Puerto Rico,Corporate
11429,14420,Caguas,PR,Puerto Rico,Corporate
11430,190,Caguas,PR,Puerto Rico,Corporate
11431,11623,Yauco,PR,Puerto Rico,Corporate
11432,10673,Caguas,PR,Puerto Rico,Corporate
11433,11829,Caguas,PR,Puerto Rico,Corporate
11434,7455,Caguas,PR,Puerto Rico,Corporate
11435,13943,Caguas,PR,Puerto Rico,Corporate
11436,2650,Caguas,PR,Puerto Rico,Corporate
11437,3423,Caguas,PR,Puerto Rico,Corporate
11438,3877,Caguas,PR,Puerto Rico,Corporate
11439,7049,Caguas,PR,Puerto Rico,Corporate
11440,3881,Caguas,PR,Puerto Rico,Corporate
11441,3816,Caguas,PR,Puerto Rico,Corporate
11442,4118,Caguas,PR,Puerto Rico,Corporate
11443,6025,Caguas,PR,Puerto Rico,Corporate
11444,7631,Caguas,PR,Puerto Rico,Corporate
11445,10360,Caguas,PR,Puerto Rico,Corporate
11446,9637,Caguas,PR,Puerto Rico,Corporate
11447,5596,Caguas,PR,Puerto Rico,Corporate
11448,3354,Caguas,PR,Puerto Rico,Corporate
11449,6300,Caguas,PR,Puerto Rico,Corporate
11450,3155,Caguas,PR,Puerto Rico,Corporate
11451,1123,Caguas,PR,Puerto Rico,Corporate
11452,4467,Caguas,PR,Puerto Rico,Corporate
11453,4779,Caguas,PR,Puerto Rico,Corporate
11454,11581,Juana Diaz,PR,Puerto Rico,Corporate
11455,4065,Caguas,PR,Puerto Rico,Corporate
11456,10707,Caguas,PR,Puerto Rico,Corporate
11457,7870,Caguas,PR,Puerto Rico,Corporate
11458,2150,Caguas,PR,Puerto Rico,Corporate
11459,9717,Caguas,PR,Puerto Rico,Corporate
11460,2479,Caguas,PR,Puerto Rico,Corporate
11461,3277,Caguas,PR,Puerto Rico,Corporate
11462,12061,Caguas,PR,Puerto Rico,Corporate
11463,8403,Caguas,PR,Puerto Rico,Corporate
11464,7536,Caguas,PR,Puerto Rico,Corporate
11465,11322,Caguas,PR,Puerto Rico,Corporate
11466,5618,Caguas,PR,Puerto Rico,Corporate
11467,4517,Caguas,PR,Puerto Rico,Corporate
11468,5155,Caguas,PR,Puerto Rico,Corporate
11469,10768,Caguas,PR,Puerto Rico,Corporate
11470,11873,Caguas,PR,Puerto Rico,Corporate
11471,4204,Caguas,PR,Puerto Rico,Corporate
11472,2747,Caguas,PR,Puerto Rico,Corporate
11473,9565,Caguas,PR,Puerto Rico,Corporate
11474,18129,Caguas,PR,Puerto Rico,Corporate
11475,19156,Caguas,PR,Puerto Rico,Corporate
11476,19281,Caguas,PR,Puerto Rico,Corporate
11477,19154,Caguas,PR,Puerto Rico,Corporate
11478,19151,Caguas,PR,Puerto Rico,Corporate
11479,19201,Caguas,PR,Puerto Rico,Corporate
11480,16522,Caguas,PR,Puerto Rico,Corporate
11481,15781,Caguas,PR,Puerto Rico,Corporate
11482,15814,Caguas,PR,Puerto Rico,Corporate
11483,15705,Caguas,PR,Puerto Rico,Corporate
11484,4603,Caguas,PR,Puerto Rico,Corporate
11485,3018,Caguas,PR,Puerto Rico,Corporate
11486,9676,Caguas,PR,Puerto Rico,Corporate
11487,875,Caguas,PR,Puerto Rico,Corporate
11488,10826,Caguas,PR,Puerto Rico,Corporate
11489,1190,Caguas,PR,Puerto Rico,Corporate
11490,4731,Caguas,PR,Puerto Rico,Corporate
11491,17646,Caguas,PR,Puerto Rico,Corporate
11492,7193,Caguas,PR,Puerto Rico,Corporate
11493,18028,Caguas,PR,Puerto Rico,Corporate
11494,8062,Caguas,PR,Puerto Rico,Corporate
11495,17678,Caguas,PR,Puerto Rico,Corporate
11496,17445,Caguas,PR,Puerto Rico,Corporate
11497,7449,Caguas,PR,Puerto Rico,Corporate
11498,8651,Caguas,PR,Puerto Rico,Corporate
11499,10115,Caguas,PR,Puerto Rico,Corporate
11500,18523,Caguas,PR,Puerto Rico,Corporate
11501,20559,Caguas,PR,Puerto Rico,Corporate
11502,140,Caguas,PR,Puerto Rico,Corporate
11503,20468,Caguas,PR,Puerto Rico,Corporate
11504,18431,Caguas,PR,Puerto Rico,Corporate
11505,8924,Caguas,PR,Puerto Rico,Corporate
11506,7086,Caguas,PR,Puerto Rico,Corporate
11507,2222,Caguas,PR,Puerto Rico,Corporate
11508,12295,Caguas,PR,Puerto Rico,Corporate
11509,15515,Caguas,PR,Puerto Rico,Corporate
11510,15533,Caguas,PR,Puerto Rico,Corporate
11511,15653,Caguas,PR,Puerto Rico,Corporate
11512,15598,Caguas,PR,Puerto Rico,Corporate
11513,15434,Caguas,PR,Puerto Rico,Corporate
11514,8729,Caguas,PR,Puerto Rico,Corporate
11515,2749,Caguas,PR,Puerto Rico,Corporate
11516,1563,Caguas,PR,Puerto Rico,Corporate
11517,4912,Caguas,PR,Puerto Rico,Corporate
11518,17579,Caguas,PR,Puerto Rico,Corporate
11519,15195,Caguas,PR,Puerto Rico,Corporate
11520,20096,Caguas,PR,Puerto Rico,Corporate
11521,16340,Caguas,PR,Puerto Rico,Corporate
11522,16106,Caguas,PR,Puerto Rico,Corporate
11523,20140,Caguas,PR,Puerto Rico,Corporate
11524,20068,Caguas,PR,Puerto Rico,Corporate
11525,20301,Caguas,PR,Puerto Rico,Corporate
11526,17751,Caguas,PR,Puerto Rico,Corporate
11527,16425,Caguas,PR,Puerto Rico,Corporate
11528,4466,Yauco,PR,Puerto Rico,Corporate
11529,10653,Caguas,PR,Puerto Rico,Corporate
11530,1754,Caguas,PR,Puerto Rico,Corporate
11531,18420,Caguas,PR,Puerto Rico,Corporate
11532,10842,Caguas,PR,Puerto Rico,Corporate
11533,2318,Caguas,PR,Puerto Rico,Corporate
11534,8682,Caguas,PR,Puerto Rico,Corporate
11535,17083,Caguas,PR,Puerto Rico,Corporate
11536,16174,Caguas,PR,Puerto Rico,Corporate
11537,4447,Canovanas,PR,Puerto Rico,Corporate
11538,11233,Caguas,PR,Puerto Rico,Corporate
11539,1188,Caguas,PR,Puerto Rico,Corporate
11540,5602,Caguas,PR,Puerto Rico,Corporate
11541,9690,Caguas,PR,Puerto Rico,Corporate
11542,6895,Caguas,PR,Puerto Rico,Corporate
11543,6092,Caguas,PR,Puerto Rico,Corporate
11544,1912,Caguas,PR,Puerto Rico,Corporate
11545,11485,Caguas,PR,Puerto Rico,Corporate
11546,7480,Trujillo Alto,PR,Puerto Rico,Corporate
11547,10574,Caguas,PR,Puerto Rico,Corporate
11548,6505,Caguas,PR,Puerto Rico,Corporate
11549,9306,Caguas,PR,Puerto Rico,Corporate
11550,3640,Caguas,PR,Puerto Rico,Corporate
11551,9758,Caguas,PR,Puerto Rico,Corporate
11552,8263,Caguas,PR,Puerto Rico,Corporate
11553,7196,Caguas,PR,Puerto Rico,Corporate
11554,5475,Caguas,PR,Puerto Rico,Corporate
11555,43,Caguas,PR,Puerto Rico,Corporate
11556,4737,Caguas,PR,Puerto Rico,Corporate
11557,4082,Caguas,PR,Puerto Rico,Corporate
11558,495,Caguas,PR,Puerto Rico,Corporate
11559,8149,Caguas,PR,Puerto Rico,Corporate
11560,8394,Caguas,PR,Puerto Rico,Corporate
11561,8146,Caguas,PR,Puerto Rico,Corporate
11562,5510,Caguas,PR,Puerto Rico,Corporate
11563,9288,Caguas,PR,Puerto Rico,Corporate
11564,5967,Caguas,PR,Puerto Rico,Corporate
11565,1737,Caguas,PR,Puerto Rico,Corporate
11566,1323,Caguas,PR,Puerto Rico,Corporate
11567,11701,Caguas,PR,Puerto Rico,Corporate
11568,9931,Caguas,PR,Puerto Rico,Corporate
11569,3819,Caguas,PR,Puerto Rico,Corporate
11570,10613,Caguas,PR,Puerto Rico,Corporate
11571,6228,Caguas,PR,Puerto Rico,Corporate
11572,7962,Caguas,PR,Puerto Rico,Corporate
11573,6179,Caguas,PR,Puerto Rico,Corporate
11574,2510,Caguas,PR,Puerto Rico,Corporate
11575,7880,Caguas,PR,Puerto Rico,Corporate
11576,10292,Caguas,PR,Puerto Rico,Corporate
11577,6240,Caguas,PR,Puerto Rico,Corporate
11578,4410,Caguas,PR,Puerto Rico,Corporate
11579,4317,Caguas,PR,Puerto Rico,Corporate
11580,11857,Caguas,PR,Puerto Rico,Corporate
11581,4024,Caguas,PR,Puerto Rico,Corporate
11582,7851,Caguas,PR,Puerto Rico,Corporate
11583,9938,Caguas,PR,Puerto Rico,Corporate
11584,3059,Caguas,PR,Puerto Rico,Corporate
11585,11045,Caguas,PR,Puerto Rico,Corporate
11586,1609,Caguas,PR,Puerto Rico,Corporate
11587,7813,Caguas,PR,Puerto Rico,Corporate
11588,4682,Caguas,PR,Puerto Rico,Corporate
11589,989,Caguas,PR,Puerto Rico,Corporate
11590,9374,Caguas,PR,Puerto Rico,Corporate
11591,4816,Caguas,PR,Puerto Rico,Corporate
11592,9722,Caguas,PR,Puerto Rico,Corporate
11593,1163,Caguas,PR,Puerto Rico,Corporate
11594,774,Caguas,PR,Puerto Rico,Corporate
11595,2664,Caguas,PR,Puerto Rico,Corporate
11596,4871,Caguas,PR,Puerto Rico,Corporate
11597,3667,Caguas,PR,Puerto Rico,Corporate
11598,13526,Caguas,PR,Puerto Rico,Corporate
11599,13040,Caguas,PR,Puerto Rico,Corporate
11600,14091,Caguas,PR,Puerto Rico,Corporate
11601,14680,Caguas,PR,Puerto Rico,Corporate
11602,13414,Caguas,PR,Puerto Rico,Corporate
11603,13198,Caguas,PR,Puerto Rico,Corporate
11604,14607,Caguas,PR,Puerto Rico,Corporate
11605,13089,Caguas,PR,Puerto Rico,Corporate
11606,14089,Caguas,PR,Puerto Rico,Corporate
11607,14251,Caguas,PR,Puerto Rico,Corporate
11608,13412,Caguas,PR,Puerto Rico,Corporate
11609,14214,Caguas,PR,Puerto Rico,Corporate
11610,14461,Caguas,PR,Puerto Rico,Corporate
11611,14441,Caguas,PR,Puerto Rico,Corporate
11612,14639,Caguas,PR,Puerto Rico,Corporate
11613,14392,Caguas,PR,Puerto Rico,Corporate
11614,14458,Caguas,PR,Puerto Rico,Corporate
11615,14619,Caguas,PR,Puerto Rico,Corporate
11616,14083,Caguas,PR,Puerto Rico,Corporate
11617,14065,Caguas,PR,Puerto Rico,Corporate
11618,14438,Caguas,PR,Puerto Rico,Corporate
11619,14617,Caguas,PR,Puerto Rico,Corporate
11620,14099,Caguas,PR,Puerto Rico,Corporate
11621,13531,Caguas,PR,Puerto Rico,Corporate
11622,13297,Caguas,PR,Puerto Rico,Corporate
11623,13117,Caguas,PR,Puerto Rico,Corporate
11624,14278,Caguas,PR,Puerto Rico,Corporate
11625,14417,Caguas,PR,Puerto Rico,Corporate
11626,14650,Caguas,PR,Puerto Rico,Corporate
11627,13349,Caguas,PR,Puerto Rico,Corporate
11628,14415,Caguas,PR,Puerto Rico,Corporate
11629,13294,Caguas,PR,Puerto Rico,Corporate
11630,14276,Caguas,PR,Puerto Rico,Corporate
11631,8689,Caguas,PR,Puerto Rico,Corporate
11632,8597,Caguas,PR,Puerto Rico,Corporate
11633,4465,Caguas,PR,Puerto Rico,Corporate
11634,4716,Caguas,PR,Puerto Rico,Corporate
11635,13897,Caguas,PR,Puerto Rico,Corporate
11636,11156,Caguas,PR,Puerto Rico,Corporate
11637,9978,Caguas,PR,Puerto Rico,Corporate
11638,14022,Caguas,PR,Puerto Rico,Corporate
11639,13950,Caguas,PR,Puerto Rico,Corporate
11640,13859,Caguas,PR,Puerto Rico,Corporate
11641,12778,Caguas,PR,Puerto Rico,Corporate
11642,3244,Caguas,PR,Puerto Rico,Corporate
11643,3360,Caguas,PR,Puerto Rico,Corporate
11644,1121,Caguas,PR,Puerto Rico,Corporate
11645,8619,Caguas,PR,Puerto Rico,Corporate
11646,13965,Caguas,PR,Puerto Rico,Corporate
11647,11079,Caguas,PR,Puerto Rico,Corporate
11648,9351,Caguas,PR,Puerto Rico,Corporate
11649,655,Caguas,PR,Puerto Rico,Corporate
11650,13875,Caguas,PR,Puerto Rico,Corporate
11651,3793,Caguas,PR,Puerto Rico,Corporate
11652,490,Caguas,PR,Puerto Rico,Corporate
11653,7923,Caguas,PR,Puerto Rico,Corporate
11654,6813,Caguas,PR,Puerto Rico,Corporate
11655,14053,Caguas,PR,Puerto Rico,Corporate
11656,14783,Caguas,PR,Puerto Rico,Corporate
11657,6509,Caguas,PR,Puerto Rico,Corporate
11658,13909,Caguas,PR,Puerto Rico,Corporate
11659,14908,Caguas,PR,Puerto Rico,Corporate
11660,5998,Caguas,PR,Puerto Rico,Corporate
11661,13709,Caguas,PR,Puerto Rico,Corporate
11662,14709,Caguas,PR,Puerto Rico,Corporate
11663,13780,Caguas,PR,Puerto Rico,Corporate
11664,4051,Caguas,PR,Puerto Rico,Corporate
11665,12327,Caguas,PR,Puerto Rico,Corporate
11666,13617,Caguas,PR,Puerto Rico,Corporate
11667,13742,Caguas,PR,Puerto Rico,Corporate
11668,281,Juana Diaz,PR,Puerto Rico,Corporate
11669,13650,Caguas,PR,Puerto Rico,Corporate
11670,5959,Caguas,PR,Puerto Rico,Corporate
11671,13865,Caguas,PR,Puerto Rico,Corporate
11672,3729,Caguas,PR,Puerto Rico,Corporate
11673,2989,Caguas,PR,Puerto Rico,Corporate
11674,10467,Caguas,PR,Puerto Rico,Corporate
11675,5229,Caguas,PR,Puerto Rico,Corporate
11676,8454,Caguas,PR,Puerto Rico,Corporate
11677,8550,Caguas,PR,Puerto Rico,Corporate
11678,5079,Caguas,PR,Puerto Rico,Corporate
11679,5096,Caguas,PR,Puerto Rico,Corporate
11680,6188,Caguas,PR,Puerto Rico,Corporate
11681,2372,Caguas,PR,Puerto Rico,Corporate
11682,3390,Caguas,PR,Puerto Rico,Corporate
11683,916,Caguas,PR,Puerto Rico,Corporate
11684,7,Caguas,PR,Puerto Rico,Corporate
11685,13700,Caguas,PR,Puerto Rico,Corporate
11686,5774,Caguas,PR,Puerto Rico,Corporate
11687,4887,Caguas,PR,Puerto Rico,Corporate
11688,1195,Caguas,PR,Puerto Rico,Corporate
11689,1270,Caguas,PR,Puerto Rico,Corporate
11690,1218,Caguas,PR,Puerto Rico,Corporate
11691,516,Caguas,PR,Puerto Rico,Corporate
11692,3301,Caguas,PR,Puerto Rico,Corporate
11693,7301,Caguas,PR,Puerto Rico,Corporate
11694,11869,Caguas,PR,Puerto Rico,Corporate
11695,11161,Caguas,PR,Puerto Rico,Corporate
11696,2293,Caguas,PR,Puerto Rico,Corporate
11697,7646,Caguas,PR,Puerto Rico,Corporate
11698,3989,Caguas,PR,Puerto Rico,Corporate
11699,4821,Caguas,PR,Puerto Rico,Corporate
11700,11736,Caguas,PR,Puerto Rico,Corporate
11701,10711,Caguas,PR,Puerto Rico,Corporate
11702,7188,Caguas,PR,Puerto Rico,Corporate
11703,8291,Caguas,PR,Puerto Rico,Corporate
11704,4748,Caguas,PR,Puerto Rico,Corporate
11705,12452,Caguas,PR,Puerto Rico,Corporate
11706,12699,Caguas,PR,Puerto Rico,Corporate
11707,12731,Caguas,PR,Puerto Rico,Corporate
11708,12511,Caguas,PR,Puerto Rico,Corporate
11709,12689,Caguas,PR,Puerto Rico,Corporate
11710,15104,Caguas,PR,Puerto Rico,Corporate
11711,15014,Caguas,PR,Puerto Rico,Corporate
11712,12883,Caguas,PR,Puerto Rico,Corporate
11713,15048,Caguas,PR,Puerto Rico,Corporate
11714,14990,Caguas,PR,Puerto Rico,Corporate
11715,12840,Caguas,PR,Puerto Rico,Corporate
11716,12947,Caguas,PR,Puerto Rico,Corporate
11717,12928,Bayamon,PR,Puerto Rico,Corporate
11718,15129,Caguas,PR,Puerto Rico,Corporate
11719,12873,Caguas,PR,Puerto Rico,Corporate
11720,14427,Caguas,PR,Puerto Rico,Corporate
11721,13231,Caguas,PR,Puerto Rico,Corporate
11722,13301,Caguas,PR,Puerto Rico,Corporate
11723,8089,Caguas,PR,Puerto Rico,Corporate
11724,12816,Caguas,PR,Puerto Rico,Corporate
11725,12428,Caguas,PR,Puerto Rico,Corporate
11726,14910,Caguas,PR,Puerto Rico,Corporate
11727,13622,Caguas,PR,Puerto Rico,Corporate
11728,6493,Caguas,PR,Puerto Rico,Corporate
11729,6216,Caguas,PR,Puerto Rico,Corporate
11730,6785,Caguas,PR,Puerto Rico,Corporate
11731,2224,Caguas,PR,Puerto Rico,Corporate
11732,7793,Caguas,PR,Puerto Rico,Corporate
11733,7527,Caguas,PR,Puerto Rico,Corporate
11734,13559,Caguas,PR,Puerto Rico,Corporate
11735,2417,Caguas,PR,Puerto Rico,Corporate
11736,13629,Caguas,PR,Puerto Rico,Corporate
11737,5468,Caguas,PR,Puerto Rico,Corporate
11738,6711,Yauco,PR,Puerto Rico,Corporate
11739,1135,Caguas,PR,Puerto Rico,Corporate
11740,7489,Caguas,PR,Puerto Rico,Corporate
11741,15106,Caguas,PR,Puerto Rico,Corporate
11742,121,Caguas,PR,Puerto Rico,Corporate
11743,5807,Caguas,PR,Puerto Rico,Corporate
11744,12208,Caguas,PR,Puerto Rico,Corporate
11745,8229,Caguas,PR,Puerto Rico,Corporate
11746,9376,Caguas,PR,Puerto Rico,Corporate
11747,132,Caguas,PR,Puerto Rico,Corporate
11748,8323,Caguas,PR,Puerto Rico,Corporate
11749,9770,Caguas,PR,Puerto Rico,Corporate
11750,9238,Caguas,PR,Puerto Rico,Corporate
11751,8509,Caguas,PR,Puerto Rico,Corporate
11752,11449,Bayamon,PR,Puerto Rico,Corporate
11753,3158,Caguas,PR,Puerto Rico,Corporate
11754,11100,Caguas,PR,Puerto Rico,Corporate
11755,3630,Caguas,PR,Puerto Rico,Corporate
11756,12049,Caguas,PR,Puerto Rico,Corporate
11757,3255,Caguas,PR,Puerto Rico,Corporate
11758,8346,Caguas,PR,Puerto Rico,Corporate
11759,12406,Caguas,PR,Puerto Rico,Corporate
11760,6274,San Juan,PR,Puerto Rico,Corporate
11761,2751,Caguas,PR,Puerto Rico,Corporate
11762,9228,Caguas,PR,Puerto Rico,Corporate
11763,3123,Caguas,PR,Puerto Rico,Corporate
11764,6596,Caguas,PR,Puerto Rico,Corporate
11765,5310,Caguas,PR,Puerto Rico,Corporate
11766,6991,Caguas,PR,Puerto Rico,Corporate
11767,9257,Caguas,PR,Puerto Rico,Corporate
11768,10296,Caguas,PR,Puerto Rico,Corporate
11769,8553,Caguas,PR,Puerto Rico,Corporate
11770,8165,Caguas,PR,Puerto Rico,Corporate
11771,8691,Guaynabo,PR,Puerto Rico,Corporate
11772,9881,Caguas,PR,Puerto Rico,Corporate
11773,10430,Caguas,PR,Puerto Rico,Corporate
11774,7241,Caguas,PR,Puerto Rico,Corporate
11775,6559,San Sebastian,PR,Puerto Rico,Corporate
11776,9016,Caguas,PR,Puerto Rico,Corporate
11777,12179,Caguas,PR,Puerto Rico,Corporate
11778,11986,Caguas,PR,Puerto Rico,Corporate
11779,9799,Caguas,PR,Puerto Rico,Corporate
11780,5862,Caguas,PR,Puerto Rico,Corporate
11781,1156,Caguas,PR,Puerto Rico,Corporate
11782,8693,Caguas,PR,Puerto Rico,Corporate
11783,293,Caguas,PR,Puerto Rico,Corporate
11784,11067,Caguas,PR,Puerto Rico,Corporate
11785,9022,Caguas,PR,Puerto Rico,Corporate
11786,1203,Caguas,PR,Puerto Rico,Corporate
11787,2764,Caguas,PR,Puerto Rico,Corporate
11788,11408,Caguas,PR,Puerto Rico,Corporate
11789,4666,Manati,PR,Puerto Rico,Corporate
11790,2490,Caguas,PR,Puerto Rico,Corporate
11791,5058,Caguas,PR,Puerto Rico,Corporate
11792,8066,Caguas,PR,Puerto Rico,Corporate
11793,7791,Caguas,PR,Puerto Rico,Corporate
11794,5032,Caguas,PR,Puerto Rico,Corporate
11795,10878,Caguas,PR,Puerto Rico,Corporate
11796,18134,Caguas,PR,Puerto Rico,Corporate
11797,18241,Caguas,PR,Puerto Rico,Corporate
11798,18185,Caguas,PR,Puerto Rico,Corporate
11799,18239,Caguas,PR,Puerto Rico,Corporate
11800,18093,Caguas,PR,Puerto Rico,Corporate
11801,18073,Caguas,PR,Puerto Rico,Corporate
11802,18127,Caguas,PR,Puerto Rico,Corporate
11803,18159,Caguas,PR,Puerto Rico,Corporate
11804,17899,Caguas,PR,Puerto Rico,Corporate
11805,19178,Caguas,PR,Puerto Rico,Corporate
11806,16464,Caguas,PR,Puerto Rico,Corporate
11807,16607,Caguas,PR,Puerto Rico,Corporate
11808,19049,Caguas,PR,Puerto Rico,Corporate
11809,16408,Caguas,PR,Puerto Rico,Corporate
11810,16534,Caguas,PR,Puerto Rico,Corporate
11811,16387,Caguas,PR,Puerto Rico,Corporate
11812,16419,Caguas,PR,Puerto Rico,Corporate
11813,19184,Caguas,PR,Puerto Rico,Corporate
11814,16489,Caguas,PR,Puerto Rico,Corporate
11815,19056,Caguas,PR,Puerto Rico,Corporate
11816,16612,Caguas,PR,Puerto Rico,Corporate
11817,15844,Caguas,PR,Puerto Rico,Corporate
11818,15878,Caguas,PR,Puerto Rico,Corporate
11819,18753,Humacao,PR,Puerto Rico,Corporate
11820,18752,Caguas,PR,Puerto Rico,Corporate
11821,15823,Caguas,PR,Puerto Rico,Corporate
11822,18823,Caguas,PR,Puerto Rico,Corporate
11823,15857,Caguas,PR,Puerto Rico,Corporate
11824,18857,Caguas,PR,Puerto Rico,Corporate
11825,15873,Caguas,PR,Puerto Rico,Corporate
11826,15837,Caguas,PR,Puerto Rico,Corporate
11827,18800,San Sebastian,PR,Puerto Rico,Corporate
11828,15833,Caguas,PR,Puerto Rico,Corporate
11829,15688,Caguas,PR,Puerto Rico,Corporate
11830,15902,Caguas,PR,Puerto Rico,Corporate
11831,10471,Caguas,PR,Puerto Rico,Corporate
11832,10798,Caguas,PR,Puerto Rico,Corporate
11833,11404,Caguas,PR,Puerto Rico,Corporate
11834,20662,Caguas,PR,Puerto Rico,Corporate
11835,16093,Caguas,PR,Puerto Rico,Corporate
11836,16057,Caguas,PR,Puerto Rico,Corporate
11837,533,Caguas,PR,Puerto Rico,Corporate
11838,7280,Caguas,PR,Puerto Rico,Corporate
11839,17666,Caguas,PR,Puerto Rico,Corporate
11840,3587,Caguas,PR,Puerto Rico,Corporate
11841,5430,Caguas,PR,Puerto Rico,Corporate
11842,16072,Caguas,PR,Puerto Rico,Corporate
11843,6344,Caguas,PR,Puerto Rico,Corporate
11844,20424,Caguas,PR,Puerto Rico,Corporate
11845,11530,Caguas,PR,Puerto Rico,Corporate
11846,20513,Caguas,PR,Puerto Rico,Corporate
11847,18494,Caguas,PR,Puerto Rico,Corporate
11848,398,Caguas,PR,Puerto Rico,Corporate
11849,17937,Caguas,PR,Puerto Rico,Corporate
11850,18403,Caguas,PR,Puerto Rico,Corporate
11851,20691,Caguas,PR,Puerto Rico,Corporate
11852,20618,Caguas,PR,Puerto Rico,Corporate
11853,17952,Caguas,PR,Puerto Rico,Corporate
11854,8095,Caguas,PR,Puerto Rico,Corporate
11855,20401,Caguas,PR,Puerto Rico,Corporate
11856,17988,Caguas,PR,Puerto Rico,Corporate
11857,17425,Caguas,PR,Puerto Rico,Corporate
11858,18326,Caguas,PR,Puerto Rico,Corporate
11859,2576,Caguas,PR,Puerto Rico,Corporate
11860,20579,Caguas,PR,Puerto Rico,Corporate
11861,10608,Caguas,PR,Puerto Rico,Corporate
11862,20524,Caguas,PR,Puerto Rico,Corporate
11863,2397,Caguas,PR,Puerto Rico,Corporate
11864,2527,Caguas,PR,Puerto Rico,Corporate
11865,10780,Caguas,PR,Puerto Rico,Corporate
11866,18001,Caguas,PR,Puerto Rico,Corporate
11867,1375,Caguas,PR,Puerto Rico,Corporate
11868,6783,Caguas,PR,Puerto Rico,Corporate
11869,788,Caguas,PR,Puerto Rico,Corporate
11870,18520,Caguas,PR,Puerto Rico,Corporate
11871,17348,Caguas,PR,Puerto Rico,Corporate
11872,16061,Caguas,PR,Puerto Rico,Corporate
11873,15970,Caguas,PR,Puerto Rico,Corporate
11874,20736,Caguas,PR,Puerto Rico,Corporate
11875,20591,Caguas,PR,Puerto Rico,Corporate
11876,18719,San Juan,PR,Puerto Rico,Corporate
11877,15610,Caguas,PR,Puerto Rico,Corporate
11878,15501,Caguas,PR,Puerto Rico,Corporate
11879,15481,Caguas,PR,Puerto Rico,Corporate
11880,15479,Caguas,PR,Puerto Rico,Corporate
11881,18713,Caguas,PR,Puerto Rico,Corporate
11882,15317,Caguas,PR,Puerto Rico,Corporate
11883,1818,Caguas,PR,Puerto Rico,Corporate
11884,15476,Caguas,PR,Puerto Rico,Corporate
11885,15601,Caguas,PR,Puerto Rico,Corporate
11886,18672,Caguas,PR,Puerto Rico,Corporate
11887,15418,Caguas,PR,Puerto Rico,Corporate
11888,18687,Caguas,PR,Puerto Rico,Corporate
11889,15525,Caguas,PR,Puerto Rico,Corporate
11890,15650,Caguas,PR,Puerto Rico,Corporate
11891,5262,Caguas,PR,Puerto Rico,Corporate
11892,10525,Caguas,PR,Puerto Rico,Corporate
11893,12047,Caguas,PR,Puerto Rico,Corporate
11894,5530,Caguas,PR,Puerto Rico,Corporate
11895,8450,Caguas,PR,Puerto Rico,Corporate
11896,3614,Caguas,PR,Puerto Rico,Corporate
11897,1384,Caguas,PR,Puerto Rico,Corporate
11898,17563,Caguas,PR,Puerto Rico,Corporate
11899,19829,Caguas,PR,Puerto Rico,Corporate
11900,19792,Caguas,PR,Puerto Rico,Corporate
11901,17118,Caguas,PR,Puerto Rico,Corporate
11902,17135,Caguas,PR,Puerto Rico,Corporate
11903,17781,Caguas,PR,Puerto Rico,Corporate
11904,18945,Caguas,PR,Puerto Rico,Corporate
11905,19952,Caguas,PR,Puerto Rico,Corporate
11906,16113,Caguas,PR,Puerto Rico,Corporate
11907,20023,Caguas,PR,Puerto Rico,Corporate
11908,17815,Caguas,PR,Puerto Rico,Corporate
11909,20363,Caguas,PR,Puerto Rico,Corporate
11910,18606,Caguas,PR,Puerto Rico,Corporate
11911,15171,Caguas,PR,Puerto Rico,Corporate
11912,20182,Caguas,PR,Puerto Rico,Corporate
11913,15260,Caguas,PR,Puerto Rico,Corporate
11914,15277,Caguas,PR,Puerto Rico,Corporate
11915,16125,San Juan,PR,Puerto Rico,Corporate
11916,15151,Caguas,PR,Puerto Rico,Corporate
11917,17092,Caguas,PR,Puerto Rico,Corporate
11918,15240,Caguas,PR,Puerto Rico,Corporate
11919,15204,Caguas,PR,Puerto Rico,Corporate
11920,18583,Caguas,PR,Puerto Rico,Corporate
11921,18529,Toa Baja,PR,Puerto Rico,Corporate
11922,20286,Caguas,PR,Puerto Rico,Corporate
11923,20196,Caguas,PR,Puerto Rico,Corporate
11924,16266,Caguas,PR,Puerto Rico,Corporate
11925,17753,Caguas,PR,Puerto Rico,Corporate
11926,16337,Caguas,PR,Puerto Rico,Corporate
11927,17807,Caguas,PR,Puerto Rico,Corporate
11928,20356,Caguas,PR,Puerto Rico,Corporate
11929,16317,Caguas,PR,Puerto Rico,Corporate
11930,20372,Caguas,PR,Puerto Rico,Corporate
11931,17050,Caguas,PR,Puerto Rico,Corporate
11932,17032,Caguas,PR,Puerto Rico,Corporate
11933,17876,Caguas,PR,Puerto Rico,Corporate
11934,17229,Caguas,PR,Puerto Rico,Corporate
11935,15252,Caguas,PR,Puerto Rico,Corporate
11936,16315,Caguas,PR,Puerto Rico,Corporate
11937,17857,Caguas,PR,Puerto Rico,Corporate
11938,18271,Caguas,PR,Puerto Rico,Corporate
11939,9947,Caguas,PR,Puerto Rico,Corporate
11940,11266,Caguas,PR,Puerto Rico,Corporate
11941,17686,Caguas,PR,Puerto Rico,Corporate
11942,15994,Caguas,PR,Puerto Rico,Corporate
11943,15992,Caguas,PR,Puerto Rico,Corporate
11944,6382,Caguas,PR,Puerto Rico,Corporate
11945,20629,Caguas,PR,Puerto Rico,Corporate
11946,15519,Caguas,PR,Puerto Rico,Corporate
11947,18660,Caguas,PR,Puerto Rico,Corporate
11948,18728,Caguas,PR,Puerto Rico,Corporate
11949,15397,Caguas,PR,Puerto Rico,Corporate
11950,17173,Caguas,PR,Puerto Rico,Corporate
11951,19918,Caguas,PR,Puerto Rico,Corporate
11952,16111,Caguas,PR,Puerto Rico,Corporate
11953,20164,Caguas,PR,Puerto Rico,Corporate
11954,20250,Caguas,PR,Puerto Rico,Corporate
11955,6627,Aguadilla,PR,Puerto Rico,Corporate
11956,6437,Caguas,PR,Puerto Rico,Corporate
11957,4315,Caguas,PR,Puerto Rico,Corporate
11958,5508,Caguas,PR,Puerto Rico,Corporate
11959,4773,Caguas,PR,Puerto Rico,Corporate
11960,11003,Caguas,PR,Puerto Rico,Corporate
11961,11445,Caguas,PR,Puerto Rico,Corporate
11962,2935,Knoxville,TN,EE. UU.,Consumer
11963,13602,Las Vegas,NV,EE. UU.,Consumer
11964,14744,Austin,TX,EE. UU.,Consumer
11965,14743,Atlanta,GA,EE. UU.,Consumer
11966,4797,Pomona,CA,EE. UU.,Consumer
11967,11473,Elmhurst,IL,EE. UU.,Consumer
11968,12589,Hollywood,FL,EE. UU.,Consumer
11969,12917,Los Angeles,CA,EE. UU.,Consumer
11970,6332,West Covina,CA,EE. UU.,Consumer
11971,50,San Bernardino,CA,EE. UU.,Consumer
11972,966,Los Angeles,CA,EE. UU.,Consumer
11973,7817,West Lafayette,IN,EE. UU.,Consumer
11974,12030,Placentia,CA,EE. UU.,Consumer
11975,6933,Taylor,MI,EE. UU.,Consumer
11976,2690,Philadelphia,PA,EE. UU.,Consumer
11977,7939,South Ozone Park,NY,EE. UU.,Consumer
11978,10418,Brooklyn,NY,EE. UU.,Consumer
11979,2917,San Jose,CA,EE. UU.,Consumer
11980,11030,Fort Lauderdale,FL,EE. UU.,Consumer
11981,2825,Detroit,MI,EE. UU.,Consumer
11982,9826,Carmichael,CA,EE. UU.,Consumer
11983,1855,Santa Cruz,CA,EE. UU.,Consumer
11984,2931,New Braunfels,TX,EE. UU.,Consumer
11985,6530,Chicago,IL,EE. UU.,Consumer
11986,179,Los Angeles,CA,EE. UU.,Consumer
11987,9841,Kaneohe,HI,EE. UU.,Consumer
11988,12421,Middletown,CT,EE. UU.,Consumer
11989,4046,Wyandotte,MI,EE. UU.,Consumer
11990,8441,North Hollywood,CA,EE. UU.,Consumer
11991,7820,Fort Lauderdale,FL,EE. UU.,Consumer
11992,5411,Aurora,CO,EE. UU.,Consumer
11993,930,Mission Viejo,CA,EE. UU.,Consumer
11994,7772,Bronx,NY,EE. UU.,Consumer
11995,6420,Morganton,NC,EE. UU.,Consumer
11996,803,Miami,FL,EE. UU.,Consumer
11997,5903,Antioch,TN,EE. UU.,Consumer
11998,141,Brooklyn,NY,EE. UU.,Consumer
11999,11125,Las Vegas,NV,EE. UU.,Consumer
12000,5702,Tucson,AZ,EE. UU.,Consumer
12001,7205,Carrollton,TX,EE. UU.,Consumer
12002,7310,Saint Charles,MO,EE. UU.,Consumer
12003,420,Round Rock,TX,EE. UU.,Consumer
12004,8858,Los Angeles,CA,EE. UU.,Consumer
12005,2411,Richmond,KY,EE. UU.,Consumer
12006,18053,Long Beach,CA,EE. UU.,Consumer
12007,18088,El Centro,CA,EE. UU.,Consumer
12008,18052,Dallas,TX,EE. UU.,Consumer
12009,19197,Malden,MA,EE. UU.,Consumer
12010,19142,Elyria,OH,EE. UU.,Consumer
12011,16626,Woonsocket,RI,EE. UU.,Consumer
12012,16477,Madison,WI,EE. UU.,Consumer
12013,16493,Aurora,CO,EE. UU.,Consumer
12014,19258,Detroit,MI,EE. UU.,Consumer
12015,19167,Tucson,AZ,EE. UU.,Consumer
12016,16581,West Orange,NJ,EE. UU.,Consumer
12017,16508,Eugene,OR,EE. UU.,Consumer
12018,19219,Los Angeles,CA,EE. UU.,Consumer
12019,16561,Meridian,ID,EE. UU.,Consumer
12020,18809,Madera,CA,EE. UU.,Consumer
12021,15915,Brooklyn,NY,EE. UU.,Consumer
12022,15913,Wheeling,WV,EE. UU.,Consumer
12023,15697,Vacaville,CA,EE. UU.,Consumer
12024,15911,Augusta,GA,EE. UU.,Consumer
12025,18855,Silver Spring,MD,EE. UU.,Consumer
12026,18854,Salt Lake City,UT,EE. UU.,Consumer
12027,15758,Del Rio,TX,EE. UU.,Consumer
12028,15793,Lutz,FL,EE. UU.,Consumer
12029,15828,Los Angeles,CA,EE. UU.,Consumer
12030,15738,Salem,OR,EE. UU.,Consumer
12031,9592,Goose Creek,SC,EE. UU.,Consumer
12032,3467,Pacoima,CA,EE. UU.,Consumer
12033,16039,Longmont,CO,EE. UU.,Consumer
12034,20461,Kent,WA,EE. UU.,Consumer
12035,17737,Chicago,IL,EE. UU.,Consumer
12036,8083,New York,NY,EE. UU.,Consumer
12037,5947,Phoenix,AZ,EE. UU.,Consumer
12038,17376,Mesquite,TX,EE. UU.,Consumer
12039,17626,Yuma,AZ,EE. UU.,Consumer
12040,20602,Hamtramck,MI,EE. UU.,Consumer
12041,6148,Los Angeles,CA,EE. UU.,Consumer
12042,17464,Fayetteville,NC,EE. UU.,Consumer
12043,18312,Dallas,TX,EE. UU.,Consumer
12044,17936,Gardena,CA,EE. UU.,Consumer
12045,20455,San Jose,CA,EE. UU.,Consumer
12046,17693,San Diego,CA,EE. UU.,Consumer
12047,20597,Huntington Station,NY,EE. UU.,Consumer
12048,18415,Placentia,CA,EE. UU.,Consumer
12049,20686,San Jose,CA,EE. UU.,Consumer
12050,18414,Pasadena,MD,EE. UU.,Consumer
12051,20379,New York,NY,EE. UU.,Consumer
12052,10338,Chicago,IL,EE. UU.,Consumer
12053,18882,Orlando,FL,EE. UU.,Consumer
12054,17742,Fremont,CA,EE. UU.,Consumer
12055,3032,Jacksonville,NC,EE. UU.,Consumer
12056,20646,Bloomfield,NJ,EE. UU.,Consumer
12057,18501,New Bedford,MA,EE. UU.,Consumer
12058,17365,Riverside,CA,EE. UU.,Consumer
12059,17981,El Monte,CA,EE. UU.,Consumer
12060,20700,Augusta,GA,EE. UU.,Consumer
12061,18410,Detroit,MI,EE. UU.,Consumer
12062,5611,Virginia Beach,VA,EE. UU.,Consumer
12063,2726,Annapolis,MD,EE. UU.,Consumer
12064,15410,Chicago,IL,EE. UU.,Consumer
12065,15355,Raleigh,NC,EE. UU.,Consumer
12066,15445,North Tonawanda,NY,EE. UU.,Consumer
12067,15444,Salina,KS,EE. UU.,Consumer
12068,15335,Honolulu,HI,EE. UU.,Consumer
12069,15333,Waukegan,IL,EE. UU.,Consumer
12070,15584,Lynwood,CA,EE. UU.,Consumer
12071,15654,Staten Island,NY,EE. UU.,Consumer
12072,15508,Hampton,VA,EE. UU.,Consumer
12073,18706,Fargo,ND,EE. UU.,Consumer
12074,15648,Washington,DC,EE. UU.,Consumer
12075,10716,Lancaster,OH,EE. UU.,Consumer
12076,2967,Hollywood,FL,EE. UU.,Consumer
12077,3057,Chicago,IL,EE. UU.,Consumer
12078,669,San Jose,CA,EE. UU.,Consumer
12079,5365,Miami,FL,EE. UU.,Consumer
12080,10828,Tallahassee,FL,EE. UU.,Consumer
12081,8631,Marietta,GA,EE. UU.,Consumer
12082,10915,Dorchester Center,MA,EE. UU.,Consumer
12083,20081,Chicago,IL,EE. UU.,Consumer
12084,16115,New York,NY,EE. UU.,Consumer
12085,20115,Los Angeles,CA,EE. UU.,Consumer
12086,19970,Gardena,CA,EE. UU.,Consumer
12087,18625,Catonsville,MD,EE. UU.,Consumer
12088,17078,Greensboro,NC,EE. UU.,Consumer
12089,19014,Kent,WA,EE. UU.,Consumer
12090,18906,Normal,IL,EE. UU.,Consumer
12091,19012,Dallas,TX,EE. UU.,Consumer
12092,17075,Methuen,MA,EE. UU.,Consumer
12093,17847,Harvey,IL,EE. UU.,Consumer
12094,17883,Fullerton,CA,EE. UU.,Consumer
12095,18567,La Mesa,CA,EE. UU.,Consumer
12096,16251,Bloomfield,NJ,EE. UU.,Consumer
12097,17828,Phoenix,AZ,EE. UU.,Consumer
12098,15186,Bowling Green,KY,EE. UU.,Consumer
12099,15150,Gilroy,CA,EE. UU.,Consumer
12100,17827,Denver,CO,EE. UU.,Consumer
12101,18565,Encinitas,CA,EE. UU.,Consumer
12102,16104,Salem,OR,EE. UU.,Consumer
12103,20357,Ypsilanti,MI,EE. UU.,Consumer
12104,17177,Salina,KS,EE. UU.,Consumer
12105,20157,Brooklyn,NY,EE. UU.,Consumer
12106,18633,Longmont,CO,EE. UU.,Consumer
12107,16154,Las Vegas,NV,EE. UU.,Consumer
12108,20190,Bridgeton,NJ,EE. UU.,Consumer
12109,19992,Brooklyn,NY,EE. UU.,Consumer
12110,18131,Mission Viejo,CA,EE. UU.,Consumer
12111,18084,Compton,CA,EE. UU.,Consumer
12112,19259,Lockport,NY,EE. UU.,Consumer
12113,19109,Tonawanda,NY,EE. UU.,Consumer
12114,18848,Tempe,AZ,EE. UU.,Consumer
12115,9222,Fayetteville,NC,EE. UU.,Consumer
12116,8301,Baltimore,MD,EE. UU.,Consumer
12117,20409,Houston,TX,EE. UU.,Consumer
12118,11291,Brooklyn,NY,EE. UU.,Consumer
12119,18313,Martinsburg,WV,EE. UU.,Consumer
12120,18400,Hialeah,FL,EE. UU.,Consumer
12121,15580,Hialeah,FL,EE. UU.,Consumer
12122,10035,Lansdale,PA,EE. UU.,Consumer
12123,17887,Saint Peters,MO,EE. UU.,Consumer
12124,18639,Hollywood,FL,EE. UU.,Consumer
12125,19957,Fort Lauderdale,FL,EE. UU.,Consumer
12126,3874,Moreno Valley,CA,EE. UU.,Consumer
12127,7666,Pharr,TX,EE. UU.,Consumer
12128,4023,Round Rock,TX,EE. UU.,Consumer
12129,1192,Washington,PA,EE. UU.,Consumer
12130,1494,Bend,OR,EE. UU.,Consumer
12131,1519,San Diego,CA,EE. UU.,Consumer
12132,10112,Harvey,IL,EE. UU.,Consumer
12133,3213,Pekin,IL,EE. UU.,Consumer
12134,7516,Lynnwood,WA,EE. UU.,Consumer
12135,3988,Ballwin,MO,EE. UU.,Consumer
12136,11334,Quincy,MA,EE. UU.,Consumer
12137,7682,Brooklyn,NY,EE. UU.,Consumer
12138,2167,Los Angeles,CA,EE. UU.,Consumer
12139,3322,Del Rio,TX,EE. UU.,Consumer
12140,3967,Saint Paul,MN,EE. UU.,Consumer
12141,7581,Reno,NV,EE. UU.,Consumer
12142,8728,Raleigh,NC,EE. UU.,Consumer
12143,11547,Escondido,CA,EE. UU.,Consumer
12144,7300,New Bedford,MA,EE. UU.,Consumer
12145,10532,Columbus,OH,EE. UU.,Consumer
12146,3572,La Crosse,WI,EE. UU.,Consumer
12147,218,La Puente,CA,EE. UU.,Consumer
12148,8353,Mililani,HI,EE. UU.,Consumer
12149,9577,Columbia,TN,EE. UU.,Consumer
12150,1625,Chicago,IL,EE. UU.,Consumer
12151,12292,Spring Valley,CA,EE. UU.,Consumer
12152,68,Peoria,AZ,EE. UU.,Consumer
12153,1322,Memphis,TN,EE. UU.,Consumer
12154,1515,Massapequa,NY,EE. UU.,Consumer
12155,5669,Cerritos,CA,EE. UU.,Consumer
12156,11396,Hamilton,OH,EE. UU.,Consumer
12157,1313,Antioch,TN,EE. UU.,Consumer
12158,4189,Los Angeles,CA,EE. UU.,Consumer
12159,448,Modesto,CA,EE. UU.,Consumer
12160,99,Las Vegas,NV,EE. UU.,Consumer
12161,4217,Greenville,NC,EE. UU.,Consumer
12162,8504,Virginia Beach,VA,EE. UU.,Consumer
12163,9221,San Bernardino,CA,EE. UU.,Consumer
12164,48,Strongsville,OH,EE. UU.,Consumer
12165,2346,Mesquite,TX,EE. UU.,Consumer
12166,4353,Clementon,NJ,EE. UU.,Consumer
12167,1949,Washington,DC,EE. UU.,Consumer
12168,3409,Philadelphia,PA,EE. UU.,Consumer
12169,8636,Rome,NY,EE. UU.,Consumer
12170,5899,Brooklyn,NY,EE. UU.,Consumer
12171,10728,West Orange,NJ,EE. UU.,Consumer
12172,11598,Marietta,GA,EE. UU.,Consumer
12173,2193,Moline,IL,EE. UU.,Consumer
12174,11638,Brentwood,NY,EE. UU.,Consumer
12175,11762,Tampa,FL,EE. UU.,Consumer
12176,9439,Columbia,SC,EE. UU.,Consumer
12177,6077,Memphis,TN,EE. UU.,Consumer
12178,1301,Cerritos,CA,EE. UU.,Consumer
12179,14575,Los Angeles,CA,EE. UU.,Consumer
12180,14111,Sugar Land,TX,EE. UU.,Consumer
12181,13254,San Diego,CA,EE. UU.,Consumer
12182,13470,Merced,CA,EE. UU.,Consumer
12183,14325,Smyrna,GA,EE. UU.,Consumer
12184,14475,Brentwood,NY,EE. UU.,Consumer
12185,14563,Honolulu,HI,EE. UU.,Consumer
12186,13441,Brooklyn,NY,EE. UU.,Consumer
12187,14433,Hanford,CA,EE. UU.,Consumer
12188,13788,Lawrence,MA,EE. UU.,Consumer
12189,3245,Hayward,CA,EE. UU.,Consumer
12190,11069,Bronx,NY,EE. UU.,Consumer
12191,10539,Hollister,CA,EE. UU.,Consumer
12192,13957,Hawthorne,CA,EE. UU.,Consumer
12193,9246,Greensboro,NC,EE. UU.,Consumer
12194,12747,Austin,TX,EE. UU.,Consumer
12195,14809,Goose Creek,SC,EE. UU.,Consumer
12196,8542,Rowland Heights,CA,EE. UU.,Consumer
12197,12542,Napa,CA,EE. UU.,Consumer
12198,12540,Saint Paul,MN,EE. UU.,Consumer
12199,12587,Richmond,TX,EE. UU.,Consumer
12200,12898,Newark,NJ,EE. UU.,Consumer
12201,13127,Stafford,VA,EE. UU.,Consumer
12202,14580,Kenner,LA,EE. UU.,Consumer
12203,13060,Oceanside,CA,EE. UU.,Consumer
12204,9985,Philadelphia,PA,EE. UU.,Consumer
12205,62,Brooklyn,NY,EE. UU.,Consumer
12206,12721,Lancaster,CA,EE. UU.,Consumer
12207,12586,Union,NJ,EE. UU.,Consumer
12208,6438,Cincinnati,OH,EE. UU.,Consumer
12209,6676,Milwaukee,WI,EE. UU.,Consumer
12210,10730,Miami,FL,EE. UU.,Consumer
12211,9334,Tampa,FL,EE. UU.,Consumer
12212,5758,Huntington Beach,CA,EE. UU.,Consumer
12213,10050,Lockport,NY,EE. UU.,Consumer
12214,12098,San Jose,CA,EE. UU.,Consumer
12215,9470,Hanford,CA,EE. UU.,Consumer
12216,7896,Lindenhurst,NY,EE. UU.,Consumer
12217,2401,Union City,CA,EE. UU.,Consumer
12218,5233,Houston,TX,EE. UU.,Consumer
12219,747,Paramount,CA,EE. UU.,Consumer
12220,18041,Wichita,KS,EE. UU.,Consumer
12221,19064,Fontana,CA,EE. UU.,Consumer
12222,19097,Massillon,OH,EE. UU.,Consumer
12223,6501,Fairfield,OH,EE. UU.,Consumer
12224,7577,North Richland Hills,TX,EE. UU.,Consumer
12225,17943,Las Cruces,NM,EE. UU.,Consumer
12226,4571,San Pedro,CA,EE. UU.,Consumer
12227,8064,Oxnard,CA,EE. UU.,Consumer
12228,17458,Carmichael,CA,EE. UU.,Consumer
12229,17296,Chino,CA,EE. UU.,Consumer
12230,2172,West Haven,CT,EE. UU.,Consumer
12231,20645,Pomona,CA,EE. UU.,Consumer
12232,237,San Jose,CA,EE. UU.,Consumer
12233,15303,Van Nuys,CA,EE. UU.,Consumer
12234,15528,Albuquerque,NM,EE. UU.,Consumer
12235,15325,Hialeah,FL,EE. UU.,Consumer
12236,8389,Perth Amboy,NJ,EE. UU.,Consumer
12237,8566,Brooklyn,NY,EE. UU.,Consumer
12238,17528,Salem,OR,EE. UU.,Consumer
12239,16114,Brooklyn,NY,EE. UU.,Consumer
12240,20346,Orlando,FL,EE. UU.,Consumer
12241,20345,San Antonio,TX,EE. UU.,Consumer
12242,17130,Austin,TX,EE. UU.,Consumer
12243,16289,South Richmond Hill,NY,EE. UU.,Consumer
12244,16249,Brooklyn,NY,EE. UU.,Consumer
12245,16230,Manchester,CT,EE. UU.,Consumer
12246,20010,San Francisco,CA,EE. UU.,Consumer
12247,18443,Madera,CA,EE. UU.,Consumer
12248,15944,Escondido,CA,EE. UU.,Consumer
12249,17656,Oceanside,CA,EE. UU.,Consumer
12250,17674,Brooklyn,NY,EE. UU.,Consumer
12251,16296,San Antonio,TX,EE. UU.,Consumer
12252,19967,San Diego,CA,EE. UU.,Consumer
12253,17053,Brooklyn,NY,EE. UU.,Consumer
12254,9309,Princeton,NJ,EE. UU.,Consumer
12255,3386,Laredo,TX,EE. UU.,Consumer
12256,8040,Paramount,CA,EE. UU.,Consumer
12257,4918,Hickory,NC,EE. UU.,Consumer
12258,6534,Massillon,OH,EE. UU.,Consumer
12259,6938,Albuquerque,NM,EE. UU.,Consumer
12260,2165,Louisville,KY,EE. UU.,Consumer
12261,7539,Canyon Country,CA,EE. UU.,Consumer
12262,4721,Chicago,IL,EE. UU.,Consumer
12263,3016,Denver,CO,EE. UU.,Consumer
12264,5823,Lancaster,PA,EE. UU.,Consumer
12265,910,Hilliard,OH,EE. UU.,Consumer
12266,9963,Brownsville,TX,EE. UU.,Consumer
12267,399,Las Vegas,NV,EE. UU.,Consumer
12268,9550,Dallas,TX,EE. UU.,Consumer
12269,7137,Daly City,CA,EE. UU.,Consumer
12270,9996,La Habra,CA,EE. UU.,Consumer
12271,3118,Jacksonville,NC,EE. UU.,Corporate
12272,1256,West Covina,CA,EE. UU.,Corporate
12273,7899,Bowling Green,KY,EE. UU.,Corporate
12274,2818,Michigan City,IN,EE. UU.,Corporate
12275,10463,Lancaster,PA,EE. UU.,Corporate
12276,6495,San Bernardino,CA,EE. UU.,Corporate
12277,144,Bronx,NY,EE. UU.,Corporate
12278,6640,Eugene,OR,EE. UU.,Corporate
12279,13292,Fountain Valley,CA,EE. UU.,Corporate
12280,14686,New York,NY,EE. UU.,Corporate
12281,8164,Carrollton,TX,EE. UU.,Corporate
12282,13131,Roswell,NM,EE. UU.,Corporate
12283,13454,Metairie,LA,EE. UU.,Corporate
12284,14413,Los Angeles,CA,EE. UU.,Corporate
12285,14520,Compton,CA,EE. UU.,Corporate
12286,13019,San Marcos,TX,EE. UU.,Corporate
12287,14181,Rowland Heights,CA,EE. UU.,Corporate
12288,13126,Salt Lake City,UT,EE. UU.,Corporate
12289,14534,Raleigh,NC,EE. UU.,Corporate
12290,14659,Virginia Beach,VA,EE. UU.,Corporate
12291,14376,Albuquerque,NM,EE. UU.,Corporate
12292,13087,Santa Fe,NM,EE. UU.,Corporate
12293,14085,New Brunswick,NJ,EE. UU.,Corporate
12294,14247,Detroit,MI,EE. UU.,Corporate
12295,14457,West Jordan,UT,EE. UU.,Corporate
12296,13426,Merced,CA,EE. UU.,Corporate
12297,13389,Philadelphia,PA,EE. UU.,Corporate
12298,13388,Hesperia,CA,EE. UU.,Corporate
12299,13118,Salinas,CA,EE. UU.,Corporate
12300,14064,Phoenix,AZ,EE. UU.,Corporate
12301,13495,Jacksonville,FL,EE. UU.,Corporate
12302,13530,Bloomfield,NJ,EE. UU.,Corporate
12303,14386,New Bedford,MA,EE. UU.,Corporate
12304,14116,Bloomfield,NJ,EE. UU.,Corporate
12305,14186,La Mesa,CA,EE. UU.,Corporate
12306,14114,West Chester,PA,EE. UU.,Corporate
12307,14595,North Richland Hills,TX,EE. UU.,Corporate
12308,4923,Aurora,IL,EE. UU.,Corporate
12309,362,Diamond Bar,CA,EE. UU.,Corporate
12310,13699,Ontario,CA,EE. UU.,Corporate
12311,13555,North Richland Hills,TX,EE. UU.,Corporate
12312,12761,Washington,DC,EE. UU.,Corporate
12313,12815,Wyandotte,MI,EE. UU.,Corporate
12314,1549,Oregon City,OR,EE. UU.,Corporate
12315,13949,North Hills,CA,EE. UU.,Corporate
12316,13985,Oregon City,OR,EE. UU.,Corporate
12317,5057,Indianapolis,IN,EE. UU.,Corporate
12318,13876,Bakersfield,CA,EE. UU.,Corporate
12319,11304,Santa Cruz,CA,EE. UU.,Corporate
12320,13713,Beloit,WI,EE. UU.,Corporate
12321,10985,Strongsville,OH,EE. UU.,Corporate
12322,12775,Long Beach,CA,EE. UU.,Corporate
12323,13910,Milpitas,CA,EE. UU.,Corporate
12324,10266,Cleveland,OH,EE. UU.,Corporate
12325,14796,San Antonio,TX,EE. UU.,Corporate
12326,756,Peabody,MA,EE. UU.,Corporate
12327,12750,Milwaukee,WI,EE. UU.,Corporate
12328,6842,San Diego,CA,EE. UU.,Corporate
12329,13558,Pico Rivera,CA,EE. UU.,Corporate
12330,9672,Meridian,ID,EE. UU.,Corporate
12331,13539,Mentor,OH,EE. UU.,Corporate
12332,9233,Des Plaines,IL,EE. UU.,Corporate
12333,13556,Danbury,CT,EE. UU.,Corporate
12334,10304,Chicago,IL,EE. UU.,Corporate
12335,11427,Huntington Park,CA,EE. UU.,Corporate
12336,654,Orange Park,FL,EE. UU.,Corporate
12337,12451,Fontana,CA,EE. UU.,Corporate
12338,12629,Gaithersburg,MD,EE. UU.,Corporate
12339,12700,Goleta,CA,EE. UU.,Corporate
12340,12482,Freeport,NY,EE. UU.,Corporate
12341,12554,Ogden,UT,EE. UU.,Corporate
12342,12517,Ithaca,NY,EE. UU.,Corporate
12343,12444,Lawrence,MA,EE. UU.,Corporate
12344,12569,Brooklyn,NY,EE. UU.,Corporate
12345,12639,Phoenix,AZ,EE. UU.,Corporate
12346,12727,Bristol,CT,EE. UU.,Corporate
12347,12493,Baltimore,MD,EE. UU.,Corporate
12348,12743,Baltimore,MD,EE. UU.,Corporate
12349,12508,Vista,CA,EE. UU.,Corporate
12350,12562,Amarillo,TX,EE. UU.,Corporate
12351,12454,Martinez,CA,EE. UU.,Corporate
12352,12544,Bronx,NY,EE. UU.,Corporate
12353,12950,La Habra,CA,EE. UU.,Corporate
12354,14972,Los Angeles,CA,EE. UU.,Corporate
12355,12927,Henderson,NV,EE. UU.,Corporate
12356,12889,Lancaster,SC,EE. UU.,Corporate
12357,15107,Portland,OR,EE. UU.,Corporate
12358,7760,New Orleans,LA,EE. UU.,Corporate
12359,2082,Norcross,GA,EE. UU.,Corporate
12360,9015,Tampa,FL,EE. UU.,Corporate
12361,6381,Roseville,MI,EE. UU.,Corporate
12362,10246,Bronx,NY,EE. UU.,Corporate
12363,11831,North Las Vegas,NV,EE. UU.,Corporate
12364,11918,Brooklyn,NY,EE. UU.,Corporate
12365,2024,Poway,CA,EE. UU.,Corporate
12366,157,Citrus Heights,CA,EE. UU.,Corporate
12367,5029,Honolulu,HI,EE. UU.,Corporate
12368,903,San Jose,CA,EE. UU.,Corporate
12369,7238,Honolulu,HI,EE. UU.,Corporate
12370,7332,Fond Du Lac,WI,EE. UU.,Corporate
12371,1217,Chicago,IL,EE. UU.,Corporate
12372,1866,Buffalo,NY,EE. UU.,Corporate
12373,5816,Chicago,IL,EE. UU.,Corporate
12374,5512,Endicott,NY,EE. UU.,Corporate
12375,5428,La Crosse,WI,EE. UU.,Corporate
12376,7085,Longview,WA,EE. UU.,Corporate
12377,11351,Tempe,AZ,EE. UU.,Corporate
12378,10354,Tucson,AZ,EE. UU.,Corporate
12379,8568,Escondido,CA,EE. UU.,Corporate
12380,4285,Compton,CA,EE. UU.,Corporate
12381,19235,Brooklyn,NY,EE. UU.,Corporate
12382,17471,Jacksonville,NC,EE. UU.,Corporate
12383,20653,Rowland Heights,CA,EE. UU.,Corporate
12384,1061,Norcross,GA,EE. UU.,Corporate
12385,18582,La Mesa,CA,EE. UU.,Corporate
12386,18046,Denver,CO,EE. UU.,Corporate
12387,18240,Escondido,CA,EE. UU.,Corporate
12388,18269,Olathe,KS,EE. UU.,Corporate
12389,18268,Brooklyn,NY,EE. UU.,Corporate
12390,19053,Round Rock,TX,EE. UU.,Corporate
12391,16484,Lockport,IL,EE. UU.,Corporate
12392,19050,New York,NY,EE. UU.,Corporate
12393,19247,Greenville,NC,EE. UU.,Corporate
12394,16402,Brooklyn,NY,EE. UU.,Corporate
12395,19094,Pawtucket,RI,EE. UU.,Corporate
12396,19146,Elgin,IL,EE. UU.,Corporate
12397,16523,Los Angeles,CA,EE. UU.,Corporate
12398,15862,Fort Lauderdale,FL,EE. UU.,Corporate
12399,18826,Pompano Beach,FL,EE. UU.,Corporate
12400,15716,Pawtucket,RI,EE. UU.,Corporate
12401,15860,Clementon,NJ,EE. UU.,Corporate
12402,15858,Atlanta,GA,EE. UU.,Corporate
12403,18750,Los Angeles,CA,EE. UU.,Corporate
12404,15888,Hialeah,FL,EE. UU.,Corporate
12405,18816,Irving,TX,EE. UU.,Corporate
12406,8035,Pacoima,CA,EE. UU.,Corporate
12407,9460,Fairfield,OH,EE. UU.,Corporate
12408,17327,Long Beach,CA,EE. UU.,Corporate
12409,20626,San Pedro,CA,EE. UU.,Corporate
12410,20464,Las Vegas,NV,EE. UU.,Corporate
12411,20445,Ogden,UT,EE. UU.,Corporate
12412,6042,El Paso,TX,EE. UU.,Corporate
12413,17905,Danbury,CT,EE. UU.,Corporate
12414,18317,Kailua,HI,EE. UU.,Corporate
12415,16002,Chicago,IL,EE. UU.,Corporate
12416,18877,Columbia,MO,EE. UU.,Corporate
12417,17343,Scottsdale,AZ,EE. UU.,Corporate
12418,15965,Endicott,NY,EE. UU.,Corporate
12419,8449,Pompano Beach,FL,EE. UU.,Corporate
12420,18297,Henrico,VA,EE. UU.,Corporate
12421,18332,Salem,OR,EE. UU.,Corporate
12422,20711,Stone Mountain,GA,EE. UU.,Corporate
12423,16034,Tucson,AZ,EE. UU.,Corporate
12424,16016,Palatine,IL,EE. UU.,Corporate
12425,15998,Annandale,VA,EE. UU.,Corporate
12426,20728,Chula Vista,CA,EE. UU.,Corporate
12427,17501,Hamtramck,MI,EE. UU.,Corporate
12428,20601,Washington,DC,EE. UU.,Corporate
12429,17462,Albuquerque,NM,EE. UU.,Corporate
12430,2832,Honolulu,HI,EE. UU.,Corporate
12431,20472,New Braunfels,TX,EE. UU.,Corporate
12432,18023,Atlanta,GA,EE. UU.,Corporate
12433,17951,Chicago,IL,EE. UU.,Corporate
12434,20525,Cleveland,OH,EE. UU.,Corporate
12435,15938,Antioch,CA,EE. UU.,Corporate
12436,8956,Salina,KS,EE. UU.,Corporate
12437,16010,Salt Lake City,UT,EE. UU.,Corporate
12438,466,Bronx,NY,EE. UU.,Corporate
12439,17984,Martinsburg,WV,EE. UU.,Corporate
12440,17512,Riverside,CA,EE. UU.,Corporate
12441,1376,Brooklyn,NY,EE. UU.,Corporate
12442,8601,Lutz,FL,EE. UU.,Corporate
12443,20627,Washington,DC,EE. UU.,Corporate
12444,12148,Tempe,AZ,EE. UU.,Corporate
12445,15395,Chicago,IL,EE. UU.,Corporate
12446,15646,Escondido,CA,EE. UU.,Corporate
12447,15609,Daly City,CA,EE. UU.,Corporate
12448,15375,Morrisville,PA,EE. UU.,Corporate
12449,15478,Orange Park,FL,EE. UU.,Corporate
12450,15658,Lakewood,NJ,EE. UU.,Corporate
12451,18673,Los Angeles,CA,EE. UU.,Corporate
12452,15546,Irwin,PA,EE. UU.,Corporate
12453,18688,Huntington Beach,CA,EE. UU.,Corporate
12454,15562,Fountain Valley,CA,EE. UU.,Corporate
12455,18723,Compton,CA,EE. UU.,Corporate
12456,15651,El Paso,TX,EE. UU.,Corporate
12457,15416,Marietta,GA,EE. UU.,Corporate
12458,4365,Mission Viejo,CA,EE. UU.,Corporate
12459,721,Lancaster,SC,EE. UU.,Corporate
12460,17592,Apex,NC,EE. UU.,Corporate
12461,19793,Hamilton,OH,EE. UU.,Corporate
12462,16314,Orlando,FL,EE. UU.,Corporate
12463,18947,Eugene,OR,EE. UU.,Corporate
12464,17782,Phoenix,AZ,EE. UU.,Corporate
12465,19953,Aurora,CO,EE. UU.,Corporate
12466,17171,CA,95758,EE. UU.,Corporate
12467,20223,Tucson,AZ,EE. UU.,Corporate
12468,17853,Chicago,IL,EE. UU.,Corporate
12469,17080,Doylestown,PA,EE. UU.,Corporate
12470,20238,North Hollywood,CA,EE. UU.,Corporate
12471,17132,Tustin,CA,EE. UU.,Corporate
12472,19806,San Antonio,TX,EE. UU.,Corporate
12473,20022,Far Rockaway,NY,EE. UU.,Corporate
12474,19931,Wyandotte,MI,EE. UU.,Corporate
12475,20165,South Ozone Park,NY,EE. UU.,Corporate
12476,20021,South San Francisco,CA,EE. UU.,Corporate
12477,15172,Mount Pleasant,MI,EE. UU.,Corporate
12478,16236,Germantown,MD,EE. UU.,Corporate
12479,19787,Piscataway,NJ,EE. UU.,Corporate
12480,19768,Visalia,CA,EE. UU.,Corporate
12481,18941,El Paso,TX,EE. UU.,Corporate
12482,17094,Dallas,TX,EE. UU.,Corporate
12483,18569,Washington,DC,EE. UU.,Corporate
12484,16361,Brooklyn,NY,EE. UU.,Corporate
12485,20019,Modesto,CA,EE. UU.,Corporate
12486,15259,Chicago,IL,EE. UU.,Corporate
12487,19998,Mission Viejo,CA,EE. UU.,Corporate
12488,20016,Morrisville,PA,EE. UU.,Corporate
12489,18899,Los Angeles,CA,EE. UU.,Corporate
12490,15146,Albuquerque,NM,EE. UU.,Corporate
12491,16336,Moline,IL,EE. UU.,Corporate
12492,20283,Lilburn,GA,EE. UU.,Corporate
12493,15289,Fullerton,CA,EE. UU.,Corporate
12494,18561,Aurora,CO,EE. UU.,Corporate
12495,18915,Palo Alto,CA,EE. UU.,Corporate
12496,16334,Martinsburg,WV,EE. UU.,Corporate
12497,16100,Virginia Beach,VA,EE. UU.,Corporate
12498,17858,Fountain Valley,CA,EE. UU.,Corporate
12499,15251,Lakewood,NJ,EE. UU.,Corporate
12500,273,Jamaica,NY,EE. UU.,Corporate
12501,3805,Quincy,MA,EE. UU.,Corporate
12502,677,Waukegan,IL,EE. UU.,Corporate
12503,4004,Pacoima,CA,EE. UU.,Corporate
12504,3007,Chicago,IL,EE. UU.,Corporate
12505,7773,La Crosse,WI,EE. UU.,Corporate
12506,4577,Arlington,VA,EE. UU.,Corporate
12507,11022,Bronx,NY,EE. UU.,Corporate
12508,11577,Ypsilanti,MI,EE. UU.,Corporate
12509,885,Chesapeake,VA,EE. UU.,Corporate
12510,11152,Mchenry,IL,EE. UU.,Corporate
12511,11854,New York,NY,EE. UU.,Corporate
12512,10004,Saginaw,MI,EE. UU.,Corporate
12513,12353,Hollywood,FL,EE. UU.,Corporate
12514,9873,Chesapeake,VA,EE. UU.,Corporate
12515,2206,Lancaster,CA,EE. UU.,Corporate
12516,11188,New York,NY,EE. UU.,Corporate
12517,3564,North Las Vegas,NV,EE. UU.,Corporate
12518,7275,Billings,MT,EE. UU.,Corporate
12519,6026,Las Vegas,NV,EE. UU.,Corporate
12520,10058,Mechanicsburg,PA,EE. UU.,Corporate
12521,4271,Carmichael,CA,EE. UU.,Corporate
12522,11467,Fontana,CA,EE. UU.,Corporate
12523,4886,Newark,NJ,EE. UU.,Corporate
12524,8894,Chino,CA,EE. UU.,Corporate
12525,9064,Philadelphia,PA,EE. UU.,Corporate
12526,14620,Hollister,CA,EE. UU.,Corporate
12527,14581,Tempe,AZ,EE. UU.,Corporate
12528,14136,Los Angeles,CA,EE. UU.,Corporate
12529,13439,Ann Arbor,MI,EE. UU.,Corporate
12530,7131,San Diego,CA,EE. UU.,Corporate
12531,9566,Pacoima,CA,EE. UU.,Corporate
12532,13874,Mesa,AZ,EE. UU.,Corporate
12533,14034,Rego Park,NY,EE. UU.,Corporate
12534,12820,Las Vegas,NV,EE. UU.,Corporate
12535,3991,Morristown,NJ,EE. UU.,Corporate
12536,12537,Dorchester Center,MA,EE. UU.,Corporate
12537,14693,Milwaukee,WI,EE. UU.,Corporate
12538,5734,Fort Lauderdale,FL,EE. UU.,Corporate
12539,3651,San Antonio,TX,EE. UU.,Corporate
12540,8036,San Francisco,CA,EE. UU.,Corporate
12541,18227,Los Angeles,CA,EE. UU.,Corporate
12542,18110,Lancaster,OH,EE. UU.,Corporate
12543,16628,New York,NY,EE. UU.,Corporate
12544,19080,Brooklyn,NY,EE. UU.,Corporate
12545,19240,Phoenix,AZ,EE. UU.,Corporate
12546,18807,Los Angeles,CA,EE. UU.,Corporate
12547,11205,Miami,FL,EE. UU.,Corporate
12548,17525,Webster,NY,EE. UU.,Corporate
12549,17283,Memphis,TN,EE. UU.,Corporate
12550,17658,Rancho Cordova,CA,EE. UU.,Corporate
12551,17298,Marietta,GA,EE. UU.,Corporate
12552,6062,Marietta,GA,EE. UU.,Corporate
12553,17553,Buffalo,NY,EE. UU.,Corporate
12554,17532,Long Beach,CA,EE. UU.,Corporate
12555,20333,Miami,FL,EE. UU.,Corporate
12556,15268,Honolulu,HI,EE. UU.,Corporate
12557,20338,Chicago,IL,EE. UU.,Corporate
12558,20028,Eugene,OR,EE. UU.,Corporate
12559,17479,Elgin,IL,EE. UU.,Corporate
12560,17478,Corona,NY,EE. UU.,Corporate
12561,5080,Houston,TX,EE. UU.,Corporate
12562,1041,Los Angeles,CA,EE. UU.,Corporate
12563,7556,New York,NY,EE. UU.,Corporate
12564,6189,Long Beach,CA,EE. UU.,Corporate
12565,11051,San Jose,CA,EE. UU.,Corporate
12566,10394,Chicago,IL,EE. UU.,Corporate
12567,6841,Los Angeles,CA,EE. UU.,Corporate
12568,2599,Livermore,CA,EE. UU.,Corporate
12569,13109,Chula Vista,CA,EE. UU.,Corporate
12570,13162,Mililani,HI,EE. UU.,Corporate
12571,13036,Bend,OR,EE. UU.,Corporate
12572,13161,San Bernardino,CA,EE. UU.,Corporate
12573,14622,Los Angeles,CA,EE. UU.,Corporate
12574,14355,Fort Worth,TX,EE. UU.,Corporate
12575,14493,Bountiful,UT,EE. UU.,Corporate
12576,12975,Ventura,CA,EE. UU.,Corporate
12577,14098,Bronx,NY,EE. UU.,Corporate
12578,12988,Los Angeles,CA,EE. UU.,Corporate
12579,12970,Baldwin Park,CA,EE. UU.,Corporate
12580,13608,Waukegan,IL,EE. UU.,Corporate
12581,14787,Houston,TX,EE. UU.,Corporate
12582,13768,Baltimore,MD,EE. UU.,Corporate
12583,14786,West Haven,CT,EE. UU.,Corporate
12584,2503,Canyon Country,CA,EE. UU.,Corporate
12585,12757,Ann Arbor,MI,EE. UU.,Corporate
12586,11779,Rowland Heights,CA,EE. UU.,Corporate
12587,13817,Campbell,CA,EE. UU.,Corporate
12588,5597,Olathe,KS,EE. UU.,Corporate
12589,13682,Everett,WA,EE. UU.,Corporate
12590,12339,Honolulu,HI,EE. UU.,Corporate
12591,12595,Corona,NY,EE. UU.,Corporate
12592,12694,Philadelphia,PA,EE. UU.,Corporate
12593,12655,Denver,CO,EE. UU.,Corporate
12594,12438,Littleton,CO,EE. UU.,Corporate
12595,12953,Brooklyn,NY,EE. UU.,Corporate
12596,15118,Roseburg,OR,EE. UU.,Corporate
12597,15095,Glen Burnie,MD,EE. UU.,Corporate
12598,12944,Rancho Cordova,CA,EE. UU.,Corporate
12599,15089,Atlanta,GA,EE. UU.,Corporate
12600,14304,Far Rockaway,NY,EE. UU.,Corporate
12601,2369,Findlay,OH,EE. UU.,Corporate
12602,12756,Chicago,IL,EE. UU.,Corporate
12603,12501,Princeton,NJ,EE. UU.,Corporate
12604,12608,Chino,CA,EE. UU.,Corporate
12605,12669,Glendale,AZ,EE. UU.,Corporate
12606,10199,Miami,FL,EE. UU.,Corporate
12607,1945,Rego Park,NY,EE. UU.,Corporate
12608,11483,Piscataway,NJ,EE. UU.,Corporate
12609,18096,Baltimore,MD,EE. UU.,Corporate
12610,18091,Los Angeles,CA,EE. UU.,Corporate
12611,18160,New Orleans,LA,EE. UU.,Corporate
12612,18067,Houston,TX,EE. UU.,Corporate
12613,19195,Tucson,AZ,EE. UU.,Corporate
12614,16392,Stockbridge,GA,EE. UU.,Corporate
12615,16391,Yonkers,NY,EE. UU.,Corporate
12616,19117,Los Angeles,CA,EE. UU.,Corporate
12617,19045,Rancho Cucamonga,CA,EE. UU.,Corporate
12618,19099,Tinley Park,IL,EE. UU.,Corporate
12619,16597,Chicago,IL,EE. UU.,Corporate
12620,19055,Oceanside,CA,EE. UU.,Corporate
12621,18772,Cupertino,CA,EE. UU.,Corporate
12622,15840,College Station,TX,EE. UU.,Corporate
12623,15874,Mililani,HI,EE. UU.,Corporate
12624,17417,Cypress,CA,EE. UU.,Corporate
12625,17740,Albuquerque,NM,EE. UU.,Corporate
12626,18391,San Diego,CA,EE. UU.,Corporate
12627,15,Fontana,CA,EE. UU.,Corporate
12628,17486,York,PA,EE. UU.,Corporate
12629,17921,Lake Forest,CA,EE. UU.,Corporate
12630,17485,Carol Stream,IL,EE. UU.,Corporate
12631,17299,Riverside,CA,EE. UU.,Corporate
12632,15975,Washington,DC,EE. UU.,Corporate
12633,20416,Plano,TX,EE. UU.,Corporate
12634,17386,Irwin,PA,EE. UU.,Corporate
12635,18522,Campbell,CA,EE. UU.,Corporate
12636,20649,Hagerstown,MD,EE. UU.,Corporate
12637,17966,Visalia,CA,EE. UU.,Corporate
12638,20720,Edinburg,TX,EE. UU.,Corporate
12639,11746,Fresno,CA,EE. UU.,Corporate
12640,18500,Algonquin,IL,EE. UU.,Corporate
12641,20681,San Diego,CA,EE. UU.,Corporate
12642,15484,Chula Vista,CA,EE. UU.,Corporate
12643,15537,Mission Viejo,CA,EE. UU.,Corporate
12644,18698,Salem,OR,EE. UU.,Corporate
12645,15620,Broken Arrow,OK,EE. UU.,Corporate
12646,15600,Woonsocket,RI,EE. UU.,Corporate
12647,15453,Edison,NJ,EE. UU.,Corporate
12648,18720,Virginia Beach,VA,EE. UU.,Corporate
12649,17534,West Chester,PA,EE. UU.,Corporate
12650,17603,Winter Park,FL,EE. UU.,Corporate
12651,17598,Memphis,TN,EE. UU.,Corporate
12652,17238,Albuquerque,NM,EE. UU.,Corporate
12653,16324,Miami,FL,EE. UU.,Corporate
12654,18585,Brooklyn,NY,EE. UU.,Corporate
12655,20069,Brooklyn,NY,EE. UU.,Corporate
12656,19796,Long Beach,CA,EE. UU.,Corporate
12657,16136,Las Vegas,NV,EE. UU.,Corporate
12658,20137,New York,NY,EE. UU.,Corporate
12659,20119,Las Vegas,NV,EE. UU.,Corporate
12660,19812,North Hollywood,CA,EE. UU.,Corporate
12661,19159,Brooklyn,NY,EE. UU.,Corporate
12662,19194,Panorama City,CA,EE. UU.,Corporate
12663,16605,Elgin,IL,EE. UU.,Corporate
12664,15884,Chicago,IL,EE. UU.,Corporate
12665,17630,Hayward,CA,EE. UU.,Corporate
12666,17647,Santa Ana,CA,EE. UU.,Corporate
12667,18421,Carson,CA,EE. UU.,Corporate
12668,20474,Lancaster,OH,EE. UU.,Corporate
12669,15408,Memphis,TN,EE. UU.,Corporate
12670,15473,Houston,TX,EE. UU.,Corporate
12671,20135,San Marcos,TX,EE. UU.,Corporate
12672,17119,Atlanta,GA,EE. UU.,Corporate
12673,20097,El Cajon,CA,EE. UU.,Corporate
12674,20258,Brighton,MA,EE. UU.,Corporate
12675,20000,Modesto,CA,EE. UU.,Corporate
12676,17160,Austin,TX,EE. UU.,Corporate
12677,18578,San Diego,CA,EE. UU.,Corporate
12678,17839,Newark,DE,EE. UU.,Corporate
12679,2898,Victorville,CA,EE. UU.,Corporate
12680,2438,Brooklyn,NY,EE. UU.,Corporate
12681,3512,Clovis,CA,EE. UU.,Corporate
12682,11754,Canton,MI,EE. UU.,Corporate
12683,2489,San Antonio,TX,EE. UU.,Corporate
12684,2730,Brooklyn,NY,EE. UU.,Corporate
12685,10968,Elgin,IL,EE. UU.,Corporate
12686,741,Brooklyn,NY,EE. UU.,Corporate
12687,4774,Honolulu,HI,EE. UU.,Corporate
12688,11234,Baltimore,MD,EE. UU.,Corporate
12689,3324,Aurora,CO,EE. UU.,Corporate
12690,8387,Waipahu,HI,EE. UU.,Corporate
12691,699,Houston,TX,EE. UU.,Corporate
12692,8402,Brooklyn,NY,EE. UU.,Corporate
12693,2340,Greeley,CO,EE. UU.,Corporate
12694,9914,Far Rockaway,NY,EE. UU.,Corporate
12695,14540,Reynoldsburg,OH,EE. UU.,Corporate
12696,13293,Houston,TX,EE. UU.,Corporate
12697,13041,Brooklyn,NY,EE. UU.,Corporate
12698,13491,Weslaco,TX,EE. UU.,Corporate
12699,14486,Doylestown,PA,EE. UU.,Corporate
12700,14076,Bell Gardens,CA,EE. UU.,Corporate
12701,13274,Tinley Park,IL,EE. UU.,Corporate
12702,14521,Los Angeles,CA,EE. UU.,Corporate
12703,13346,Hilliard,OH,EE. UU.,Corporate
12704,14611,Austin,TX,EE. UU.,Corporate
12705,14610,Brooklyn,NY,EE. UU.,Corporate
12706,14217,Napa,CA,EE. UU.,Corporate
12707,13289,Rowland Heights,CA,EE. UU.,Corporate
12708,14379,Baltimore,MD,EE. UU.,Corporate
12709,14410,Wheaton,IL,EE. UU.,Corporate
12710,14144,Arlington,TX,EE. UU.,Corporate
12711,13360,Eugene,OR,EE. UU.,Corporate
12712,14324,Ypsilanti,MI,EE. UU.,Corporate
12713,14606,Troy,MI,EE. UU.,Corporate
12714,14250,Newark,DE,EE. UU.,Corporate
12715,14088,Raleigh,NC,EE. UU.,Corporate
12716,14479,Medina,OH,EE. UU.,Corporate
12717,14640,Hamtramck,MI,EE. UU.,Corporate
12718,13393,Stockton,CA,EE. UU.,Corporate
12719,14357,Longmont,CO,EE. UU.,Corporate
12720,14460,Poway,CA,EE. UU.,Corporate
12721,13446,Walnut,CA,EE. UU.,Corporate
12722,14212,Glendale,AZ,EE. UU.,Corporate
12723,14248,Elgin,IL,EE. UU.,Corporate
12724,14673,West New York,NJ,EE. UU.,Corporate
12725,14618,Elk Grove,CA,EE. UU.,Corporate
12726,14100,Jackson,MI,EE. UU.,Corporate
12727,14388,Silver Spring,MD,EE. UU.,Corporate
12728,13082,Ann Arbor,MI,EE. UU.,Corporate
12729,13099,Pacoima,CA,EE. UU.,Corporate
12730,14279,Lawton,OK,EE. UU.,Corporate
12731,14652,Fremont,CA,EE. UU.,Corporate
12732,13368,Middletown,OH,EE. UU.,Corporate
12733,13296,Houston,TX,EE. UU.,Corporate
12734,14224,Fort Lauderdale,FL,EE. UU.,Corporate
12735,14651,Hayward,CA,EE. UU.,Corporate
12736,13456,Quincy,MA,EE. UU.,Corporate
12737,14150,Crystal Lake,IL,EE. UU.,Corporate
12738,14523,San Benito,TX,EE. UU.,Corporate
12739,13438,Milpitas,CA,EE. UU.,Corporate
12740,13366,Mission Viejo,CA,EE. UU.,Corporate
12741,5420,Muskegon,MI,EE. UU.,Corporate
12742,14843,Lake Forest,CA,EE. UU.,Corporate
12743,13716,San Diego,CA,EE. UU.,Corporate
12744,13589,Woodbridge,VA,EE. UU.,Corporate
12745,13661,Scottsdale,AZ,EE. UU.,Corporate
12746,12759,New York,NY,EE. UU.,Corporate
12747,13966,West Chester,PA,EE. UU.,Corporate
12748,13570,San Jose,CA,EE. UU.,Corporate
12749,13623,Danbury,CT,EE. UU.,Corporate
12750,10947,Edison,NJ,EE. UU.,Corporate
12751,13982,Corona,CA,EE. UU.,Corporate
12752,14909,Palatine,IL,EE. UU.,Corporate
12753,13675,Chicago,IL,EE. UU.,Corporate
12754,14747,Anaheim,CA,EE. UU.,Corporate
12755,12773,New Haven,CT,EE. UU.,Corporate
12756,14872,Albuquerque,NM,EE. UU.,Corporate
12757,14781,New York,NY,EE. UU.,Corporate
12758,13673,Houston,TX,EE. UU.,Corporate
12759,14907,Hamtramck,MI,EE. UU.,Corporate
12760,13960,La Mirada,CA,EE. UU.,Corporate
12761,13726,Chesapeake,VA,EE. UU.,Corporate
12762,14708,Goose Creek,SC,EE. UU.,Corporate
12763,13797,San Francisco,CA,EE. UU.,Corporate
12764,13563,Chicago,IL,EE. UU.,Corporate
12765,14779,Lawton,OK,EE. UU.,Corporate
12766,13959,Van Nuys,CA,EE. UU.,Corporate
12767,13688,New York,NY,EE. UU.,Corporate
12768,10064,Longview,WA,EE. UU.,Corporate
12769,8700,Milwaukee,WI,EE. UU.,Home Office
12770,5666,Caguas,PR,Puerto Rico,Consumer
12771,11270,Brooklyn,NY,EE. UU.,Consumer
12772,4720,Caguas,PR,Puerto Rico,Consumer
12773,1055,Weslaco,TX,EE. UU.,Home Office
12774,7076,Clovis,CA,EE. UU.,Home Office
12775,10964,Portland,OR,EE. UU.,Home Office
12776,8781,Miami,FL,EE. UU.,Home Office
12777,4115,Chicago,IL,EE. UU.,Home Office
12778,11454,Fort Lauderdale,FL,EE. UU.,Home Office
12779,2949,Philadelphia,PA,EE. UU.,Consumer
12780,441,Brooklyn,NY,EE. UU.,Home Office
12781,7679,Caguas,PR,Puerto Rico,Consumer
12782,8195,Caguas,PR,Puerto Rico,Consumer
12783,9411,Huntington Station,NY,EE. UU.,Home Office
12784,11899,Mount Pleasant,MI,EE. UU.,Consumer
12785,8443,Caguas,PR,Puerto Rico,Consumer
12786,11341,Caguas,PR,Puerto Rico,Consumer
12787,12391,Caguas,PR,Puerto Rico,Home Office
12788,4442,Caguas,PR,Puerto Rico,Corporate
12789,1413,Chicago,IL,EE. UU.,Home Office
12790,9184,Caguas,PR,Puerto Rico,Home Office
12791,11070,Caguas,PR,Puerto Rico,Corporate
12792,11990,Hialeah,FL,EE. UU.,Home Office
12793,9472,Huntington Beach,CA,EE. UU.,Home Office
12794,4647,Caguas,PR,Puerto Rico,Consumer
12795,10276,Rego Park,NY,EE. UU.,Home Office
12796,5808,Denver,CO,EE. UU.,Home Office
12797,1990,Tempe,AZ,EE. UU.,Home Office
12798,4077,Los Angeles,CA,EE. UU.,Consumer
12799,8166,Aurora,IL,EE. UU.,Home Office
12800,7089,Juana Diaz,PR,Puerto Rico,Consumer
12801,9911,Caguas,PR,Puerto Rico,Consumer
12802,6531,San Marcos,CA,EE. UU.,Consumer
12803,12144,Los Angeles,CA,EE. UU.,Consumer
12804,12003,Bakersfield,CA,EE. UU.,Home Office
12805,4904,Jersey City,NJ,EE. UU.,Home Office
12806,6427,Union,NJ,EE. UU.,Home Office
12807,8044,Gaithersburg,MD,EE. UU.,Home Office
12808,8626,Indianapolis,IN,EE. UU.,Home Office
12809,8881,Caguas,PR,Puerto Rico,Consumer
12810,2209,Caguas,PR,Puerto Rico,Consumer
12811,4586,Cleveland,OH,EE. UU.,Consumer
12812,2754,Vacaville,CA,EE. UU.,Home Office
12813,4702,Napa,CA,EE. UU.,Home Office
12814,12357,Morristown,NJ,EE. UU.,Consumer
12815,2279,Caguas,PR,Puerto Rico,Home Office
12816,6502,Caguas,PR,Puerto Rico,Home Office
12817,6930,Honolulu,HI,EE. UU.,Home Office
12818,8869,Caguas,PR,Puerto Rico,Consumer
12819,11951,Hamtramck,MI,EE. UU.,Home Office
12820,457,Brooklyn,NY,EE. UU.,Home Office
12821,5404,Caguas,PR,Puerto Rico,Consumer
12822,1857,San Sebastian,PR,Puerto Rico,Consumer
12823,11949,Opelousas,LA,EE. UU.,Home Office
12824,3775,Mentor,OH,EE. UU.,Home Office
12825,11732,Caguas,PR,Puerto Rico,Consumer
12826,11644,Caguas,PR,Puerto Rico,Consumer
12827,2868,Atlanta,GA,EE. UU.,Home Office
12828,3082,Saint Charles,MO,EE. UU.,Home Office
12829,114,Bellflower,CA,EE. UU.,Home Office
12830,3827,Caguas,PR,Puerto Rico,Corporate
12831,12028,Newark,NJ,EE. UU.,Home Office
12832,2954,Martinsburg,WV,EE. UU.,Home Office
12833,2993,Atlanta,GA,EE. UU.,Consumer
12834,3801,Caguas,PR,Puerto Rico,Consumer
12835,7953,Caguas,PR,Puerto Rico,Consumer
12836,538,Wilmington,CA,EE. UU.,Consumer
12837,1838,Ontario,CA,EE. UU.,Home Office
12838,9302,Caguas,PR,Puerto Rico,Consumer
12839,2231,Florissant,MO,EE. UU.,Home Office
12840,10991,Houston,TX,EE. UU.,Consumer
12841,7075,San Jose,CA,EE. UU.,Home Office
12842,5949,Laguna Hills,CA,EE. UU.,Consumer
12843,6355,Caguas,PR,Puerto Rico,Home Office
12844,4992,Caguas,PR,Puerto Rico,Consumer
12845,9729,Washington,DC,EE. UU.,Home Office
12846,3952,Tucson,AZ,EE. UU.,Home Office
12847,10617,Brooklyn,NY,EE. UU.,Home Office
12848,3581,Caguas,PR,Puerto Rico,Consumer
12849,10578,Caguas,PR,Puerto Rico,Consumer
12850,11902,Caguas,PR,Puerto Rico,Corporate
12851,7717,Princeton,NJ,EE. UU.,Home Office
12852,11095,Lompoc,CA,EE. UU.,Consumer
12853,9343,Salina,KS,EE. UU.,Consumer
12854,2689,Caguas,PR,Puerto Rico,Consumer
12855,502,South Richmond Hill,NY,EE. UU.,Home Office
12856,6772,Caguas,PR,Puerto Rico,Consumer
12857,10543,Cleveland,OH,EE. UU.,Home Office
12858,12145,Caguas,PR,Puerto Rico,Consumer
12859,6953,Brooklyn,NY,EE. UU.,Home Office
12860,1832,Caguas,PR,Puerto Rico,Consumer
12861,10496,Longview,WA,EE. UU.,Home Office
12862,6747,San Diego,CA,EE. UU.,Home Office
12863,10227,Caguas,PR,Puerto Rico,Corporate
12864,2423,Caguas,PR,Puerto Rico,Home Office
12865,8069,Highland Park,MI,EE. UU.,Home Office
12866,4009,Elgin,IL,EE. UU.,Consumer
12867,4984,Philadelphia,PA,EE. UU.,Home Office
12868,8001,Houston,TX,EE. UU.,Home Office
12869,12172,Aurora,CO,EE. UU.,Home Office
12870,2678,Simi Valley,CA,EE. UU.,Home Office
12871,6782,Roseburg,OR,EE. UU.,Consumer
12872,4536,Caguas,PR,Puerto Rico,Consumer
12873,470,Far Rockaway,NY,EE. UU.,Consumer
12874,80,Caguas,PR,Puerto Rico,Corporate
12875,6021,Bellflower,CA,EE. UU.,Consumer
12876,10210,Modesto,CA,EE. UU.,Home Office
12877,6088,Caguas,PR,Puerto Rico,Home Office
12878,11919,New York,NY,EE. UU.,Home Office
12879,2810,Caguas,PR,Puerto Rico,Consumer
12880,4457,Caguas,PR,Puerto Rico,Consumer
12881,9777,Caguas,PR,Puerto Rico,Consumer
12882,12016,Trujillo Alto,PR,Puerto Rico,Corporate
12883,4598,Aurora,CO,EE. UU.,Consumer
12884,8823,Van Nuys,CA,EE. UU.,Home Office
12885,12260,Muskegon,MI,EE. UU.,Home Office
12886,2713,Caguas,PR,Puerto Rico,Consumer
12887,4243,Caguas,PR,Puerto Rico,Consumer
12888,1510,Caguas,PR,Puerto Rico,Consumer
12889,7144,New York,NY,EE. UU.,Home Office
12890,8699,Caguas,PR,Puerto Rico,Corporate
12891,9435,Granada Hills,CA,EE. UU.,Home Office
12892,11164,Oxnard,CA,EE. UU.,Home Office
12893,2115,Caguas,PR,Puerto Rico,Consumer
12894,865,Caguas,PR,Puerto Rico,Consumer
12895,9714,Seattle,WA,EE. UU.,Home Office
12896,9167,Philadelphia,PA,EE. UU.,Consumer
12897,12156,Caguas,PR,Puerto Rico,Consumer
12898,3950,York,PA,EE. UU.,Home Office
12899,5675,Caguas,PR,Puerto Rico,Consumer
12900,8439,Chino Hills,CA,EE. UU.,Consumer
12901,11579,Cleveland,OH,EE. UU.,Home Office
12902,3061,Los Angeles,CA,EE. UU.,Home Office
12903,2987,Caguas,PR,Puerto Rico,Corporate
12904,11482,Caguas,PR,Puerto Rico,Home Office
12905,4198,Los Angeles,CA,EE. UU.,Home Office
12906,5680,Pomona,CA,EE. UU.,Home Office
12907,7299,Caguas,PR,Puerto Rico,Consumer
12908,7399,Los Angeles,CA,EE. UU.,Home Office
12909,10175,Brooklyn,NY,EE. UU.,Home Office
12910,1905,Chicago,IL,EE. UU.,Home Office
12911,607,Caguas,PR,Puerto Rico,Consumer
12912,10120,Moreno Valley,CA,EE. UU.,Home Office
12913,876,Aurora,CO,EE. UU.,Home Office
12914,9291,Caguas,PR,Puerto Rico,Consumer
12915,1241,Caguas,PR,Puerto Rico,Corporate
12916,9677,Tracy,CA,EE. UU.,Home Office
12917,2888,Caguas,PR,Puerto Rico,Consumer
12918,10108,El Paso,TX,EE. UU.,Home Office
12919,5114,San Antonio,TX,EE. UU.,Consumer
12920,4549,Caguas,PR,Puerto Rico,Consumer
12921,9708,Los Angeles,CA,EE. UU.,Home Office
12922,9701,Strongsville,OH,EE. UU.,Home Office
12923,11154,Granada Hills,CA,EE. UU.,Home Office
12924,2215,Hayward,CA,EE. UU.,Home Office
12925,5683,Cleveland,OH,EE. UU.,Home Office
12926,5346,Caguas,PR,Puerto Rico,Corporate
12927,925,Caguas,PR,Puerto Rico,Consumer
12928,3517,Piscataway,NJ,EE. UU.,Consumer
12929,6946,Caguas,PR,Puerto Rico,Corporate
12930,11055,Everett,WA,EE. UU.,Home Office
12931,5750,Webster,NY,EE. UU.,Consumer
12932,12170,Caguas,PR,Puerto Rico,Consumer
12933,3072,Hampton,VA,EE. UU.,Consumer
12934,4152,Brooklyn,NY,EE. UU.,Consumer
12935,2866,Caguas,PR,Puerto Rico,Consumer
12936,1501,Elmhurst,IL,EE. UU.,Consumer
12937,5489,Caguas,PR,Puerto Rico,Consumer
12938,3504,Caguas,PR,Puerto Rico,Corporate
12939,7387,Phoenix,AZ,EE. UU.,Home Office
12940,422,Caguas,PR,Puerto Rico,Consumer
12941,9394,Fresno,CA,EE. UU.,Home Office
12942,12130,Rock Hill,SC,EE. UU.,Home Office
12943,5871,Bronx,NY,EE. UU.,Home Office
12944,748,Del Rio,TX,EE. UU.,Home Office
12945,1571,Caguas,PR,Puerto Rico,Consumer
12946,5878,Caguas,PR,Puerto Rico,Consumer
12947,3413,Madera,CA,EE. UU.,Home Office
12948,7349,Caguas,PR,Puerto Rico,Corporate
12949,8464,West Chester,PA,EE. UU.,Home Office
12950,359,Caguas,PR,Puerto Rico,Consumer
12951,1430,Philadelphia,PA,EE. UU.,Home Office
12952,9297,Fremont,CA,EE. UU.,Home Office
12953,10329,Caguas,PR,Puerto Rico,Consumer
12954,11376,Houston,TX,EE. UU.,Home Office
12955,1452,Plainfield,NJ,EE. UU.,Home Office
12956,3929,Methuen,MA,EE. UU.,Home Office
12957,2593,Piscataway,NJ,EE. UU.,Home Office
12958,8482,Phoenix,AZ,EE. UU.,Consumer
12959,10322,North Las Vegas,NV,EE. UU.,Consumer
12960,8896,Joliet,IL,EE. UU.,Home Office
12961,4425,Caguas,PR,Puerto Rico,Consumer
12962,9864,Carol Stream,IL,EE. UU.,Consumer
12963,889,San Marcos,CA,EE. UU.,Home Office
12964,894,Caguas,PR,Puerto Rico,Consumer
12965,5569,Davis,CA,EE. UU.,Home Office
12966,8312,Chicago,IL,EE. UU.,Home Office
12967,1286,Las Vegas,NV,EE. UU.,Home Office
12968,11677,Phoenix,AZ,EE. UU.,Home Office
12969,7244,College Station,TX,EE. UU.,Home Office
12970,5653,Lancaster,SC,EE. UU.,Home Office
12971,1569,San Diego,CA,EE. UU.,Home Office
12972,7595,Irwin,PA,EE. UU.,Home Office
12973,5164,Metairie,LA,EE. UU.,Home Office
12974,8178,Memphis,TN,EE. UU.,Home Office
12975,7190,Caguas,PR,Puerto Rico,Consumer
12976,5775,Los Angeles,CA,EE. UU.,Home Office
12977,8706,Brandon,FL,EE. UU.,Home Office
12978,8467,Cordova,TN,EE. UU.,Home Office
12979,1885,Columbia,SC,EE. UU.,Home Office
12980,11184,La Puente,CA,EE. UU.,Consumer
12981,12347,Daly City,CA,EE. UU.,Home Office
12982,13,Caguas,PR,Puerto Rico,Home Office
12983,11738,Caguas,PR,Puerto Rico,Corporate
12984,3216,Newark,NJ,EE. UU.,Home Office
12985,3522,Caguas,PR,Puerto Rico,Consumer
12986,2040,Caguas,PR,Puerto Rico,Consumer
12987,6591,Philadelphia,PA,EE. UU.,Home Office
12988,7166,Victorville,CA,EE. UU.,Home Office
12989,8803,Caguas,PR,Puerto Rico,Consumer
12990,4677,Valrico,FL,EE. UU.,Home Office
12991,3907,Caguas,PR,Puerto Rico,Corporate
12992,1943,Baltimore,MD,EE. UU.,Home Office
12993,7524,Mchenry,IL,EE. UU.,Home Office
12994,512,Fremont,CA,EE. UU.,Consumer
12995,7671,Caguas,PR,Puerto Rico,Corporate
12996,5668,Caguas,PR,Puerto Rico,Consumer
12997,4319,Tampa,FL,EE. UU.,Consumer
12998,6219,Caguas,PR,Puerto Rico,Consumer
12999,4000,Memphis,TN,EE. UU.,Consumer
13000,9365,Cleveland,OH,EE. UU.,Home Office
13001,7317,Caguas,PR,Puerto Rico,Consumer
13002,8337,Chicago,IL,EE. UU.,Home Office
13003,3470,Algonquin,IL,EE. UU.,Home Office
13004,372,Caguas,PR,Puerto Rico,Home Office
13005,2679,Brownsville,TX,EE. UU.,Home Office
13006,311,Austin,TX,EE. UU.,Home Office
13007,11514,Tallahassee,FL,EE. UU.,Home Office
13008,11785,Loveland,OH,EE. UU.,Home Office
13009,2427,Brooklyn,NY,EE. UU.,Home Office
13010,9012,Alameda,CA,EE. UU.,Home Office
13011,20756,Berwyn,IL,EE. UU.,Corporate
13012,19767,Flushing,NY,EE. UU.,Corporate
13013,19766,Caguas,PR,Puerto Rico,Consumer
13014,19765,Enfield,CT,EE. UU.,Corporate
13015,19764,South Ozone Park,NY,EE. UU.,Corporate
13016,19763,Lawrenceville,GA,EE. UU.,Consumer
13017,19762,Caguas,PR,Puerto Rico,Consumer
13018,19761,Fort Worth,TX,EE. UU.,Home Office
13019,19760,Bayamon,PR,Puerto Rico,Home Office
13020,19759,Caguas,PR,Puerto Rico,Home Office
13021,19758,Pompano Beach,FL,EE. UU.,Home Office
13022,19757,Caguas,PR,Puerto Rico,Home Office
13023,19756,Las Vegas,NV,EE. UU.,Home Office
13024,19755,Phoenix,AZ,EE. UU.,Home Office
13025,19754,Caguas,PR,Puerto Rico,Home Office
13026,19753,Jacksonville,FL,EE. UU.,Corporate
13027,19752,Lynn,MA,EE. UU.,Corporate
13028,19751,Caguas,PR,Puerto Rico,Corporate
13029,19750,Lancaster,PA,EE. UU.,Consumer
13030,19749,Caguas,PR,Puerto Rico,Corporate
13031,19748,Dearborn,MI,EE. UU.,Home Office
13032,19747,Modesto,CA,EE. UU.,Home Office
13033,19746,Caguas,PR,Puerto Rico,Corporate
13034,19745,Gaithersburg,MD,EE. UU.,Corporate
13035,19744,Caguas,PR,Puerto Rico,Corporate
13036,19743,Portland,OR,EE. UU.,Home Office
13037,19742,Caguas,PR,Puerto Rico,Home Office
13038,19741,San Marcos,TX,EE. UU.,Home Office
13039,19740,Los Angeles,CA,EE. UU.,Home Office
13040,19739,Antioch,CA,EE. UU.,Consumer
13041,19738,Caguas,PR,Puerto Rico,Home Office
13042,19737,Louisville,KY,EE. UU.,Home Office
13043,19736,Lindenhurst,NY,EE. UU.,Home Office
13044,19735,Hayward,CA,EE. UU.,Home Office
13045,19734,Caguas,PR,Puerto Rico,Home Office
13046,19733,Irwin,PA,EE. UU.,Home Office
13047,19732,Caguas,PR,Puerto Rico,Home Office
13048,19731,Los Angeles,CA,EE. UU.,Home Office
13049,19730,Waukegan,IL,EE. UU.,Corporate
13050,19729,Caguas,PR,Puerto Rico,Corporate
13051,19728,Dundalk,MD,EE. UU.,Consumer
13052,19727,Los Angeles,CA,EE. UU.,Consumer
13053,19726,Caguas,PR,Puerto Rico,Consumer
13054,19725,Lombard,IL,EE. UU.,Consumer
13055,19724,Chino,CA,EE. UU.,Consumer
13056,19723,Caguas,PR,Puerto Rico,Consumer
13057,19722,Broomfield,CO,EE. UU.,Consumer
13058,19721,Bronx,NY,EE. UU.,Consumer
13059,19720,Caguas,PR,Puerto Rico,Consumer
13060,19719,Columbus,OH,EE. UU.,Consumer
13061,19718,Florissant,MO,EE. UU.,Consumer
13062,19717,Antioch,CA,EE. UU.,Corporate
13063,19716,Caguas,PR,Puerto Rico,Consumer
13064,19715,Rio Rancho,NM,EE. UU.,Corporate
13065,19714,Caguas,PR,Puerto Rico,Corporate
13066,19713,Hialeah,FL,EE. UU.,Consumer
13067,19712,Brooklyn,NY,EE. UU.,Corporate
13068,19711,Corona,NY,EE. UU.,Corporate
13069,19710,Caguas,PR,Puerto Rico,Home Office
13070,19709,Citrus Heights,CA,EE. UU.,Consumer
13071,19708,Los Angeles,CA,EE. UU.,Consumer
13072,19707,Caguas,PR,Puerto Rico,Consumer
13073,19706,Brandon,FL,EE. UU.,Consumer
13074,19705,Hollywood,FL,EE. UU.,Corporate
13075,19704,Caguas,PR,Puerto Rico,Consumer
13076,19703,Richmond,TX,EE. UU.,Consumer
13077,19702,Union,NJ,EE. UU.,Home Office
13078,19701,Colton,CA,EE. UU.,Corporate
13079,19700,Caguas,PR,Puerto Rico,Corporate
13080,19699,Hanover,PA,EE. UU.,Consumer
13081,19698,Caguas,PR,Puerto Rico,Consumer
13082,19697,Dayton,OH,EE. UU.,Corporate
13083,19696,Bronx,NY,EE. UU.,Corporate
13084,19695,Caguas,PR,Puerto Rico,Consumer
13085,19694,Opa Locka,FL,EE. UU.,Consumer
13086,19693,Brooklyn,NY,EE. UU.,Consumer
13087,19692,Caguas,PR,Puerto Rico,Consumer
13088,19691,San Diego,CA,EE. UU.,Consumer
13089,19690,Caguas,PR,Puerto Rico,Consumer
13090,19689,Broken Arrow,OK,EE. UU.,Consumer
13091,19688,Lynn,MA,EE. UU.,Home Office
13092,19687,Caguas,PR,Puerto Rico,Home Office
13093,19686,Brooklyn,NY,EE. UU.,Home Office
13094,19685,Brooklyn,NY,EE. UU.,Home Office
13095,19684,Caguas,PR,Puerto Rico,Corporate
13096,19683,Methuen,MA,EE. UU.,Corporate
13097,19682,Aurora,IL,EE. UU.,Consumer
13098,19681,Caguas,PR,Puerto Rico,Consumer
13099,19680,Augusta,GA,EE. UU.,Corporate
13100,19679,Caguas,PR,Puerto Rico,Consumer
13101,19678,Amarillo,TX,EE. UU.,Corporate
13102,19677,Oxnard,CA,EE. UU.,Corporate
13103,19676,Caguas,PR,Puerto Rico,Corporate
13104,19675,Bend,OR,EE. UU.,Consumer
13105,19674,Cincinnati,OH,EE. UU.,Home Office
13106,19673,Caguas,PR,Puerto Rico,Home Office
13107,19672,Bronx,NY,EE. UU.,Consumer
13108,19671,Caguas,PR,Puerto Rico,Consumer
13109,19670,Ogden,UT,EE. UU.,Home Office
13110,19669,La Crosse,WI,EE. UU.,Consumer
13111,19668,Caguas,PR,Puerto Rico,Corporate
13112,19667,West Covina,CA,EE. UU.,Corporate
13113,19666,Bellflower,CA,EE. UU.,Corporate
13114,19665,Caguas,PR,Puerto Rico,Corporate
13115,19664,Middletown,OH,EE. UU.,Corporate
13116,19663,Caguas,PR,Puerto Rico,Corporate
13117,19662,Beaverton,OR,EE. UU.,Consumer
13118,19661,Caguas,PR,Puerto Rico,Home Office
13119,19660,Bronx,NY,EE. UU.,Consumer
13120,19659,Caguas,PR,Puerto Rico,Consumer
13121,19658,Napa,CA,EE. UU.,Consumer
13122,19657,Caguas,PR,Puerto Rico,Consumer
13123,19656,Saint Paul,MN,EE. UU.,Consumer
13124,19655,Broomfield,CO,EE. UU.,Consumer
13125,19654,Caguas,PR,Puerto Rico,Consumer
13126,19653,Dorchester Center,MA,EE. UU.,Consumer
13127,19652,Caguas,PR,Puerto Rico,Consumer
13128,19651,Las Vegas,NV,EE. UU.,Consumer
13129,19650,Caguas,PR,Puerto Rico,Consumer
13130,19649,Phoenix,AZ,EE. UU.,Home Office
13131,19648,Caguas,PR,Puerto Rico,Consumer
13132,19647,Hyattsville,MD,EE. UU.,Home Office
13133,19646,Caguas,PR,Puerto Rico,Home Office
13134,19645,Annapolis,MD,EE. UU.,Consumer
13135,19644,Caguas,PR,Puerto Rico,Consumer
13136,19643,Spring,TX,EE. UU.,Consumer
13137,19642,Caguas,PR,Puerto Rico,Consumer
13138,19641,Escondido,CA,EE. UU.,Consumer
13139,19640,Atlanta,GA,EE. UU.,Corporate
13140,19639,Caguas,PR,Puerto Rico,Corporate
13141,19638,Fort Worth,TX,EE. UU.,Consumer
13142,19637,Caguas,PR,Puerto Rico,Consumer
13143,19636,Tampa,FL,EE. UU.,Consumer
13144,19635,Caguas,PR,Puerto Rico,Consumer
13145,19634,San Antonio,TX,EE. UU.,Corporate
13146,19633,Ithaca,NY,EE. UU.,Corporate
13147,19632,Caguas,PR,Puerto Rico,Corporate
13148,19631,Knoxville,TN,EE. UU.,Corporate
13149,19630,Parkville,MD,EE. UU.,Corporate
13150,19629,Caguas,PR,Puerto Rico,Corporate
13151,19628,Los Angeles,CA,EE. UU.,Corporate
13152,19627,Caguas,PR,Puerto Rico,Home Office
13153,19626,Jacksonville,NC,EE. UU.,Home Office
13154,19625,Caguas,PR,Puerto Rico,Corporate
13155,19624,Vista,CA,EE. UU.,Home Office
13156,19623,Philadelphia,PA,EE. UU.,Home Office
13157,19622,Los Angeles,CA,EE. UU.,Home Office
13158,19621,Caguas,PR,Puerto Rico,Home Office
13159,19620,Peoria,AZ,EE. UU.,Corporate
13160,19619,Chicago,IL,EE. UU.,Corporate
13161,19618,Caguas,PR,Puerto Rico,Home Office
13162,19617,Princeton,NJ,EE. UU.,Home Office
13163,19616,Chicago,IL,EE. UU.,Home Office
13164,19615,Caguas,PR,Puerto Rico,Home Office
13165,19614,Brooklyn,NY,EE. UU.,Home Office
13166,19613,Caguas,PR,Puerto Rico,Home Office
13167,19612,Webster,NY,EE. UU.,Home Office
13168,19611,Sunnyvale,CA,EE. UU.,Home Office
13169,19610,Caguas,PR,Puerto Rico,Home Office
13170,19609,Baltimore,MD,EE. UU.,Home Office
13171,19608,Caguas,PR,Puerto Rico,Home Office
13172,19607,Phoenix,AZ,EE. UU.,Home Office
13173,19606,Caguas,PR,Puerto Rico,Consumer
13174,19605,Roswell,GA,EE. UU.,Home Office
13175,19604,Chicago,IL,EE. UU.,Consumer
13176,19603,Caguas,PR,Puerto Rico,Consumer
13177,19602,San Bernardino,CA,EE. UU.,Consumer
13178,19601,Caguas,PR,Puerto Rico,Consumer
13179,19600,Strongsville,OH,EE. UU.,Corporate
13180,19599,Caguas,PR,Puerto Rico,Consumer
13181,19598,Freeport,NY,EE. UU.,Consumer
13182,19597,Denver,CO,EE. UU.,Consumer
13183,19596,Napa,CA,EE. UU.,Consumer
13184,19595,Caguas,PR,Puerto Rico,Consumer
13185,19594,Duluth,GA,EE. UU.,Consumer
13186,19593,Brooklyn,NY,EE. UU.,Consumer
13187,19592,Long Beach,CA,EE. UU.,Consumer
13188,19591,Caguas,PR,Puerto Rico,Consumer
13189,19590,Opelousas,LA,EE. UU.,Consumer
13190,19589,Norfolk,VA,EE. UU.,Consumer
13191,19588,Caguas,PR,Puerto Rico,Consumer
13192,19587,Oceanside,CA,EE. UU.,Consumer
13193,19586,Caguas,PR,Puerto Rico,Corporate
13194,19585,Norfolk,VA,EE. UU.,Corporate
13195,19584,Caguas,PR,Puerto Rico,Home Office
13196,19583,Albuquerque,NM,EE. UU.,Consumer
13197,19582,Caguas,PR,Puerto Rico,Consumer
13198,19581,Fort Worth,TX,EE. UU.,Consumer
13199,19580,Longview,WA,EE. UU.,Consumer
13200,19579,Caguas,PR,Puerto Rico,Consumer
13201,19578,Glenview,IL,EE. UU.,Consumer
13202,19577,Peoria,AZ,EE. UU.,Consumer
13203,19576,Caguas,PR,Puerto Rico,Home Office
13204,19575,San Juan,PR,Puerto Rico,Home Office
13205,19574,North Bergen,NJ,EE. UU.,Home Office
13206,19573,Caguas,PR,Puerto Rico,Home Office
13207,19572,West New York,NJ,EE. UU.,Home Office
13208,19571,Caguas,PR,Puerto Rico,Home Office
13209,19570,Martinez,CA,EE. UU.,Home Office
13210,19569,Taylor,MI,EE. UU.,Home Office
13211,19568,Caguas,PR,Puerto Rico,Consumer
13212,19567,Fontana,CA,EE. UU.,Consumer
13213,19566,Pico Rivera,CA,EE. UU.,Consumer
13214,19565,Caguas,PR,Puerto Rico,Consumer
13215,19564,San Antonio,TX,EE. UU.,Consumer
13216,19563,Caguas,PR,Puerto Rico,Consumer
13217,19562,Stafford,VA,EE. UU.,Corporate
13218,19561,Caguas,PR,Puerto Rico,Corporate
13219,19560,Lawrence,MA,EE. UU.,Consumer
13220,19559,Caguas,PR,Puerto Rico,Consumer
13221,19558,Passaic,NJ,EE. UU.,Corporate
13222,19557,Caguas,PR,Puerto Rico,Corporate
13223,19556,San Marcos,CA,EE. UU.,Corporate
13224,19555,Caguas,PR,Puerto Rico,Corporate
13225,19554,Littleton,CO,EE. UU.,Home Office
13226,19553,Caguas,PR,Puerto Rico,Home Office
13227,19552,Wyoming,MI,EE. UU.,Corporate
13228,19551,Caguas,PR,Puerto Rico,Corporate
13229,19550,Chicago,IL,EE. UU.,Consumer
13230,19549,Caguas,PR,Puerto Rico,Corporate
13231,19548,Anaheim,CA,EE. UU.,Consumer
13232,19547,Caguas,PR,Puerto Rico,Corporate
13233,19546,Brooklyn,NY,EE. UU.,Consumer
13234,19545,Caguas,PR,Puerto Rico,Consumer
13235,19544,West Covina,CA,EE. UU.,Consumer
13236,19543,Caguas,PR,Puerto Rico,Consumer
13237,19542,San Diego,CA,EE. UU.,Home Office
13238,19541,Caguas,PR,Puerto Rico,Consumer
13239,19540,Strongsville,OH,EE. UU.,Consumer
13240,19539,Caguas,PR,Puerto Rico,Consumer
13241,19538,Austin,TX,EE. UU.,Corporate
13242,19537,Ithaca,NY,EE. UU.,Corporate
13243,19536,Virginia Beach,VA,EE. UU.,Corporate
13244,19535,San Diego,CA,EE. UU.,Corporate
13245,19534,Caguas,PR,Puerto Rico,Consumer
13246,19533,Saint Paul,MN,EE. UU.,Consumer
13247,19532,Caguas,PR,Puerto Rico,Consumer
13248,19531,Watsonville,CA,EE. UU.,Consumer
13249,19530,Edinburg,TX,EE. UU.,Consumer
13250,19529,Caguas,PR,Puerto Rico,Consumer
13251,19528,Los Angeles,CA,EE. UU.,Consumer
13252,19527,Caguas,PR,Puerto Rico,Consumer
13253,19526,Newark,NJ,EE. UU.,Consumer
13254,19525,Caguas,PR,Puerto Rico,Consumer
13255,19524,Orange Park,FL,EE. UU.,Consumer
13256,19523,Caguas,PR,Puerto Rico,Consumer
13257,19522,Lawrence,MA,EE. UU.,Consumer
13258,19521,Elmhurst,NY,EE. UU.,Home Office
13259,19520,Caguas,PR,Puerto Rico,Corporate
13260,19519,Dorchester Center,MA,EE. UU.,Corporate
13261,19518,Caguas,PR,Puerto Rico,Consumer
13262,19517,Diamond Bar,CA,EE. UU.,Consumer
13263,19516,San Pedro,CA,EE. UU.,Consumer
13264,19515,Caguas,PR,Puerto Rico,Consumer
13265,19514,Powder Springs,GA,EE. UU.,Consumer
13266,19513,Baltimore,MD,EE. UU.,Consumer
13267,19512,Caguas,PR,Puerto Rico,Consumer
13268,19511,Doylestown,PA,EE. UU.,Consumer
13269,19510,Vega Baja,PR,Puerto Rico,Corporate
13270,19509,Caguas,PR,Puerto Rico,Corporate
13271,19508,West Jordan,UT,EE. UU.,Consumer
13272,19507,Duluth,GA,EE. UU.,Home Office
13273,19506,Brooklyn,NY,EE. UU.,Home Office
13274,19505,Glendale,AZ,EE. UU.,Corporate
13275,19504,Caguas,PR,Puerto Rico,Corporate
13276,19503,West Chester,PA,EE. UU.,Consumer
13277,19502,Caguas,PR,Puerto Rico,Consumer
13278,19501,Sacramento,CA,EE. UU.,Consumer
13279,19500,Brooklyn,NY,EE. UU.,Consumer
13280,19499,Caguas,PR,Puerto Rico,Consumer
13281,19498,Carol Stream,IL,EE. UU.,Consumer
13282,19497,Caguas,PR,Puerto Rico,Home Office
13283,19496,Yauco,PR,Puerto Rico,Home Office
13284,19495,Caguas,PR,Puerto Rico,Consumer
13285,19494,Amarillo,TX,EE. UU.,Consumer
13286,19493,Fairfield,CA,EE. UU.,Consumer
13287,17027,Hanford,CA,EE. UU.,Home Office
13288,17026,Brooklyn,NY,EE. UU.,Corporate
13289,17025,Caguas,PR,Puerto Rico,Home Office
13290,17024,Cleveland,OH,EE. UU.,Home Office
13291,17023,Caguas,PR,Puerto Rico,Home Office
13292,17022,Virginia Beach,VA,EE. UU.,Corporate
13293,17021,Caguas,PR,Puerto Rico,Home Office
13294,17020,Tempe,AZ,EE. UU.,Corporate
13295,17019,Caguas,PR,Puerto Rico,Corporate
13296,17018,Rio Grande,PR,Puerto Rico,Corporate
13297,17017,Caguas,PR,Puerto Rico,Corporate
13298,17016,Phoenix,AZ,EE. UU.,Corporate
13299,17015,San Antonio,TX,EE. UU.,Corporate
13300,17014,Caguas,PR,Puerto Rico,Home Office
13301,17013,Caguas,PR,Puerto Rico,Corporate
13302,17012,Washington,PA,EE. UU.,Corporate
13303,17011,Caguas,PR,Puerto Rico,Corporate
13304,17010,Clearfield,UT,EE. UU.,Consumer
13305,17009,Caguas,PR,Puerto Rico,Consumer
13306,17008,Los Angeles,CA,EE. UU.,Consumer
13307,17007,Los Angeles,CA,EE. UU.,Consumer
13308,17006,Caguas,PR,Puerto Rico,Corporate
13309,17005,Smyrna,GA,EE. UU.,Corporate
13310,17004,Wheaton,IL,EE. UU.,Corporate
13311,17003,Kent,WA,EE. UU.,Corporate
13312,17002,Caguas,PR,Puerto Rico,Corporate
13313,17001,Seattle,WA,EE. UU.,Consumer
13314,17000,Caguas,PR,Puerto Rico,Consumer
13315,16999,La Crosse,WI,EE. UU.,Consumer
13316,16998,Carson,CA,EE. UU.,Consumer
13317,16997,Caguas,PR,Puerto Rico,Consumer
13318,16996,Guayama,PR,Puerto Rico,Consumer
13319,16995,Joliet,IL,EE. UU.,Home Office
13320,16994,Bakersfield,CA,EE. UU.,Consumer
13321,16993,Caguas,PR,Puerto Rico,Consumer
13322,16992,Detroit,MI,EE. UU.,Consumer
13323,16991,Caguas,PR,Puerto Rico,Consumer
13324,16990,Saginaw,MI,EE. UU.,Consumer
13325,16989,Caguas,PR,Puerto Rico,Consumer
13326,16988,Jacksonville,FL,EE. UU.,Consumer
13327,16987,Caguas,PR,Puerto Rico,Consumer
13328,16986,Rome,NY,EE. UU.,Consumer
13329,16985,Caguas,PR,Puerto Rico,Home Office
13330,16984,Hialeah,FL,EE. UU.,Consumer
13331,16983,Van Nuys,CA,EE. UU.,Consumer
13332,16982,Riverside,CA,EE. UU.,Consumer
13333,16981,Henderson,NV,EE. UU.,Consumer
13334,16980,Caguas,PR,Puerto Rico,Corporate
13335,16979,Stone Mountain,GA,EE. UU.,Corporate
13336,16978,Irvington,NJ,EE. UU.,Corporate
13337,16977,Caguas,PR,Puerto Rico,Corporate
13338,16976,Wichita,KS,EE. UU.,Corporate
13339,16975,Houston,TX,EE. UU.,Corporate
13340,16974,Zanesville,OH,EE. UU.,Corporate
13341,16973,Fort Lauderdale,FL,EE. UU.,Corporate
13342,16972,Caguas,PR,Puerto Rico,Corporate
13343,16971,Los Angeles,CA,EE. UU.,Consumer
13344,16970,Caguas,PR,Puerto Rico,Corporate
13345,16969,Oceanside,CA,EE. UU.,Corporate
13346,16968,Caguas,PR,Puerto Rico,Corporate
13347,16967,Laredo,TX,EE. UU.,Consumer
13348,16966,Miami,FL,EE. UU.,Home Office
13349,16965,Bronx,NY,EE. UU.,Home Office
13350,16964,Caguas,PR,Puerto Rico,Home Office
13351,16963,Findlay,OH,EE. UU.,Home Office
13352,16962,El Monte,CA,EE. UU.,Corporate
13353,16961,Caguas,PR,Puerto Rico,Consumer
13354,16960,Potomac,MD,EE. UU.,Home Office
13355,16959,Caguas,PR,Puerto Rico,Home Office
13356,16958,Wyoming,MI,EE. UU.,Consumer
13357,16957,Caguas,PR,Puerto Rico,Consumer
13358,16956,Chicago,IL,EE. UU.,Home Office
13359,16955,Caguas,PR,Puerto Rico,Consumer
13360,16954,Anaheim,CA,EE. UU.,Consumer
13361,16953,Caguas,PR,Puerto Rico,Home Office
13362,16952,Brooklyn,NY,EE. UU.,Consumer
13363,16951,Caguas,PR,Puerto Rico,Consumer
13364,16950,West Covina,CA,EE. UU.,Consumer
13365,16949,Caguas,PR,Puerto Rico,Consumer
13366,16948,San Diego,CA,EE. UU.,Home Office
13367,16947,Caguas,PR,Puerto Rico,Consumer
13368,16946,Strongsville,OH,EE. UU.,Corporate
13369,16945,Caguas,PR,Puerto Rico,Corporate
13370,16944,Austin,TX,EE. UU.,Corporate
13371,16943,Ithaca,NY,EE. UU.,Corporate
13372,16942,Virginia Beach,VA,EE. UU.,Consumer
13373,16941,San Diego,CA,EE. UU.,Consumer
13374,16940,Caguas,PR,Puerto Rico,Consumer
13375,16939,Saint Paul,MN,EE. UU.,Consumer
13376,16938,Caguas,PR,Puerto Rico,Consumer
13377,16937,Watsonville,CA,EE. UU.,Consumer
13378,16936,Edinburg,TX,EE. UU.,Consumer
13379,16935,Caguas,PR,Puerto Rico,Consumer
13380,16934,Los Angeles,CA,EE. UU.,Consumer
13381,16933,Caguas,PR,Puerto Rico,Consumer
13382,16932,Newark,NJ,EE. UU.,Consumer
13383,16931,Caguas,PR,Puerto Rico,Consumer
13384,16930,Orange Park,FL,EE. UU.,Consumer
13385,16929,Caguas,PR,Puerto Rico,Consumer
13386,16928,Lawrence,MA,EE. UU.,Consumer
13387,16927,Elmhurst,NY,EE. UU.,Consumer
13388,16926,Caguas,PR,Puerto Rico,Consumer
13389,16925,Dorchester Center,MA,EE. UU.,Consumer
13390,16924,Caguas,PR,Puerto Rico,Home Office
13391,16923,Diamond Bar,CA,EE. UU.,Consumer
13392,16922,San Pedro,CA,EE. UU.,Consumer
13393,16921,Caguas,PR,Puerto Rico,Home Office
13394,16920,Powder Springs,GA,EE. UU.,Home Office
13395,16919,Baltimore,MD,EE. UU.,Home Office
13396,16918,Caguas,PR,Puerto Rico,Consumer
13397,16917,Doylestown,PA,EE. UU.,Consumer
13398,16916,Vega Baja,PR,Puerto Rico,Consumer
13399,16915,Caguas,PR,Puerto Rico,Corporate
13400,16914,West Jordan,UT,EE. UU.,Home Office
13401,16913,Duluth,GA,EE. UU.,Consumer
13402,16912,Brooklyn,NY,EE. UU.,Home Office
13403,16911,Glendale,AZ,EE. UU.,Home Office
13404,16910,Caguas,PR,Puerto Rico,Home Office
13405,16909,West Chester,PA,EE. UU.,Home Office
13406,16908,Caguas,PR,Puerto Rico,Consumer
13407,16907,Sacramento,CA,EE. UU.,Consumer
13408,16906,Brooklyn,NY,EE. UU.,Home Office
13409,16905,Caguas,PR,Puerto Rico,Home Office
13410,16904,Carol Stream,IL,EE. UU.,Home Office
13411,16903,Caguas,PR,Puerto Rico,Corporate
13412,16902,Yauco,PR,Puerto Rico,Home Office
13413,16901,Caguas,PR,Puerto Rico,Home Office
13414,16900,Amarillo,TX,EE. UU.,Corporate
13415,16899,Fairfield,CA,EE. UU.,Consumer
13416,16898,Caguas,PR,Puerto Rico,Home Office
13417,16897,San Jose,CA,EE. UU.,Home Office
13418,16896,Los Angeles,CA,EE. UU.,Home Office
13419,16895,Caguas,PR,Puerto Rico,Consumer
13420,16894,Tonawanda,NY,EE. UU.,Corporate
13421,16893,Caguas,PR,Puerto Rico,Consumer
13422,16892,Miami,FL,EE. UU.,Corporate
13423,16891,Caguas,PR,Puerto Rico,Corporate
13424,16890,San Ramon,CA,EE. UU.,Corporate
13425,16889,Caguas,PR,Puerto Rico,Consumer
13426,16888,Freeport,NY,EE. UU.,Consumer
13427,16887,Salinas,CA,EE. UU.,Consumer
13428,16886,Caguas,PR,Puerto Rico,Consumer
13429,16885,Peabody,MA,EE. UU.,Consumer
13430,16884,Caguas,PR,Puerto Rico,Consumer
13431,16883,Canovanas,PR,Puerto Rico,Corporate
13432,16882,Paramount,CA,EE. UU.,Corporate
13433,16881,Caguas,PR,Puerto Rico,Home Office
13434,16880,Mount Prospect,IL,EE. UU.,Home Office
13435,16879,Long Beach,CA,EE. UU.,Home Office
13436,16878,Caguas,PR,Puerto Rico,Home Office
13437,16877,Rancho Cordova,CA,EE. UU.,Home Office
13438,16876,Caguas,PR,Puerto Rico,Consumer
13439,16875,Billings,MT,EE. UU.,Home Office
13440,16874,Caguas,PR,Puerto Rico,Home Office
13441,16873,Wilkes Barre,PA,EE. UU.,Corporate
13442,16872,Caguas,PR,Puerto Rico,Corporate
13443,16871,Roseville,MI,EE. UU.,Corporate
13444,16870,Bellflower,CA,EE. UU.,Consumer
13445,16869,Caguas,PR,Puerto Rico,Consumer
13446,16868,Wheaton,IL,EE. UU.,Consumer
13447,16867,Caguas,PR,Puerto Rico,Consumer
13448,16866,Detroit,MI,EE. UU.,Consumer
13449,16865,Dallas,TX,EE. UU.,Consumer
13450,16864,Caguas,PR,Puerto Rico,Consumer
13451,16863,Carlisle,PA,EE. UU.,Consumer
13452,16862,Dallas,TX,EE. UU.,Consumer
13453,16861,Caguas,PR,Puerto Rico,Corporate
13454,16860,Newark,DE,EE. UU.,Consumer
13455,16859,Panorama City,CA,EE. UU.,Consumer
13456,16858,Caguas,PR,Puerto Rico,Corporate
13457,16857,Atlanta,GA,EE. UU.,Corporate
13458,16856,Caguas,PR,Puerto Rico,Consumer
13459,16855,Fremont,CA,EE. UU.,Consumer
13460,16854,Caguas,PR,Puerto Rico,Consumer
13461,16853,Rochester,NY,EE. UU.,Home Office
13462,16852,Dallas,TX,EE. UU.,Corporate
13463,16851,Caguas,PR,Puerto Rico,Corporate
13464,16850,Sunnyvale,CA,EE. UU.,Consumer
13465,16849,Sugar Land,TX,EE. UU.,Consumer
13466,16848,Caguas,PR,Puerto Rico,Consumer
13467,16847,Brighton,MA,EE. UU.,Consumer
13468,16846,Caguas,PR,Puerto Rico,Consumer
13469,16845,Garden Grove,CA,EE. UU.,Home Office
13470,16844,Caguas,PR,Puerto Rico,Home Office
13471,16843,Bismarck,ND,EE. UU.,Corporate
13472,16842,Caguas,PR,Puerto Rico,Corporate
13473,16841,Gaithersburg,MD,EE. UU.,Corporate
13474,16840,Caguas,PR,Puerto Rico,Consumer
13475,16839,Bismarck,ND,EE. UU.,Consumer
13476,16838,Honolulu,HI,EE. UU.,Corporate
13477,16837,Lilburn,GA,EE. UU.,Consumer
13478,16836,Caguas,PR,Puerto Rico,Corporate
13479,16835,Virginia Beach,VA,EE. UU.,Consumer
13480,16834,Azusa,CA,EE. UU.,Corporate
13481,16833,Long Beach,CA,EE. UU.,Corporate
13482,16832,Bronx,NY,EE. UU.,Corporate
13483,16831,Caguas,PR,Puerto Rico,Corporate
13484,16830,Provo,UT,EE. UU.,Consumer
13485,16829,Columbia,TN,EE. UU.,Consumer
13486,16828,Caguas,PR,Puerto Rico,Consumer
13487,16827,Stockton,CA,EE. UU.,Consumer
13488,16826,Marietta,GA,EE. UU.,Consumer
13489,16825,Caguas,PR,Puerto Rico,Consumer
13490,16824,Holland,MI,EE. UU.,Consumer
13491,16823,Rio Grande,PR,Puerto Rico,Consumer
13492,16822,Brooklyn,NY,EE. UU.,Corporate
13493,16821,Caguas,PR,Puerto Rico,Consumer
13494,16820,Denver,CO,EE. UU.,Consumer
13495,16819,Taylor,MI,EE. UU.,Corporate
13496,16818,Caguas,PR,Puerto Rico,Corporate
13497,16817,Chicago,IL,EE. UU.,Corporate
13498,16816,Caguas,PR,Puerto Rico,Corporate
13499,16815,Detroit,MI,EE. UU.,Corporate
13500,16814,Caguas,PR,Puerto Rico,Corporate
13501,16813,Murfreesboro,TN,EE. UU.,Corporate
13502,16812,Caguas,PR,Puerto Rico,Consumer
13503,16811,Cleveland,OH,EE. UU.,Consumer
13504,16810,Caguas,PR,Puerto Rico,Consumer
13505,16809,Lockport,NY,EE. UU.,Home Office
13506,16808,Caguas,PR,Puerto Rico,Consumer
13507,16807,Saint Charles,MO,EE. UU.,Home Office
13508,16806,Los Angeles,CA,EE. UU.,Home Office
13509,16805,Cupertino,CA,EE. UU.,Home Office
13510,16804,Caguas,PR,Puerto Rico,Home Office
13511,16803,Springfield,MO,EE. UU.,Corporate
13512,16802,Caguas,PR,Puerto Rico,Corporate
13513,16801,Mission Viejo,CA,EE. UU.,Consumer
13514,16800,Los Angeles,CA,EE. UU.,Consumer
13515,16799,Caguas,PR,Puerto Rico,Consumer
13516,16798,Roswell,GA,EE. UU.,Consumer
13517,16797,Caguas,PR,Puerto Rico,Consumer
13518,16796,Ypsilanti,MI,EE. UU.,Consumer
13519,16795,Brooklyn,NY,EE. UU.,Consumer
13520,16794,Caguas,PR,Puerto Rico,Consumer
13521,16793,Peoria,AZ,EE. UU.,Consumer
13522,16792,Caguas,PR,Puerto Rico,Consumer
13523,16791,Garden Grove,CA,EE. UU.,Home Office
13524,16790,Caguas,PR,Puerto Rico,Consumer
13525,16789,Clementon,NJ,EE. UU.,Corporate
13526,16788,Memphis,TN,EE. UU.,Corporate
13527,16787,Antioch,TN,EE. UU.,Corporate
13528,16786,Caguas,PR,Puerto Rico,Consumer
13529,16785,Salt Lake City,UT,EE. UU.,Consumer
13530,16784,Caguas,PR,Puerto Rico,Consumer
13531,16783,Bakersfield,CA,EE. UU.,Consumer
13532,16782,Caguas,PR,Puerto Rico,Consumer
13533,16781,Granada Hills,CA,EE. UU.,Consumer
13534,16780,Caguas,PR,Puerto Rico,Consumer
13535,16779,Tallahassee,FL,EE. UU.,Consumer
13536,16778,Caguas,PR,Puerto Rico,Consumer
13537,16777,Hempstead,NY,EE. UU.,Consumer
13538,16776,Caguas,PR,Puerto Rico,Consumer
13539,16775,Astoria,NY,EE. UU.,Corporate
13540,403,Las Vegas,NV,EE. UU.,Consumer
13541,11193,Caguas,PR,Puerto Rico,Consumer
13542,9462,Bell Gardens,CA,EE. UU.,Home Office
13543,525,Caguas,PR,Puerto Rico,Consumer
13544,576,Houston,TX,EE. UU.,Home Office
13545,5908,Austin,TX,EE. UU.,Consumer
13546,3342,Rio Grande,PR,Puerto Rico,Consumer
13547,7418,El Paso,TX,EE. UU.,Home Office
13548,5372,Augusta,GA,EE. UU.,Home Office
13549,9844,Tucson,AZ,EE. UU.,Home Office
13550,3399,Caguas,PR,Puerto Rico,Corporate
13551,11391,Philadelphia,PA,EE. UU.,Home Office
13552,7907,Jamaica,NY,EE. UU.,Consumer
13553,8114,Caguas,PR,Puerto Rico,Consumer
13554,6019,Laredo,TX,EE. UU.,Home Office
13555,3214,Caguas,PR,Puerto Rico,Corporate
13556,12075,Azusa,CA,EE. UU.,Home Office
13557,4655,Florissant,MO,EE. UU.,Consumer
13558,11094,Mission,TX,EE. UU.,Home Office
13559,153,Hollywood,FL,EE. UU.,Home Office
13560,9412,Lancaster,CA,EE. UU.,Home Office
13561,9548,Billings,MT,EE. UU.,Corporate
13562,9960,Caguas,PR,Puerto Rico,Home Office
13563,1520,Caguas,PR,Puerto Rico,Consumer
13564,2151,Decatur,GA,EE. UU.,Corporate
13565,10298,Bronx,NY,EE. UU.,Home Office
13566,4294,Brownsville,TX,EE. UU.,Consumer
13567,8225,Encinitas,CA,EE. UU.,Home Office
13568,10725,Chicago,IL,EE. UU.,Home Office
13569,2547,North Richland Hills,TX,EE. UU.,Home Office
13570,2018,Caguas,PR,Puerto Rico,Consumer
13571,9948,Westminster,CA,EE. UU.,Home Office
13572,10110,San Pablo,CA,EE. UU.,Home Office
13573,5786,Sumner,WA,EE. UU.,Home Office
13574,11759,Caguas,PR,Puerto Rico,Consumer
13575,9546,Caguas,PR,Puerto Rico,Corporate
13576,11817,Knoxville,TN,EE. UU.,Home Office
13577,9099,Caguas,PR,Puerto Rico,Home Office
13578,5897,Newburgh,NY,EE. UU.,Home Office
13579,2105,Caguas,PR,Puerto Rico,Corporate
13580,5539,Ontario,CA,EE. UU.,Consumer
13581,6347,Greensboro,NC,EE. UU.,Home Office
13582,5729,Mission,TX,EE. UU.,Home Office
13583,5406,Algonquin,IL,EE. UU.,Home Office
13584,972,Caguas,PR,Puerto Rico,Consumer
13585,1224,Caguas,PR,Puerto Rico,Consumer
13586,3185,Birmingham,AL,EE. UU.,Consumer
13587,7394,Bellingham,WA,EE. UU.,Home Office
13588,6401,Caguas,PR,Puerto Rico,Consumer
13589,11498,Caguas,PR,Puerto Rico,Consumer
13590,8136,Saint Charles,MO,EE. UU.,Home Office
13591,7263,Caguas,PR,Puerto Rico,Consumer
13592,9851,Caguas,PR,Puerto Rico,Consumer
13593,191,Portland,OR,EE. UU.,Home Office
13594,6891,Caguas,PR,Puerto Rico,Consumer
13595,12282,Caguas,PR,Puerto Rico,Consumer
13596,9880,Los Angeles,CA,EE. UU.,Home Office
13597,3783,El Paso,TX,EE. UU.,Consumer
13598,10084,Caguas,PR,Puerto Rico,Consumer
13599,950,Las Vegas,NV,EE. UU.,Home Office
13600,12150,Dallas,TX,EE. UU.,Home Office
13601,2602,Long Beach,CA,EE. UU.,Home Office
13602,1967,Caguas,PR,Puerto Rico,Corporate
13603,10049,Santa Fe,NM,EE. UU.,Home Office
13604,8887,Caguas,PR,Puerto Rico,Corporate
13605,2697,Caguas,PR,Puerto Rico,Consumer
13606,2620,Caguas,PR,Puerto Rico,Consumer
13607,1534,Fountain Valley,CA,EE. UU.,Home Office
13608,8799,Stockton,CA,EE. UU.,Consumer
13609,353,San Antonio,TX,EE. UU.,Home Office
13610,3904,Caguas,PR,Puerto Rico,Consumer
13611,6924,Caguas,PR,Puerto Rico,Consumer
13612,8153,Caguas,PR,Puerto Rico,Consumer
13613,6567,Fontana,CA,EE. UU.,Consumer
13614,7943,Juana Diaz,PR,Puerto Rico,Consumer
13615,7469,Brooklyn,NY,EE. UU.,Consumer
13616,1929,San Antonio,TX,EE. UU.,Consumer
13617,975,Saginaw,MI,EE. UU.,Consumer
13618,1239,Chicago,IL,EE. UU.,Home Office
13619,10196,Caguas,PR,Puerto Rico,Home Office
13620,2663,San Diego,CA,EE. UU.,Consumer
13621,3893,Los Angeles,CA,EE. UU.,Home Office
13622,4472,Caguas,PR,Puerto Rico,Corporate
13623,7620,Caguas,PR,Puerto Rico,Consumer
13624,10180,Middletown,CT,EE. UU.,Home Office
13625,12067,Rowland Heights,CA,EE. UU.,Home Office
13626,6755,Passaic,NJ,EE. UU.,Home Office
13627,631,Brooklyn,NY,EE. UU.,Consumer
13628,9878,Van Nuys,CA,EE. UU.,Home Office
13629,10243,Los Angeles,CA,EE. UU.,Consumer
13630,4037,Caguas,PR,Puerto Rico,Consumer
13631,9779,Baltimore,MD,EE. UU.,Home Office
13632,718,Caguas,PR,Puerto Rico,Consumer
13633,594,Lynnwood,WA,EE. UU.,Home Office
13634,3494,Montebello,CA,EE. UU.,Corporate
13635,8244,Lancaster,CA,EE. UU.,Home Office
13636,4671,Chandler,AZ,EE. UU.,Consumer
13637,5343,Oak Lawn,IL,EE. UU.,Home Office
13638,11098,Westerville,OH,EE. UU.,Home Office
13639,537,Costa Mesa,CA,EE. UU.,Home Office
13640,9168,Caguas,PR,Puerto Rico,Consumer
13641,9846,Los Angeles,CA,EE. UU.,Consumer
13642,8983,Pekin,IL,EE. UU.,Home Office
13643,3701,Hollywood,FL,EE. UU.,Consumer
13644,6109,Caguas,PR,Puerto Rico,Consumer
13645,5177,Encinitas,CA,EE. UU.,Home Office
13646,2579,Citrus Heights,CA,EE. UU.,Consumer
13647,9190,Dallas,TX,EE. UU.,Consumer
13648,11355,Lenoir,NC,EE. UU.,Home Office
13649,5391,Roswell,GA,EE. UU.,Home Office
13650,7865,New York,NY,EE. UU.,Home Office
13651,7709,Caguas,PR,Puerto Rico,Consumer
13652,1304,Caguas,PR,Puerto Rico,Corporate
13653,7097,Caguas,PR,Puerto Rico,Consumer
13654,11143,Brooklyn,NY,EE. UU.,Home Office
13655,8789,Caguas,PR,Puerto Rico,Consumer
13656,2132,Caguas,PR,Puerto Rico,Consumer
13657,701,Hollister,CA,EE. UU.,Home Office
13658,544,Caguas,PR,Puerto Rico,Consumer
13659,11219,Caguas,PR,Puerto Rico,Consumer
13660,3472,Caguas,PR,Puerto Rico,Consumer
13661,7286,Mount Pleasant,MI,EE. UU.,Home Office
13662,2322,Walnut,CA,EE. UU.,Home Office
13663,3074,Montebello,CA,EE. UU.,Home Office
13664,308,South Ozone Park,NY,EE. UU.,Home Office
13665,4906,San Jose,CA,EE. UU.,Home Office
13666,8382,Fort Worth,TX,EE. UU.,Home Office
13667,11013,Philadelphia,PA,EE. UU.,Home Office
13668,9081,Chicago,IL,EE. UU.,Home Office
13669,12076,Tempe,AZ,EE. UU.,Home Office
13670,4957,South Ozone Park,NY,EE. UU.,Consumer
13671,1214,Caguas,PR,Puerto Rico,Home Office
13672,1765,Brooklyn,NY,EE. UU.,Home Office
13673,873,Bay Shore,NY,EE. UU.,Home Office
13674,9598,Elmhurst,IL,EE. UU.,Home Office
13675,8607,Diamond Bar,CA,EE. UU.,Home Office
13676,6745,Chicago,IL,EE. UU.,Corporate
13677,9530,Peabody,MA,EE. UU.,Consumer
13678,6819,Greensboro,NC,EE. UU.,Home Office
13679,2757,Caguas,PR,Puerto Rico,Consumer
13680,4180,Brooklyn,NY,EE. UU.,Consumer
13681,5064,Phoenix,AZ,EE. UU.,Home Office
13682,12210,Elgin,IL,EE. UU.,Home Office
13683,6468,Caguas,PR,Puerto Rico,Consumer
13684,6395,Hyattsville,MD,EE. UU.,Home Office
13685,10813,Caguas,PR,Puerto Rico,Corporate
13686,6201,Caguas,PR,Puerto Rico,Consumer
13687,5542,Caguas,PR,Puerto Rico,Consumer
13688,177,Caguas,PR,Puerto Rico,Consumer
13689,5189,Philadelphia,PA,EE. UU.,Home Office
13690,9125,Caguas,PR,Puerto Rico,Consumer
13691,7053,Saginaw,MI,EE. UU.,Consumer
13692,4434,Bellflower,CA,EE. UU.,Home Office
13693,3133,Freeport,NY,EE. UU.,Home Office
13694,5742,Bend,OR,EE. UU.,Home Office
13695,3111,Caguas,PR,Puerto Rico,Consumer
13696,7002,Wyoming,MI,EE. UU.,Consumer
13697,8528,Caguas,PR,Puerto Rico,Consumer
13698,4495,Caguas,PR,Puerto Rico,Consumer
13699,4231,Saint Paul,MN,EE. UU.,Home Office
13700,7863,Mililani,HI,EE. UU.,Home Office
13701,3143,Stamford,CT,EE. UU.,Home Office
13702,8948,Cerritos,CA,EE. UU.,Home Office
13703,1581,Saint Louis,MO,EE. UU.,Consumer
13704,11165,Philadelphia,PA,EE. UU.,Home Office
13705,491,Henderson,NV,EE. UU.,Home Office
13706,829,West Orange,NJ,EE. UU.,Home Office
13707,2637,Hampton,VA,EE. UU.,Home Office
13708,8590,Fort Lauderdale,FL,EE. UU.,Consumer
13709,2863,Crown Point,IN,EE. UU.,Home Office
13710,10758,Marietta,GA,EE. UU.,Home Office
13711,11210,Caguas,PR,Puerto Rico,Consumer
13712,3655,Mount Prospect,IL,EE. UU.,Home Office
13713,3228,Corona,NY,EE. UU.,Home Office
13714,9594,Philadelphia,PA,EE. UU.,Home Office
13715,5255,Virginia Beach,VA,EE. UU.,Home Office
13716,8786,Compton,CA,EE. UU.,Home Office
13717,11258,Tucson,AZ,EE. UU.,Consumer
13718,5482,Caguas,PR,Puerto Rico,Home Office
13719,8609,Jamaica,NY,EE. UU.,Home Office
13720,6210,Caguas,PR,Puerto Rico,Consumer
13721,7986,Chicago,IL,EE. UU.,Home Office
13722,1479,Caguas,PR,Puerto Rico,Consumer
13723,9861,Oak Lawn,IL,EE. UU.,Consumer
13724,3548,San Diego,CA,EE. UU.,Home Office
13725,5577,Modesto,CA,EE. UU.,Home Office
13726,12157,Jacksonville,NC,EE. UU.,Consumer
13727,9887,Everett,WA,EE. UU.,Home Office
13728,10989,New York,NY,EE. UU.,Home Office
13729,4275,Waipahu,HI,EE. UU.,Home Office
13730,4165,Tucson,AZ,EE. UU.,Consumer
13731,8867,Caguas,PR,Puerto Rico,Consumer
13732,9132,Eugene,OR,EE. UU.,Home Office
13733,10007,New York,NY,EE. UU.,Home Office
13734,10801,Saint Paul,MN,EE. UU.,Consumer
13735,1819,Albuquerque,NM,EE. UU.,Home Office
13736,5948,Caguas,PR,Puerto Rico,Consumer
13737,5407,Caguas,PR,Puerto Rico,Home Office
13738,5129,Houston,TX,EE. UU.,Home Office
13739,5192,Irvington,NJ,EE. UU.,Home Office
13740,2089,Atlanta,GA,EE. UU.,Home Office
13741,9139,Greensboro,NC,EE. UU.,Home Office
13742,8185,Folsom,CA,EE. UU.,Home Office
13743,7822,Ridgewood,NY,EE. UU.,Home Office
13744,10979,Caguas,PR,Puerto Rico,Corporate
13745,7071,North Richland Hills,TX,EE. UU.,Home Office
13746,651,Santa Fe,NM,EE. UU.,Consumer
13747,4889,Caguas,PR,Puerto Rico,Corporate
13748,4803,Los Angeles,CA,EE. UU.,Consumer
13749,115,West Covina,CA,EE. UU.,Consumer
13750,2323,Webster,NY,EE. UU.,Home Office
13751,2046,Caguas,PR,Puerto Rico,Consumer
13752,10976,San Jose,CA,EE. UU.,Home Office
13753,4649,Goose Creek,SC,EE. UU.,Consumer
13754,8251,Jackson,MI,EE. UU.,Home Office
13755,12143,Caguas,PR,Puerto Rico,Consumer
13756,5004,Miami,FL,EE. UU.,Home Office
13757,12374,Bend,OR,EE. UU.,Home Office
13758,1957,Chicago,IL,EE. UU.,Consumer
13759,11461,Albuquerque,NM,EE. UU.,Consumer
13760,3073,Caguas,PR,Puerto Rico,Corporate
13761,3974,Seattle,WA,EE. UU.,Consumer
13762,12127,Cumberland,MD,EE. UU.,Home Office
13763,2442,Caguas,PR,Puerto Rico,Consumer
13764,9067,Guayama,PR,Puerto Rico,Home Office
13765,10223,Caguas,PR,Puerto Rico,Consumer
13766,12325,Baltimore,MD,EE. UU.,Home Office
13767,5688,Caguas,PR,Puerto Rico,Corporate
13768,9639,Florissant,MO,EE. UU.,Home Office
13769,5991,Arlington,VA,EE. UU.,Consumer
13770,148,Caguas,PR,Puerto Rico,Consumer
13771,2355,Katy,TX,EE. UU.,Home Office
13772,5392,Caguas,PR,Puerto Rico,Home Office
13773,859,Greensburg,PA,EE. UU.,Home Office
13774,5730,Doylestown,PA,EE. UU.,Home Office
13775,9131,New Castle,DE,EE. UU.,Consumer
13776,4522,Wyoming,MI,EE. UU.,Home Office
13777,4515,Caguas,PR,Puerto Rico,Consumer
13778,1040,San Francisco,CA,EE. UU.,Corporate
13779,7750,Bronx,NY,EE. UU.,Home Office
13780,1531,Caguas,PR,Puerto Rico,Consumer
13781,2017,Perth Amboy,NJ,EE. UU.,Consumer
13782,6130,Tulare,CA,EE. UU.,Home Office
13783,4143,Reno,NV,EE. UU.,Home Office
13784,10515,New Orleans,LA,EE. UU.,Home Office
13785,7968,Caguas,PR,Puerto Rico,Consumer
13786,3910,Caguas,PR,Puerto Rico,Consumer
13787,3765,Caguas,PR,Puerto Rico,Consumer
13788,10894,Bellingham,WA,EE. UU.,Home Office
13789,11554,San Benito,TX,EE. UU.,Home Office
13790,7970,Caguas,PR,Puerto Rico,Consumer
13791,2416,Houston,TX,EE. UU.,Consumer
13792,1874,Los Angeles,CA,EE. UU.,Consumer
13793,8209,Caguas,PR,Puerto Rico,Consumer
13794,8452,Hendersonville,TN,EE. UU.,Home Office
13795,1716,Houston,TX,EE. UU.,Home Office
13796,9551,New York,NY,EE. UU.,Home Office
13797,1671,Caguas,PR,Puerto Rico,Consumer
13798,3107,Caguas,PR,Puerto Rico,Corporate
13799,8968,Buffalo,NY,EE. UU.,Home Office
13800,7588,Rochester,NY,EE. UU.,Home Office
13801,7703,Rancho Cordova,CA,EE. UU.,Consumer
13802,5280,Caguas,PR,Puerto Rico,Consumer
13803,9048,Stockton,CA,EE. UU.,Home Office
13804,6425,Orlando,FL,EE. UU.,Home Office
13805,5784,Antioch,TN,EE. UU.,Home Office
13806,1735,Carlisle,PA,EE. UU.,Home Office
13807,11448,Caguas,PR,Puerto Rico,Consumer
13808,9332,Caguas,PR,Puerto Rico,Consumer
13809,6175,Caguas,PR,Puerto Rico,Home Office
13810,12204,Los Angeles,CA,EE. UU.,Home Office
13811,4288,Carrollton,TX,EE. UU.,Consumer
13812,884,Florissant,MO,EE. UU.,Consumer
13813,8303,Bell Gardens,CA,EE. UU.,Home Office
13814,5381,Los Angeles,CA,EE. UU.,Home Office
13815,10177,Caguas,PR,Puerto Rico,Consumer
13816,7198,Caguas,PR,Puerto Rico,Corporate
13817,6555,Caguas,PR,Puerto Rico,Home Office
13818,11860,New Haven,CT,EE. UU.,Home Office
13819,8143,Caguas,PR,Puerto Rico,Consumer
13820,4359,Brooklyn,NY,EE. UU.,Consumer
13821,2884,Caguas,PR,Puerto Rico,Corporate
13822,216,Visalia,CA,EE. UU.,Home Office
13823,11711,Chicago,IL,EE. UU.,Home Office
13824,6734,Hialeah,FL,EE. UU.,Home Office
13825,10855,Caguas,PR,Puerto Rico,Consumer
13826,8819,Encinitas,CA,EE. UU.,Home Office
13827,12017,Dearborn,MI,EE. UU.,Home Office
13828,2581,Newburgh,NY,EE. UU.,Home Office
13829,9987,Lodi,CA,EE. UU.,Consumer
13830,5171,Saint Louis,MO,EE. UU.,Consumer
13831,10090,Newark,DE,EE. UU.,Home Office
13832,4802,Caguas,PR,Puerto Rico,Consumer
13833,5879,Brooklyn,NY,EE. UU.,Home Office
13834,215,Flushing,NY,EE. UU.,Home Office
13835,6929,Pittsfield,MA,EE. UU.,Home Office
13836,1672,San Bernardino,CA,EE. UU.,Home Office
13837,2186,Los Angeles,CA,EE. UU.,Consumer
13838,6158,Alhambra,CA,EE. UU.,Home Office
13839,8834,Simi Valley,CA,EE. UU.,Home Office
13840,1130,Caguas,PR,Puerto Rico,Corporate
13841,1414,Oxnard,CA,EE. UU.,Home Office
13842,1691,Caguas,PR,Puerto Rico,Corporate
13843,11813,Caguas,PR,Puerto Rico,Corporate
13844,5632,Union,NJ,EE. UU.,Home Office
13845,10259,Virginia Beach,VA,EE. UU.,Home Office
13846,8815,Pompano Beach,FL,EE. UU.,Home Office
13847,3707,Caguas,PR,Puerto Rico,Home Office
13848,3945,Portland,OR,EE. UU.,Home Office
13849,10528,Tucson,AZ,EE. UU.,Home Office
13850,10389,Caguas,PR,Puerto Rico,Home Office
13851,6979,Hyattsville,MD,EE. UU.,Home Office
13852,10314,Caguas,PR,Puerto Rico,Consumer
13853,9115,New York,NY,EE. UU.,Home Office
13854,1200,Brooklyn,NY,EE. UU.,Home Office
13855,2477,Caguas,PR,Puerto Rico,Consumer
13856,7389,Caguas,PR,Puerto Rico,Consumer
13857,227,Tempe,AZ,EE. UU.,Home Office
13858,10396,Elmhurst,IL,EE. UU.,Consumer
13859,12131,Everett,WA,EE. UU.,Home Office
13860,8873,Caguas,PR,Puerto Rico,Corporate
13861,10630,Mayaguez,PR,Puerto Rico,Consumer
13862,11682,La Puente,CA,EE. UU.,Home Office
13863,4593,Florissant,MO,EE. UU.,Home Office
13864,9975,Rochester,NY,EE. UU.,Home Office
13865,1125,Caguas,PR,Puerto Rico,Consumer
13866,10030,Caguas,PR,Puerto Rico,Corporate
13867,5579,Elgin,IL,EE. UU.,Home Office
13868,5496,Kent,WA,EE. UU.,Home Office
13869,680,Strongsville,OH,EE. UU.,Home Office
13870,6396,Caguas,PR,Puerto Rico,Consumer
13871,11004,Baltimore,MD,EE. UU.,Home Office
13872,7632,San Antonio,TX,EE. UU.,Home Office
13873,8160,El Centro,CA,EE. UU.,Home Office
13874,10841,Memphis,TN,EE. UU.,Home Office
13875,5454,Ogden,UT,EE. UU.,Home Office
13876,5581,Caguas,PR,Puerto Rico,Corporate
13877,2470,Los Angeles,CA,EE. UU.,Consumer
13878,2807,Brooklyn,NY,EE. UU.,Consumer
13879,10644,Caguas,PR,Puerto Rico,Home Office
13880,9896,Caguas,PR,Puerto Rico,Consumer
13881,8220,Orlando,FL,EE. UU.,Home Office
13882,3524,Lawrenceville,GA,EE. UU.,Consumer
13883,6445,Strongsville,OH,EE. UU.,Home Office
13884,11101,Fresno,CA,EE. UU.,Home Office
13885,3795,Caguas,PR,Puerto Rico,Corporate
13886,6195,Apopka,FL,EE. UU.,Home Office
13887,1674,Bellflower,CA,EE. UU.,Home Office
13888,2112,Virginia Beach,VA,EE. UU.,Home Office
13889,8134,Elmhurst,NY,EE. UU.,Consumer
13890,7868,Gwynn Oak,MD,EE. UU.,Home Office
13891,1204,Berwyn,IL,EE. UU.,Home Office
13892,10814,Washington,DC,EE. UU.,Home Office
13893,4458,Tonawanda,NY,EE. UU.,Consumer
13894,5747,San Benito,TX,EE. UU.,Home Office
13895,2981,Moreno Valley,CA,EE. UU.,Home Office
13896,7266,Gilroy,CA,EE. UU.,Home Office
13897,6174,Massapequa,NY,EE. UU.,Home Office
13898,1267,Florissant,MO,EE. UU.,Home Office
13899,5825,San Diego,CA,EE. UU.,Home Office
13900,10411,Caguas,PR,Puerto Rico,Corporate
13901,11571,Brandon,FL,EE. UU.,Consumer
13902,4537,Fort Lauderdale,FL,EE. UU.,Home Office
13903,8477,Caguas,PR,Puerto Rico,Corporate
13904,2079,Bend,OR,EE. UU.,Home Office
13905,7977,Caguas,PR,Puerto Rico,Consumer
13906,11961,Aurora,IL,EE. UU.,Home Office
13907,6108,Hanover,PA,EE. UU.,Home Office
13908,7781,Caguas,PR,Puerto Rico,Consumer
13909,3151,Aurora,IL,EE. UU.,Home Office
13910,9927,Miami,FL,EE. UU.,Consumer
13911,7934,Davis,CA,EE. UU.,Home Office
13912,10704,Westminster,CA,EE. UU.,Home Office
13913,887,Reseda,CA,EE. UU.,Home Office
13914,2286,Baltimore,MD,EE. UU.,Home Office
13915,9976,Caguas,PR,Puerto Rico,Corporate
13916,485,Caguas,PR,Puerto Rico,Consumer
13917,3237,Caguas,PR,Puerto Rico,Consumer
13918,9242,Fayetteville,NC,EE. UU.,Home Office
13919,4375,Cleveland,OH,EE. UU.,Home Office
13920,8578,Caguas,PR,Puerto Rico,Consumer
13921,3930,Caguas,PR,Puerto Rico,Consumer
13922,2558,Modesto,CA,EE. UU.,Corporate
13923,11171,Caguas,PR,Puerto Rico,Consumer
13924,220,Salinas,CA,EE. UU.,Consumer
13925,2241,Bolingbrook,IL,EE. UU.,Home Office
13926,510,Hialeah,FL,EE. UU.,Home Office
13927,4360,Ypsilanti,MI,EE. UU.,Consumer
13928,1351,Caguas,PR,Puerto Rico,Corporate
13929,11524,Caguas,PR,Puerto Rico,Consumer
13930,9094,Caguas,PR,Puerto Rico,Consumer
13931,10977,Caguas,PR,Puerto Rico,Consumer
13932,7058,Caguas,PR,Puerto Rico,Consumer
13933,7181,Sumner,WA,EE. UU.,Consumer
13934,9364,Jamaica,NY,EE. UU.,Home Office
13935,10480,Chicago,IL,EE. UU.,Home Office
13936,3943,Lawrence,MA,EE. UU.,Home Office
13937,6694,Caguas,PR,Puerto Rico,Corporate
13938,3618,Caguas,PR,Puerto Rico,Consumer
13939,5679,Plymouth,MA,EE. UU.,Home Office
13940,739,Los Angeles,CA,EE. UU.,Home Office
13941,11615,Lake Forest,CA,EE. UU.,Home Office
13942,6107,Chicago,IL,EE. UU.,Home Office
13943,10771,Caguas,PR,Puerto Rico,Consumer
13944,29,Fort Worth,TX,EE. UU.,Consumer
13945,9328,Moreno Valley,CA,EE. UU.,Home Office
13946,6697,Carlisle,PA,EE. UU.,Home Office
13947,4760,Chicago,IL,EE. UU.,Home Office
13948,9192,Chicago,IL,EE. UU.,Home Office
13949,10335,Caguas,PR,Puerto Rico,Consumer
13950,6572,Caguas,PR,Puerto Rico,Consumer
13951,4358,Caguas,PR,Puerto Rico,Corporate
13952,1105,Wyandotte,MI,EE. UU.,Consumer
13953,1009,Eagle Pass,TX,EE. UU.,Home Office
13954,6389,Portland,OR,EE. UU.,Home Office
13955,6826,Staten Island,NY,EE. UU.,Home Office
13956,3573,Caguas,PR,Puerto Rico,Consumer
13957,7861,Compton,CA,EE. UU.,Home Office
13958,1211,Los Angeles,CA,EE. UU.,Consumer
13959,2308,Austin,TX,EE. UU.,Consumer
13960,7525,Caguas,PR,Puerto Rico,Consumer
13961,3633,El Paso,TX,EE. UU.,Consumer
13962,6070,Caguas,PR,Puerto Rico,Consumer
13963,2483,Brooklyn,NY,EE. UU.,Home Office
13964,4831,Caguas,PR,Puerto Rico,Corporate
13965,10844,Granada Hills,CA,EE. UU.,Home Office
13966,1729,Caguas,PR,Puerto Rico,Consumer
13967,8543,Caguas,PR,Puerto Rico,Consumer
13968,9254,Caguas,PR,Puerto Rico,Consumer
13969,1201,Caguas,PR,Puerto Rico,Consumer
13970,9643,Caguas,PR,Puerto Rico,Consumer
13971,3030,Caguas,PR,Puerto Rico,Consumer
13972,4910,Caguas,PR,Puerto Rico,Consumer
13973,1681,Caguas,PR,Puerto Rico,Consumer
13974,7921,Caguas,PR,Puerto Rico,Consumer
13975,3493,Caguas,PR,Puerto Rico,Consumer
13976,9998,Caguas,PR,Puerto Rico,Consumer
13977,709,Caguas,PR,Puerto Rico,Consumer
13978,9404,Caguas,PR,Puerto Rico,Consumer
13979,9578,Caguas,PR,Puerto Rico,Consumer
13980,8249,Caguas,PR,Puerto Rico,Consumer
13981,7384,Caguas,PR,Puerto Rico,Consumer
13982,2014,Caguas,PR,Puerto Rico,Consumer
13983,2759,Caguas,PR,Puerto Rico,Consumer
13984,12236,Caguas,PR,Puerto Rico,Consumer
13985,839,Caguas,PR,Puerto Rico,Consumer
13986,10294,Caguas,PR,Puerto Rico,Consumer
13987,382,Caguas,PR,Puerto Rico,Consumer
13988,3363,Caguas,PR,Puerto Rico,Consumer
13989,3838,Caguas,PR,Puerto Rico,Consumer
13990,12001,Caguas,PR,Puerto Rico,Consumer
13991,11771,Caguas,PR,Puerto Rico,Consumer
13992,9521,Caguas,PR,Puerto Rico,Consumer
13993,6094,Caguas,PR,Puerto Rico,Consumer
13994,11865,San Sebastian,PR,Puerto Rico,Consumer
13995,12270,Caguas,PR,Puerto Rico,Consumer
13996,10840,Caguas,PR,Puerto Rico,Consumer
13997,4304,Caguas,PR,Puerto Rico,Consumer
13998,5950,Caguas,PR,Puerto Rico,Consumer
13999,5980,Caguas,PR,Puerto Rico,Consumer
14000,11264,Caguas,PR,Puerto Rico,Consumer
14001,4608,Caguas,PR,Puerto Rico,Consumer
14002,10743,Caguas,PR,Puerto Rico,Consumer
14003,604,Caguas,PR,Puerto Rico,Consumer
14004,11751,Caguas,PR,Puerto Rico,Consumer
14005,10244,Caguas,PR,Puerto Rico,Consumer
14006,1856,Caguas,PR,Puerto Rico,Consumer
14007,5269,Caguas,PR,Puerto Rico,Consumer
14008,11941,Cayey,PR,Puerto Rico,Consumer
14009,729,Caguas,PR,Puerto Rico,Consumer
14010,9245,Caguas,PR,Puerto Rico,Consumer
14011,10729,Caguas,PR,Puerto Rico,Consumer
14012,584,Caguas,PR,Puerto Rico,Consumer
14013,9641,Caguas,PR,Puerto Rico,Consumer
14014,9275,Caguas,PR,Puerto Rico,Consumer
14015,6633,Caguas,PR,Puerto Rico,Consumer
14016,10181,Caguas,PR,Puerto Rico,Consumer
14017,7767,Caguas,PR,Puerto Rico,Consumer
14018,7304,Caguas,PR,Puerto Rico,Consumer
14019,2332,Caguas,PR,Puerto Rico,Consumer
14020,5757,Caguas,PR,Puerto Rico,Consumer
14021,9431,Caguas,PR,Puerto Rico,Consumer
14022,7380,Caguas,PR,Puerto Rico,Consumer
14023,1877,Caguas,PR,Puerto Rico,Consumer
14024,10677,Caguas,PR,Puerto Rico,Consumer
14025,13098,Caguas,PR,Puerto Rico,Consumer
14026,9421,Caguas,PR,Puerto Rico,Consumer
14027,14221,Caguas,PR,Puerto Rico,Consumer
14028,14576,Caguas,PR,Puerto Rico,Consumer
14029,14468,Caguas,PR,Puerto Rico,Consumer
14030,14431,Caguas,PR,Puerto Rico,Consumer
14031,14273,Caguas,PR,Puerto Rico,Consumer
14032,14501,Caguas,PR,Puerto Rico,Consumer
14033,13000,Caguas,PR,Puerto Rico,Consumer
14034,14198,Caguas,PR,Puerto Rico,Consumer
14035,14266,Caguas,PR,Puerto Rico,Consumer
14036,13247,Caguas,PR,Puerto Rico,Consumer
14037,13013,Caguas,PR,Puerto Rico,Consumer
14038,13134,Caguas,PR,Puerto Rico,Consumer
14039,12317,Caguas,PR,Puerto Rico,Consumer
14040,13931,Caguas,PR,Puerto Rico,Consumer
14041,10902,Caguas,PR,Puerto Rico,Consumer
14042,4253,Caguas,PR,Puerto Rico,Consumer
14043,13820,Caguas,PR,Puerto Rico,Consumer
14044,14727,Caguas,PR,Puerto Rico,Consumer
14045,12769,Caguas,PR,Puerto Rico,Consumer
14046,8639,Caguas,PR,Puerto Rico,Consumer
14047,12110,Caguas,PR,Puerto Rico,Consumer
14048,13829,Caguas,PR,Puerto Rico,Consumer
14049,11436,Caguas,PR,Puerto Rico,Consumer
14050,3789,Caguas,PR,Puerto Rico,Consumer
14051,5093,Caguas,PR,Puerto Rico,Consumer
14052,8007,Caguas,PR,Puerto Rico,Consumer
14053,3393,Caguas,PR,Puerto Rico,Consumer
14054,11297,Caguas,PR,Puerto Rico,Consumer
14055,3227,Caguas,PR,Puerto Rico,Consumer
14056,6147,Caguas,PR,Puerto Rico,Consumer
14057,12475,Caguas,PR,Puerto Rico,Consumer
14058,15084,Caguas,PR,Puerto Rico,Consumer
14059,14935,Caguas,PR,Puerto Rico,Consumer
14060,7776,Caguas,PR,Puerto Rico,Consumer
14061,1206,Caguas,PR,Puerto Rico,Consumer
14062,5793,Caguas,PR,Puerto Rico,Consumer
14063,6799,Caguas,PR,Puerto Rico,Consumer
14064,2103,Caguas,PR,Puerto Rico,Consumer
14065,3323,Caguas,PR,Puerto Rico,Consumer
14066,8864,Caguas,PR,Puerto Rico,Consumer
14067,10171,Caguas,PR,Puerto Rico,Consumer
14068,11019,Caguas,PR,Puerto Rico,Consumer
14069,6902,Caguas,PR,Puerto Rico,Consumer
14070,9207,Caguas,PR,Puerto Rico,Consumer
14071,18132,Caguas,PR,Puerto Rico,Consumer
14072,17888,Caguas,PR,Puerto Rico,Consumer
14073,18121,Caguas,PR,Puerto Rico,Consumer
14074,16501,Caguas,PR,Puerto Rico,Consumer
14075,16499,Caguas,PR,Puerto Rico,Consumer
14076,16624,Caguas,PR,Puerto Rico,Consumer
14077,15914,Caguas,PR,Puerto Rico,Consumer
14078,15829,Caguas,PR,Puerto Rico,Consumer
14079,12361,Caguas,PR,Puerto Rico,Consumer
14080,503,Caguas,PR,Puerto Rico,Consumer
14081,9724,Caguas,PR,Puerto Rico,Consumer
14082,18373,Caguas,PR,Puerto Rico,Consumer
14083,1624,Caguas,PR,Puerto Rico,Consumer
14084,18282,Caguas,PR,Puerto Rico,Consumer
14085,3401,Caguas,PR,Puerto Rico,Consumer
14086,3258,Caguas,PR,Puerto Rico,Consumer
14087,17266,Caguas,PR,Puerto Rico,Consumer
14088,20456,Caguas,PR,Puerto Rico,Consumer
14089,17440,Caguas,PR,Puerto Rico,Consumer
14090,8085,Caguas,PR,Puerto Rico,Consumer
14091,6893,Caguas,PR,Puerto Rico,Consumer
14092,6464,Caguas,PR,Puerto Rico,Consumer
14093,9400,Caguas,PR,Puerto Rico,Consumer
14094,15581,Caguas,PR,Puerto Rico,Consumer
14095,15561,Caguas,PR,Puerto Rico,Consumer
14096,1951,Caguas,PR,Puerto Rico,Consumer
14097,385,Caguas,PR,Puerto Rico,Consumer
14098,17542,Caguas,PR,Puerto Rico,Consumer
14099,18929,Caguas,PR,Puerto Rico,Consumer
14100,15187,Caguas,PR,Puerto Rico,Consumer
14101,18566,Caguas,PR,Puerto Rico,Consumer
14102,20358,Caguas,PR,Puerto Rico,Consumer
14103,20354,Caguas,PR,Puerto Rico,Consumer
14104,20029,Caguas,PR,Puerto Rico,Consumer
14105,4920,Caguas,PR,Puerto Rico,Consumer
14106,6641,Caguas,PR,Puerto Rico,Consumer
14107,4068,Caguas,PR,Puerto Rico,Consumer
14108,1791,Caguas,PR,Puerto Rico,Consumer
14109,9806,Caguas,PR,Puerto Rico,Consumer
14110,1308,Caguas,PR,Puerto Rico,Consumer
14111,10107,Caguas,PR,Puerto Rico,Consumer
14112,11915,Caguas,PR,Puerto Rico,Consumer
14113,5720,Caguas,PR,Puerto Rico,Consumer
14114,90,Caguas,PR,Puerto Rico,Consumer
14115,9109,Caguas,PR,Puerto Rico,Consumer
14116,11545,Caguas,PR,Puerto Rico,Consumer
14117,9568,Caguas,PR,Puerto Rico,Consumer
14118,3870,Caguas,PR,Puerto Rico,Consumer
14119,3540,Caguas,PR,Puerto Rico,Consumer
14120,6004,Caguas,PR,Puerto Rico,Consumer
14121,6931,Caguas,PR,Puerto Rico,Consumer
14122,14326,Caguas,PR,Puerto Rico,Consumer
14123,13433,Caguas,PR,Puerto Rico,Consumer
14124,14178,Caguas,PR,Puerto Rico,Consumer
14125,14602,Caguas,PR,Puerto Rico,Consumer
14126,14262,Caguas,PR,Puerto Rico,Consumer
14127,14135,Caguas,PR,Puerto Rico,Consumer
14128,13751,Caguas,PR,Puerto Rico,Consumer
14129,13929,Caguas,PR,Puerto Rico,Consumer
14130,14764,Caguas,PR,Puerto Rico,Consumer
14131,10665,Caguas,PR,Puerto Rico,Consumer
14132,12717,Juana Diaz,PR,Puerto Rico,Consumer
14133,12582,Caguas,PR,Puerto Rico,Consumer
14134,15116,Caguas,PR,Puerto Rico,Consumer
14135,3922,Caguas,PR,Puerto Rico,Consumer
14136,7081,Caguas,PR,Puerto Rico,Consumer
14137,12803,San Francisco,CA,EE. UU.,Corporate
14138,13560,Granite City,IL,EE. UU.,Corporate
14139,13812,Brooklyn,NY,EE. UU.,Corporate
14140,14830,Rego Park,NY,EE. UU.,Corporate
14141,13919,Marietta,GA,EE. UU.,Corporate
14142,13541,Wyandotte,MI,EE. UU.,Corporate
14143,12765,Miami,FL,EE. UU.,Corporate
14144,6807,Davis,CA,EE. UU.,Corporate
14145,5931,Compton,CA,EE. UU.,Corporate
14146,12408,Fort Worth,TX,EE. UU.,Corporate
14147,12559,Bend,OR,EE. UU.,Corporate
14148,12450,Pico Rivera,CA,EE. UU.,Corporate
14149,12701,Dubuque,IA,EE. UU.,Corporate
14150,12572,Lynn,MA,EE. UU.,Corporate
14151,12518,San Antonio,TX,EE. UU.,Corporate
14152,12553,La Crosse,WI,EE. UU.,Corporate
14153,12660,Wheeling,WV,EE. UU.,Corporate
14154,12515,Knoxville,TN,EE. UU.,Corporate
14155,12442,Passaic,NJ,EE. UU.,Corporate
14156,12744,South Ozone Park,NY,EE. UU.,Corporate
14157,12527,Spring,TX,EE. UU.,Corporate
14158,15105,Costa Mesa,CA,EE. UU.,Corporate
14159,12847,Washington,DC,EE. UU.,Corporate
14160,14958,York,PA,EE. UU.,Corporate
14161,12951,Stockbridge,GA,EE. UU.,Corporate
14162,15080,Brooklyn,NY,EE. UU.,Corporate
14163,15006,Bronx,NY,EE. UU.,Corporate
14164,12874,Carlsbad,CA,EE. UU.,Corporate
14165,14968,Carrollton,TX,EE. UU.,Corporate
14166,15075,Los Angeles,CA,EE. UU.,Corporate
14167,14930,Reynoldsburg,OH,EE. UU.,Corporate
14168,15128,Pharr,TX,EE. UU.,Corporate
14169,12872,Tampa,FL,EE. UU.,Corporate
14170,12943,Simi Valley,CA,EE. UU.,Corporate
14171,15091,Lancaster,CA,EE. UU.,Corporate
14172,15073,Hampton,VA,EE. UU.,Corporate
14173,12887,Asheboro,NC,EE. UU.,Corporate
14174,14342,Lutz,FL,EE. UU.,Corporate
14175,14249,Katy,TX,EE. UU.,Corporate
14176,14418,Washington,PA,EE. UU.,Corporate
14177,12971,Bronx,NY,EE. UU.,Corporate
14178,14277,Cleveland,OH,EE. UU.,Corporate
14179,14023,Dearborn,MI,EE. UU.,Corporate
14180,14784,El Paso,TX,EE. UU.,Corporate
14181,13964,Reno,NV,EE. UU.,Corporate
14182,14874,Brooklyn,NY,EE. UU.,Corporate
14183,13562,New York,NY,EE. UU.,Corporate
14184,13649,Eugene,OR,EE. UU.,Corporate
14185,14864,Carmichael,CA,EE. UU.,Corporate
14186,13701,San Francisco,CA,EE. UU.,Corporate
14187,7147,La Crosse,WI,EE. UU.,Corporate
14188,12481,Denver,CO,EE. UU.,Corporate
14189,12634,Lancaster,PA,EE. UU.,Corporate
14190,8878,Waipahu,HI,EE. UU.,Corporate
14191,7930,Pompano Beach,FL,EE. UU.,Corporate
14192,8765,College Station,TX,EE. UU.,Corporate
14193,2371,Baytown,TX,EE. UU.,Corporate
14194,9601,Apex,NC,EE. UU.,Corporate
14195,18039,North Tonawanda,NY,EE. UU.,Corporate
14196,18128,Newburgh,NY,EE. UU.,Corporate
14197,18140,Irwin,PA,EE. UU.,Corporate
14198,16611,Westland,MI,EE. UU.,Corporate
14199,19071,Madison,WI,EE. UU.,Corporate
14200,19124,Clementon,NJ,EE. UU.,Corporate
14201,16429,Valrico,FL,EE. UU.,Corporate
14202,16393,Cumberland,MD,EE. UU.,Corporate
14203,16608,Aurora,CO,EE. UU.,Corporate
14204,16482,Wyandotte,MI,EE. UU.,Corporate
14205,16463,San Francisco,CA,EE. UU.,Corporate
14206,16535,Flushing,NY,EE. UU.,Corporate
14207,19048,Bismarck,ND,EE. UU.,Corporate
14208,19137,Clearfield,UT,EE. UU.,Corporate
14209,19136,North Hills,CA,EE. UU.,Corporate
14210,16385,Philadelphia,PA,EE. UU.,Corporate
14211,19115,Panorama City,CA,EE. UU.,Corporate
14212,16420,Kent,WA,EE. UU.,Corporate
14213,19131,Yonkers,NY,EE. UU.,Corporate
14214,16418,Dallas,TX,EE. UU.,Corporate
14215,16490,Austin,TX,EE. UU.,Corporate
14216,16614,Miami,FL,EE. UU.,Corporate
14217,16488,Columbus,GA,EE. UU.,Corporate
14218,16524,Salt Lake City,UT,EE. UU.,Corporate
14219,16486,Brooklyn,NY,EE. UU.,Corporate
14220,15808,Princeton,NJ,EE. UU.,Corporate
14221,18754,Douglasville,GA,EE. UU.,Corporate
14222,15843,Clovis,CA,EE. UU.,Corporate
14223,15805,Rome,NY,EE. UU.,Corporate
14224,15715,Bronx,NY,EE. UU.,Corporate
14225,15678,El Cajon,CA,EE. UU.,Corporate
14226,15822,Laredo,TX,EE. UU.,Corporate
14227,15820,Pasadena,MD,EE. UU.,Corporate
14228,15856,Catonsville,MD,EE. UU.,Corporate
14229,15872,Palatine,IL,EE. UU.,Corporate
14230,15834,Plano,TX,EE. UU.,Corporate
14231,15780,Virginia Beach,VA,EE. UU.,Corporate
14232,18798,Miami,FL,EE. UU.,Corporate
14233,15847,Salina,KS,EE. UU.,Corporate
14234,15810,Chicago,IL,EE. UU.,Corporate
14235,11353,Temecula,CA,EE. UU.,Corporate
14236,17685,Lancaster,CA,EE. UU.,Corporate
14237,17667,Hampton,VA,EE. UU.,Corporate
14238,20661,Marrero,LA,EE. UU.,Corporate
14239,18031,Compton,CA,EE. UU.,Corporate
14240,16056,Aurora,CO,EE. UU.,Corporate
14241,20426,Phoenix,AZ,EE. UU.,Corporate
14242,20444,Mesquite,TX,EE. UU.,Corporate
14243,17701,Portland,OR,EE. UU.,Corporate
14244,20425,Bay Shore,NY,EE. UU.,Corporate
14245,15928,Campbell,CA,EE. UU.,Corporate
14246,17413,Westerville,OH,EE. UU.,Corporate
14247,18029,Glendale,AZ,EE. UU.,Corporate
14248,12358,Caguas,PR,Puerto Rico,Home Office
14249,9186,Long Beach,CA,EE. UU.,Home Office
14250,4109,Baltimore,MD,EE. UU.,Home Office
14251,7276,Caguas,PR,Puerto Rico,Consumer
14252,646,Ann Arbor,MI,EE. UU.,Consumer
14253,8344,Santa Fe,NM,EE. UU.,Consumer
14254,203,Phoenix,AZ,EE. UU.,Home Office
14255,5521,West Chester,PA,EE. UU.,Home Office
14256,6412,Las Vegas,NV,EE. UU.,Home Office
14257,10950,Charlotte,NC,EE. UU.,Home Office
14258,11180,Caguas,PR,Puerto Rico,Home Office
14259,848,Los Angeles,CA,EE. UU.,Consumer
14260,4367,Springfield,MO,EE. UU.,Home Office
14261,6665,Caguas,PR,Puerto Rico,Consumer
14262,3502,Antioch,CA,EE. UU.,Home Office
14263,9950,Honolulu,HI,EE. UU.,Home Office
14264,3097,Caguas,PR,Puerto Rico,Consumer
14265,3048,Chula Vista,CA,EE. UU.,Consumer
14266,10789,Pompano Beach,FL,EE. UU.,Consumer
14267,10217,Caguas,PR,Puerto Rico,Home Office
14268,1964,Bakersfield,CA,EE. UU.,Consumer
14269,8276,Longmont,CO,EE. UU.,Consumer
14270,12152,Harlingen,TX,EE. UU.,Home Office
14271,9423,San Diego,CA,EE. UU.,Consumer
14272,7517,Caguas,PR,Puerto Rico,Consumer
14273,565,San Francisco,CA,EE. UU.,Home Office
14274,6551,Fresno,CA,EE. UU.,Consumer
14275,12162,North Hollywood,CA,EE. UU.,Home Office
14276,6084,Mission Viejo,CA,EE. UU.,Home Office
14277,11529,West Covina,CA,EE. UU.,Home Office
14278,9840,Pomona,CA,EE. UU.,Home Office
14279,1003,Ann Arbor,MI,EE. UU.,Consumer
14280,3836,Chesapeake,VA,EE. UU.,Home Office
14281,8381,Lockport,IL,EE. UU.,Home Office
14282,2038,Caguas,PR,Puerto Rico,Consumer
14283,5081,Oregon City,OR,EE. UU.,Home Office
14284,5149,Caguas,PR,Puerto Rico,Corporate
14285,6573,Brockton,MA,EE. UU.,Home Office
14286,3416,Houston,TX,EE. UU.,Home Office
14287,6315,Carlsbad,CA,EE. UU.,Home Office
14288,2117,Caguas,PR,Puerto Rico,Corporate
14289,9071,Victorville,CA,EE. UU.,Home Office
14290,3015,Rio Grande,PR,Puerto Rico,Consumer
14291,7823,Victorville,CA,EE. UU.,Home Office
14292,1059,Jacksonville,FL,EE. UU.,Home Office
14293,11816,New York,NY,EE. UU.,Home Office
14294,1995,Caguas,PR,Puerto Rico,Consumer
14295,3962,Caguas,PR,Puerto Rico,Corporate
14296,2448,Corona,NY,EE. UU.,Home Office
14297,11130,Oceanside,CA,EE. UU.,Consumer
14298,7515,El Paso,TX,EE. UU.,Home Office
14299,8117,Caguas,PR,Puerto Rico,Consumer
14300,2822,Caguas,PR,Puerto Rico,Consumer
14301,8641,Caguas,PR,Puerto Rico,Corporate
14302,1289,Virginia Beach,VA,EE. UU.,Home Office
14303,9721,Bronx,NY,EE. UU.,Home Office
14304,3068,Lansdale,PA,EE. UU.,Consumer
14305,10414,Eugene,OR,EE. UU.,Consumer
14306,11679,San Pablo,CA,EE. UU.,Home Office
14307,723,Richmond,VA,EE. UU.,Home Office
14308,557,Waipahu,HI,EE. UU.,Consumer
14309,304,New Haven,CT,EE. UU.,Home Office
14310,6276,Chicago,IL,EE. UU.,Home Office
14311,2658,Weslaco,TX,EE. UU.,Consumer
14312,9743,San Francisco,CA,EE. UU.,Home Office
14313,5746,Yonkers,NY,EE. UU.,Home Office
14314,1433,Fairfield,CA,EE. UU.,Home Office
14315,8764,Peoria,AZ,EE. UU.,Home Office
14316,8722,Chicago,IL,EE. UU.,Consumer
14317,8241,Louisville,KY,EE. UU.,Consumer
14318,6824,Escondido,CA,EE. UU.,Home Office
14319,2127,Honolulu,HI,EE. UU.,Consumer
14320,2295,Clarksville,TN,EE. UU.,Consumer
14321,9809,Parkville,MD,EE. UU.,Consumer
14322,9080,Chicago,IL,EE. UU.,Home Office
14323,9021,Woodbridge,VA,EE. UU.,Consumer
14324,2482,Riverside,CA,EE. UU.,Home Office
14325,10019,Rome,NY,EE. UU.,Home Office
14326,7782,Richmond,KY,EE. UU.,Consumer
14327,63,Caguas,PR,Puerto Rico,Home Office
14328,10604,Fayetteville,NC,EE. UU.,Home Office
14329,6769,Walnut,CA,EE. UU.,Home Office
14330,5532,Rowland Heights,CA,EE. UU.,Home Office
14331,5395,San Antonio,TX,EE. UU.,Home Office
14332,3392,Los Angeles,CA,EE. UU.,Home Office
14333,1655,Caguas,PR,Puerto Rico,Home Office
14334,8111,Pompano Beach,FL,EE. UU.,Home Office
14335,11402,Newark,DE,EE. UU.,Home Office
14336,9759,Houston,TX,EE. UU.,Home Office
14337,10694,Caguas,PR,Puerto Rico,Consumer
14338,10981,Lancaster,CA,EE. UU.,Home Office
14339,3231,Mechanicsburg,PA,EE. UU.,Home Office
14340,862,San Antonio,TX,EE. UU.,Home Office
14341,4944,Trujillo Alto,PR,Puerto Rico,Consumer
14342,855,Caguas,PR,Puerto Rico,Consumer
14343,4313,Caguas,PR,Puerto Rico,Corporate
14344,9301,New Bedford,MA,EE. UU.,Home Office
14345,5634,Lynn,MA,EE. UU.,Home Office
14346,2126,Caguas,PR,Puerto Rico,Consumer
14347,12105,Los Angeles,CA,EE. UU.,Consumer
14348,8846,Indio,CA,EE. UU.,Consumer
14349,3081,Columbus,OH,EE. UU.,Home Office
14350,8068,Philadelphia,PA,EE. UU.,Consumer
14351,8168,Caguas,PR,Puerto Rico,Consumer
14352,5345,Newburgh,NY,EE. UU.,Home Office
14353,2928,Saint Paul,MN,EE. UU.,Home Office
14354,8600,Honolulu,HI,EE. UU.,Home Office
14355,11452,Hollywood,FL,EE. UU.,Home Office
14356,3918,Caguas,PR,Puerto Rico,Corporate
14357,10775,Caguas,PR,Puerto Rico,Consumer
14358,6197,San Sebastian,PR,Puerto Rico,Consumer
14359,696,Caguas,PR,Puerto Rico,Consumer
14360,3604,Fullerton,CA,EE. UU.,Home Office
14361,1823,Jacksonville,FL,EE. UU.,Home Office
14362,8944,Los Angeles,CA,EE. UU.,Home Office
14363,2635,Baytown,TX,EE. UU.,Consumer
14364,6111,Clarksville,TN,EE. UU.,Home Office
14365,6673,Caguas,PR,Puerto Rico,Consumer
14366,3641,Miami,FL,EE. UU.,Consumer
14367,892,Mesquite,TX,EE. UU.,Home Office
14368,3684,Dallas,TX,EE. UU.,Home Office
14369,3742,Cupertino,CA,EE. UU.,Home Office
14370,3080,Lancaster,OH,EE. UU.,Home Office
14371,9422,Gaithersburg,MD,EE. UU.,Home Office
14372,10580,Poway,CA,EE. UU.,Home Office
14373,1420,Las Vegas,NV,EE. UU.,Home Office
14374,10916,Corona,CA,EE. UU.,Home Office
14375,2440,Alhambra,CA,EE. UU.,Home Office
14376,3193,Westland,MI,EE. UU.,Home Office
14377,5546,Caguas,PR,Puerto Rico,Corporate
14378,8934,Lancaster,PA,EE. UU.,Consumer
14379,4416,Dallas,TX,EE. UU.,Home Office
14380,12126,East Lansing,MI,EE. UU.,Home Office
14381,4428,Caguas,PR,Puerto Rico,Corporate
14382,9624,Caguas,PR,Puerto Rico,Corporate
14383,4534,Caguas,PR,Puerto Rico,Consumer
14384,4207,Caguas,PR,Puerto Rico,Consumer
14385,5442,Chicago,IL,EE. UU.,Home Office
14386,4261,Canton,MI,EE. UU.,Home Office
14387,7937,Asheboro,NC,EE. UU.,Consumer
14388,561,Caguas,PR,Puerto Rico,Corporate
14389,2326,Chicago,IL,EE. UU.,Consumer
14390,6976,Tulare,CA,EE. UU.,Home Office
14391,9940,San Diego,CA,EE. UU.,Home Office
14392,11744,West Orange,NJ,EE. UU.,Home Office
14393,4804,Jacksonville,FL,EE. UU.,Corporate
14394,8494,Chandler,AZ,EE. UU.,Corporate
14395,945,Indio,CA,EE. UU.,Corporate
14396,623,Tempe,AZ,EE. UU.,Home Office
14397,13435,Saint Paul,MN,EE. UU.,Home Office
14398,14445,Opa Locka,FL,EE. UU.,Home Office
14399,13017,West New York,NJ,EE. UU.,Home Office
14400,14338,Elyria,OH,EE. UU.,Home Office
14401,14405,La Crosse,WI,EE. UU.,Home Office
14402,3273,Sunnyvale,CA,EE. UU.,Home Office
14403,9552,Las Vegas,NV,EE. UU.,Home Office
14404,12429,Gardena,CA,EE. UU.,Home Office
14405,13843,Bronx,NY,EE. UU.,Home Office
14406,1365,Corona,NY,EE. UU.,Home Office
14407,13591,Greeley,CO,EE. UU.,Home Office
14408,11721,Saint Louis,MO,EE. UU.,Home Office
14409,3384,Pasadena,MD,EE. UU.,Home Office
14410,3878,Orlando,FL,EE. UU.,Home Office
14411,3925,Brooklyn,NY,EE. UU.,Home Office
14412,11491,Virginia Beach,VA,EE. UU.,Home Office
14413,12326,Los Angeles,CA,EE. UU.,Home Office
14414,9951,Clovis,CA,EE. UU.,Home Office
14415,2704,Fontana,CA,EE. UU.,Home Office
14416,6818,Carson,CA,EE. UU.,Home Office
14417,12684,Houston,TX,EE. UU.,Home Office
14418,14988,Mount Prospect,IL,EE. UU.,Home Office
14419,14934,Salem,OR,EE. UU.,Home Office
14420,3796,Pompano Beach,FL,EE. UU.,Home Office
14421,1998,Greeley,CO,EE. UU.,Home Office
14422,9143,Wheeling,WV,EE. UU.,Home Office
14423,2430,Dallas,TX,EE. UU.,Home Office
14424,10943,Plano,TX,EE. UU.,Home Office
14425,9030,Ontario,CA,EE. UU.,Home Office
14426,11528,Glen Burnie,MD,EE. UU.,Home Office
14427,4639,Los Angeles,CA,EE. UU.,Home Office
14428,4676,Reseda,CA,EE. UU.,Home Office
14429,521,Portland,OR,EE. UU.,Home Office
14430,1889,Smyrna,GA,EE. UU.,Home Office
14431,18207,Irvington,NJ,EE. UU.,Home Office
14432,19163,Los Angeles,CA,EE. UU.,Home Office
14433,1277,Beloit,WI,EE. UU.,Home Office
14434,10536,Medford,MA,EE. UU.,Home Office
14435,20751,Philadelphia,PA,EE. UU.,Home Office
14436,11841,Lancaster,SC,EE. UU.,Home Office
14437,20496,Wyoming,MI,EE. UU.,Home Office
14438,11849,Bellingham,WA,EE. UU.,Home Office
14439,15981,Rochester,NY,EE. UU.,Home Office
14440,10628,Ontario,CA,EE. UU.,Home Office
14441,18345,Woodbridge,VA,EE. UU.,Home Office
14442,20741,Detroit,MI,EE. UU.,Home Office
14443,15918,Richmond,VA,EE. UU.,Home Office
14444,9416,Virginia Beach,VA,EE. UU.,Home Office
14445,11465,Union City,CA,EE. UU.,Home Office
14446,3864,Laredo,TX,EE. UU.,Home Office
14447,7368,Portland,OR,EE. UU.,Home Office
14448,15311,Danbury,CT,EE. UU.,Home Office
14449,175,Los Angeles,CA,EE. UU.,Home Office
14450,20154,Brooklyn,NY,EE. UU.,Home Office
14451,7048,Salt Lake City,UT,EE. UU.,Home Office
14452,4595,San Diego,CA,EE. UU.,Home Office
14453,262,Chicago,IL,EE. UU.,Home Office
14454,10133,Buffalo,NY,EE. UU.,Home Office
14455,8013,Fond Du Lac,WI,EE. UU.,Home Office
14456,5448,Miami,FL,EE. UU.,Home Office
14457,534,Baldwin Park,CA,EE. UU.,Home Office
14458,634,Riverside,CA,EE. UU.,Home Office
14459,9298,Hollywood,FL,EE. UU.,Home Office
14460,2288,Indio,CA,EE. UU.,Home Office
14461,11147,Watsonville,CA,EE. UU.,Home Office
14462,8081,San Jose,CA,EE. UU.,Home Office
14463,8466,Bartlett,IL,EE. UU.,Home Office
14464,9300,Enfield,CT,EE. UU.,Home Office
14465,2904,Mesa,AZ,EE. UU.,Home Office
14466,3357,Lutz,FL,EE. UU.,Home Office
14467,8630,Sacramento,CA,EE. UU.,Home Office
14468,2033,Union City,NJ,EE. UU.,Home Office
14469,10599,Doylestown,PA,EE. UU.,Home Office
14470,14565,El Cajon,CA,EE. UU.,Home Office
14471,12822,Richmond,TX,EE. UU.,Home Office
14472,5708,Los Angeles,CA,EE. UU.,Home Office
14473,2537,Phoenix,AZ,EE. UU.,Home Office
14474,6628,Hickory,NC,EE. UU.,Home Office
14475,7859,West Covina,CA,EE. UU.,Home Office
14476,8964,Louisville,KY,EE. UU.,Home Office
14477,9449,Dallas,TX,EE. UU.,Home Office
14478,2216,Fremont,CA,EE. UU.,Home Office
14479,16556,Cordova,TN,EE. UU.,Home Office
14480,16555,Santa Ana,CA,EE. UU.,Home Office
14481,19242,Fresno,CA,EE. UU.,Home Office
14482,20509,Stockton,CA,EE. UU.,Home Office
14483,17672,Lindenhurst,NY,EE. UU.,Home Office
14484,15467,Brooklyn,NY,EE. UU.,Home Office
14485,4349,Salt Lake City,UT,EE. UU.,Home Office
14486,10190,Aurora,CO,EE. UU.,Home Office
14487,9185,Chicago,IL,EE. UU.,Home Office
14488,10124,Brooklyn,NY,EE. UU.,Home Office
14489,3866,Jacksonville,FL,EE. UU.,Home Office
14490,13076,New Castle,DE,EE. UU.,Home Office
14491,13038,Brooklyn,NY,EE. UU.,Home Office
14492,2755,Longmont,CO,EE. UU.,Home Office
14493,6378,Aurora,IL,EE. UU.,Home Office
14494,1935,Alpharetta,GA,EE. UU.,Home Office
14495,2225,San Diego,CA,EE. UU.,Home Office
14496,8731,Detroit,MI,EE. UU.,Home Office
14497,995,Richmond,IN,EE. UU.,Home Office
14498,2783,Middletown,OH,EE. UU.,Home Office
14499,4099,Flushing,NY,EE. UU.,Home Office
14500,6166,Greenville,NC,EE. UU.,Home Office
14501,1069,Stockbridge,GA,EE. UU.,Home Office
14502,10140,Sylmar,CA,EE. UU.,Home Office
14503,5026,Jonesboro,AR,EE. UU.,Home Office
14504,11651,Bayonne,NJ,EE. UU.,Home Office
14505,378,Roswell,GA,EE. UU.,Home Office
14506,10971,Vista,CA,EE. UU.,Home Office
14507,1476,Ewa Beach,HI,EE. UU.,Home Office
14508,6460,Morganton,NC,EE. UU.,Home Office
14509,2434,Fayetteville,NC,EE. UU.,Home Office
14510,9703,Kent,WA,EE. UU.,Home Office
14511,12004,San Jose,CA,EE. UU.,Home Office
14512,7575,Roseville,MI,EE. UU.,Home Office
14513,2802,Cleveland,OH,EE. UU.,Home Office
14514,11663,Memphis,TN,EE. UU.,Home Office
14515,126,Amarillo,TX,EE. UU.,Home Office
14516,9503,Orlando,FL,EE. UU.,Home Office
14517,379,Wyandotte,MI,EE. UU.,Home Office
14518,16592,Fairfield,CA,EE. UU.,Home Office
14519,19100,Bridgeton,NJ,EE. UU.,Home Office
14520,18790,Pico Rivera,CA,EE. UU.,Home Office
14521,15695,New York,NY,EE. UU.,Home Office
14522,11185,Bronx,NY,EE. UU.,Home Office
14523,20517,Jonesboro,AR,EE. UU.,Home Office
14524,20534,New Albany,IN,EE. UU.,Home Office
14525,315,Modesto,CA,EE. UU.,Home Office
14526,731,Lilburn,GA,EE. UU.,Home Office
14527,2746,Dearborn,MI,EE. UU.,Home Office
14528,1434,Loveland,OH,EE. UU.,Home Office
14529,19774,Carol Stream,IL,EE. UU.,Home Office
14530,20060,Rancho Cordova,CA,EE. UU.,Home Office
14531,16166,Norfolk,VA,EE. UU.,Home Office
14532,20257,Atlanta,GA,EE. UU.,Home Office
14533,19859,Baltimore,MD,EE. UU.,Home Office
14534,20254,Bend,OR,EE. UU.,Home Office
14535,19858,Phoenix,AZ,EE. UU.,Home Office
14536,17202,West Haven,CT,EE. UU.,Home Office
14537,11680,Fremont,CA,EE. UU.,Home Office
14538,2429,Newburgh,NY,EE. UU.,Home Office
14539,8221,New Braunfels,TX,EE. UU.,Home Office
14540,10369,Tucson,AZ,EE. UU.,Home Office
14541,460,Milford,CT,EE. UU.,Home Office
14542,6612,Wyandotte,MI,EE. UU.,Home Office
14543,3197,Los Angeles,CA,EE. UU.,Home Office
14544,5217,Livermore,CA,EE. UU.,Home Office
14545,10669,Quincy,IL,EE. UU.,Home Office
14546,8950,Bronx,NY,EE. UU.,Home Office
14547,149,Colton,CA,EE. UU.,Home Office
14548,1675,Sugar Land,TX,EE. UU.,Home Office
14549,3229,Van Nuys,CA,EE. UU.,Home Office
14550,5353,Amarillo,TX,EE. UU.,Home Office
14551,5449,Houston,TX,EE. UU.,Home Office
14552,6359,Carol Stream,IL,EE. UU.,Home Office
14553,8463,Albany,OR,EE. UU.,Home Office
14554,2647,Lancaster,CA,EE. UU.,Home Office
14555,9066,Lawrence,MA,EE. UU.,Home Office
14556,11309,Newburgh,NY,EE. UU.,Home Office
14557,9718,Annandale,VA,EE. UU.,Home Office
14558,9121,Hawthorne,CA,EE. UU.,Home Office
14559,3380,Detroit,MI,EE. UU.,Home Office
14560,2380,Springfield,MO,EE. UU.,Home Office
14561,13049,South Ozone Park,NY,EE. UU.,Home Office
14562,14298,Los Angeles,CA,EE. UU.,Home Office
14563,14296,Fresno,CA,EE. UU.,Home Office
14564,13222,Chicago,IL,EE. UU.,Home Office
14565,13114,Amarillo,TX,EE. UU.,Home Office
14566,7871,Las Vegas,NV,EE. UU.,Home Office
14567,1336,San Diego,CA,EE. UU.,Home Office
14568,3575,Fort Lauderdale,FL,EE. UU.,Home Office
14569,5111,Brooklyn,NY,EE. UU.,Home Office
14570,13643,Diamond Bar,CA,EE. UU.,Home Office
14571,1773,Canton,MI,EE. UU.,Home Office
14572,13714,San Antonio,TX,EE. UU.,Home Office
14573,10710,Bartlett,IL,EE. UU.,Home Office
14574,4690,Las Vegas,NV,EE. UU.,Home Office
14575,13983,Phoenix,AZ,EE. UU.,Home Office
14576,5338,Newark,NJ,EE. UU.,Home Office
14577,6556,Fontana,CA,EE. UU.,Home Office
14578,1816,Miami,FL,EE. UU.,Home Office
14579,8074,College Station,TX,EE. UU.,Home Office
14580,13671,Fairfield,CA,EE. UU.,Home Office
14581,14899,Sheboygan,WI,EE. UU.,Home Office
14582,4613,Richmond,TX,EE. UU.,Home Office
14583,10305,Frankfort,KY,EE. UU.,Home Office
14584,331,Tempe,AZ,EE. UU.,Home Office
14585,1688,San Francisco,CA,EE. UU.,Home Office
14586,710,Seattle,WA,EE. UU.,Home Office
14587,11649,Aurora,CO,EE. UU.,Home Office
14588,1605,Chandler,AZ,EE. UU.,Home Office
14589,6698,Amarillo,TX,EE. UU.,Home Office
14590,265,Dubuque,IA,EE. UU.,Home Office
14591,6882,Newark,NJ,EE. UU.,Home Office
14592,4518,Anaheim,CA,EE. UU.,Home Office
14593,2980,Marietta,GA,EE. UU.,Home Office
14594,12680,Long Beach,CA,EE. UU.,Home Office
14595,12525,Escondido,CA,EE. UU.,Home Office
14596,12866,Porterville,CA,EE. UU.,Home Office
14597,14978,Memphis,TN,EE. UU.,Home Office
14598,12878,Allentown,PA,EE. UU.,Home Office
14599,15058,Fayetteville,NC,EE. UU.,Home Office
14600,15054,Milpitas,CA,EE. UU.,Home Office
14601,10695,Chicago,IL,EE. UU.,Home Office
14602,6684,Spokane,WA,EE. UU.,Home Office
14603,12348,Rochester,NY,EE. UU.,Home Office
14604,1057,Hayward,CA,EE. UU.,Home Office
14605,1089,Raleigh,NC,EE. UU.,Home Office
14606,1327,Chicago,IL,EE. UU.,Home Office
14607,10936,Costa Mesa,CA,EE. UU.,Home Office
14608,8969,Carrollton,TX,EE. UU.,Home Office
14609,6090,Houston,TX,EE. UU.,Home Office
14610,12118,Orlando,FL,EE. UU.,Home Office
14611,5351,Cleveland,OH,EE. UU.,Home Office
14612,2378,Irwin,PA,EE. UU.,Home Office
14613,9122,Las Vegas,NV,EE. UU.,Home Office
14614,4933,Laredo,TX,EE. UU.,Home Office
14615,8073,San Jose,CA,EE. UU.,Home Office
14616,1556,Las Vegas,NV,EE. UU.,Home Office
14617,10726,Kent,WA,EE. UU.,Home Office
14618,5309,Smyrna,GA,EE. UU.,Home Office
14619,3900,Moline,IL,EE. UU.,Home Office
14620,2915,Mission Viejo,CA,EE. UU.,Home Office
14621,8186,Roseville,MI,EE. UU.,Home Office
14622,4267,Loveland,OH,EE. UU.,Home Office
14623,2800,Detroit,MI,EE. UU.,Home Office
14624,3982,Dallas,TX,EE. UU.,Home Office
14625,18189,Cleveland,OH,EE. UU.,Home Office
14626,18258,Corona,NY,EE. UU.,Home Office
14627,15853,Chicago,IL,EE. UU.,Home Office
14628,9069,Carlisle,PA,EE. UU.,Home Office
14629,8717,Granada Hills,CA,EE. UU.,Home Office
14630,17703,Granite City,IL,EE. UU.,Home Office
14631,18336,New York,NY,EE. UU.,Home Office
14632,20621,Stockbridge,GA,EE. UU.,Home Office
14633,17734,Fontana,CA,EE. UU.,Home Office
14634,15980,Bismarck,ND,EE. UU.,Home Office
14635,9778,Oceanside,CA,EE. UU.,Home Office
14636,1584,Miami,FL,EE. UU.,Home Office
14637,20739,Danbury,CT,EE. UU.,Home Office
14638,17421,Westland,MI,EE. UU.,Home Office
14639,11476,Sunnyvale,CA,EE. UU.,Home Office
14640,6406,Washington,DC,EE. UU.,Home Office
14641,6001,Gardena,CA,EE. UU.,Home Office
14642,7742,Victorville,CA,EE. UU.,Home Office
14643,3037,Houston,TX,EE. UU.,Home Office
14644,18649,West Haven,CT,EE. UU.,Home Office
14645,11202,Santa Cruz,CA,EE. UU.,Home Office
14646,5776,Strongsville,OH,EE. UU.,Home Office
14647,1005,Brooklyn,NY,EE. UU.,Home Office
14648,824,Hagerstown,MD,EE. UU.,Home Office
14649,8953,Meridian,ID,EE. UU.,Home Office
14650,586,San Marcos,TX,EE. UU.,Home Office
14651,20243,Stafford,VA,EE. UU.,Home Office
14652,17784,Vacaville,CA,EE. UU.,Home Office
14653,20225,Chula Vista,CA,EE. UU.,Home Office
14654,19881,Miami,FL,EE. UU.,Home Office
14655,20239,Garden Grove,CA,EE. UU.,Home Office
14656,16202,Garden Grove,CA,EE. UU.,Home Office
14657,19933,Fairfield,OH,EE. UU.,Home Office
14658,20255,Miami,FL,EE. UU.,Home Office
14659,20201,Stockton,CA,EE. UU.,Home Office
14660,18977,Wichita,KS,EE. UU.,Home Office
14661,19929,Lancaster,CA,EE. UU.,Home Office
14662,15278,Chino Hills,CA,EE. UU.,Home Office
14663,17057,Mission Viejo,CA,EE. UU.,Home Office
14664,19007,Detroit,MI,EE. UU.,Home Office
14665,20086,Baldwin Park,CA,EE. UU.,Home Office
14666,4155,Westminster,CA,EE. UU.,Home Office
14667,11303,Union City,NJ,EE. UU.,Home Office
14668,3653,Princeton,NJ,EE. UU.,Home Office
14669,10939,Hampton,VA,EE. UU.,Home Office
14670,3608,Brooklyn,NY,EE. UU.,Home Office
14671,664,Holland,MI,EE. UU.,Home Office
14672,8132,Raleigh,NC,EE. UU.,Home Office
14673,3053,Kent,WA,EE. UU.,Home Office
14674,6054,Los Angeles,CA,EE. UU.,Home Office
14675,2471,Hamtramck,MI,EE. UU.,Home Office
14676,1712,Lansdale,PA,EE. UU.,Home Office
14677,789,San Diego,CA,EE. UU.,Home Office
14678,9219,Oceanside,CA,EE. UU.,Home Office
14679,2850,New York,NY,EE. UU.,Home Office
14680,9117,Tampa,FL,EE. UU.,Home Office
14681,4103,Dorchester Center,MA,EE. UU.,Home Office
14682,11242,Wyoming,MI,EE. UU.,Home Office
14683,11144,Mesa,AZ,EE. UU.,Home Office
14684,9409,Rome,NY,EE. UU.,Home Office
14685,9631,College Station,TX,EE. UU.,Home Office
14686,549,Sugar Land,TX,EE. UU.,Home Office
14687,11878,San Ramon,CA,EE. UU.,Home Office
14688,8218,Fort Worth,TX,EE. UU.,Home Office
14689,2257,Milwaukee,WI,EE. UU.,Home Office
14690,3383,Brooklyn,NY,EE. UU.,Home Office
14691,486,Lancaster,OH,EE. UU.,Home Office
14692,10851,Saint Charles,MO,EE. UU.,Home Office
14693,4343,Tallahassee,FL,EE. UU.,Home Office
14694,5130,Morganton,NC,EE. UU.,Home Office
14695,10295,Memphis,TN,EE. UU.,Home Office
14696,7079,Marietta,GA,EE. UU.,Home Office
14697,10774,Columbus,GA,EE. UU.,Home Office
14698,11648,Dorchester Center,MA,EE. UU.,Home Office
14699,11480,Beaverton,OR,EE. UU.,Home Office
14700,1340,West Chester,PA,EE. UU.,Home Office
14701,6129,Merced,CA,EE. UU.,Home Office
14702,12337,Chicago,IL,EE. UU.,Consumer
14703,5915,Lawrenceville,GA,EE. UU.,Consumer
14704,3450,Diamond Bar,CA,EE. UU.,Consumer
14705,11248,Waipahu,HI,EE. UU.,Consumer
14706,11192,Hialeah,FL,EE. UU.,Consumer
14707,6851,Westland,MI,EE. UU.,Consumer
14708,2059,Loveland,OH,EE. UU.,Consumer
14709,7072,Mililani,HI,EE. UU.,Consumer
14710,922,Lancaster,OH,EE. UU.,Consumer
14711,10094,Fremont,CA,EE. UU.,Consumer
14712,14666,San Bernardino,CA,EE. UU.,Consumer
14713,14557,Virginia Beach,VA,EE. UU.,Consumer
14714,13094,Irwin,PA,EE. UU.,Consumer
14715,14629,Moline,IL,EE. UU.,Consumer
14716,13183,Paramount,CA,EE. UU.,Consumer
14717,14627,Watsonville,CA,EE. UU.,Consumer
14718,13074,Bridgeton,NJ,EE. UU.,Consumer
14719,13110,Morrisville,PA,EE. UU.,Consumer
14720,14164,La Mesa,CA,EE. UU.,Consumer
14721,14590,Laredo,TX,EE. UU.,Consumer
14722,14554,Lakewood,NJ,EE. UU.,Consumer
14723,14108,San Bernardino,CA,EE. UU.,Consumer
14724,14139,Birmingham,AL,EE. UU.,Consumer
14725,14548,Virginia Beach,VA,EE. UU.,Consumer
14726,13444,Sacramento,CA,EE. UU.,Consumer
14727,13191,Tucson,AZ,EE. UU.,Consumer
14728,13011,Rancho Cucamonga,CA,EE. UU.,Consumer
14729,14119,Dallas,TX,EE. UU.,Consumer
14730,13046,New York,NY,EE. UU.,Consumer
14731,14244,Billings,MT,EE. UU.,Consumer
14732,13205,Spokane,WA,EE. UU.,Consumer
14733,14560,Toms River,NJ,EE. UU.,Consumer
14734,13133,Washington,DC,EE. UU.,Consumer
14735,13420,Chicago,IL,EE. UU.,Consumer
14736,13474,Highland,CA,EE. UU.,Consumer
14737,11752,Hollywood,FL,EE. UU.,Consumer
14738,13825,Modesto,CA,EE. UU.,Consumer
14739,14807,Baytown,TX,EE. UU.,Consumer
14740,10697,San Diego,CA,EE. UU.,Consumer
14741,14912,New Orleans,LA,EE. UU.,Consumer
14742,14732,Phoenix,AZ,EE. UU.,Consumer
14743,14839,Philadelphia,PA,EE. UU.,Consumer
14744,6546,East Lansing,MI,EE. UU.,Consumer
14745,13547,York,PA,EE. UU.,Consumer
14746,4966,Columbus,OH,EE. UU.,Consumer
14747,14888,Santa Fe,NM,EE. UU.,Consumer
14748,13869,Fairfield,CA,EE. UU.,Consumer
14749,13887,Pompano Beach,FL,EE. UU.,Consumer
14750,12824,Los Angeles,CA,EE. UU.,Consumer
14751,9509,Dearborn,MI,EE. UU.,Consumer
14752,9478,Lawrence,MA,EE. UU.,Consumer
14753,11027,Columbus,OH,EE. UU.,Consumer
14754,13758,Memphis,TN,EE. UU.,Consumer
14755,13722,Las Vegas,NV,EE. UU.,Consumer
14756,10776,Fort Worth,TX,EE. UU.,Consumer
14757,13757,Santa Clara,CA,EE. UU.,Consumer
14758,13685,San Antonio,TX,EE. UU.,Consumer
14759,11371,Van Nuys,CA,EE. UU.,Consumer
14760,10402,Fontana,CA,EE. UU.,Consumer
14761,12763,Carrollton,TX,EE. UU.,Consumer
14762,13610,Memphis,TN,EE. UU.,Consumer
14763,9564,Dallas,TX,EE. UU.,Consumer
14764,200,Lynn,MA,EE. UU.,Consumer
14765,12277,Pacoima,CA,EE. UU.,Consumer
14766,11053,Bakersfield,CA,EE. UU.,Consumer
14767,7917,Dallas,TX,EE. UU.,Consumer
14768,3887,Garland,TX,EE. UU.,Consumer
14769,10433,Houston,TX,EE. UU.,Consumer
14770,11343,Orange Park,FL,EE. UU.,Consumer
14771,12433,Levittown,NY,EE. UU.,Consumer
14772,3718,Las Vegas,NV,EE. UU.,Consumer
14773,7949,Painesville,OH,EE. UU.,Consumer
14774,9255,Oak Lawn,IL,EE. UU.,Consumer
14775,12649,Enfield,CT,EE. UU.,Consumer
14776,12736,Plano,TX,EE. UU.,Consumer
14777,12480,Napa,CA,EE. UU.,Consumer
14778,14980,Hanover,PA,EE. UU.,Consumer
14779,15032,Yuma,AZ,EE. UU.,Consumer
14780,15085,Sandusky,OH,EE. UU.,Consumer
14781,15066,Chicago,IL,EE. UU.,Consumer
14782,15117,Duluth,GA,EE. UU.,Consumer
14783,12894,San Francisco,CA,EE. UU.,Consumer
14784,15094,Weslaco,TX,EE. UU.,Consumer
14785,15035,Livermore,CA,EE. UU.,Consumer
14786,14981,Richardson,TX,EE. UU.,Consumer
14787,14448,Fond Du Lac,WI,EE. UU.,Consumer
14788,13052,Smyrna,GA,EE. UU.,Consumer
14789,14511,Lansdale,PA,EE. UU.,Consumer
14790,14766,Corona,CA,EE. UU.,Consumer
14791,12338,Phoenix,AZ,EE. UU.,Consumer
14792,3898,Martinsburg,WV,EE. UU.,Consumer
14793,5276,Chillicothe,OH,EE. UU.,Consumer
14794,5589,Loveland,OH,EE. UU.,Consumer
14795,920,New Braunfels,TX,EE. UU.,Consumer
14796,283,Wilmington,CA,EE. UU.,Consumer
14797,33,Norfolk,VA,EE. UU.,Consumer
14798,9686,Wheaton,IL,EE. UU.,Consumer
14799,11969,Honolulu,HI,EE. UU.,Consumer
14800,3966,Brooklyn,NY,EE. UU.,Consumer
14801,8903,Ypsilanti,MI,EE. UU.,Consumer
14802,11181,Bronx,NY,EE. UU.,Consumer
14803,5123,Phoenix,AZ,EE. UU.,Consumer
14804,11298,Henrico,VA,EE. UU.,Consumer
14805,1366,Costa Mesa,CA,EE. UU.,Consumer
14806,5953,Irwin,PA,EE. UU.,Consumer
14807,8980,Opelousas,LA,EE. UU.,Consumer
14808,4341,Hempstead,NY,EE. UU.,Consumer
14809,12159,Pasadena,MD,EE. UU.,Consumer
14810,1447,Newark,DE,EE. UU.,Consumer
14811,18252,Lakewood,NJ,EE. UU.,Consumer
14812,18250,Sacramento,CA,EE. UU.,Consumer
14813,18087,Chicago,IL,EE. UU.,Consumer
14814,18229,New York,NY,EE. UU.,Consumer
14815,16461,Oceanside,CA,EE. UU.,Consumer
14816,19278,Eugene,OR,EE. UU.,Consumer
14817,19044,Dallas,TX,EE. UU.,Consumer
14818,19186,Fairfield,CA,EE. UU.,Consumer
14819,16545,Baltimore,MD,EE. UU.,Consumer
14820,19220,Woonsocket,RI,EE. UU.,Consumer
14821,16543,Clearfield,UT,EE. UU.,Consumer
14822,15824,Augusta,GA,EE. UU.,Consumer
14823,15698,Aurora,IL,EE. UU.,Consumer
14824,18788,Salt Lake City,UT,EE. UU.,Consumer
14825,18769,Potomac,MD,EE. UU.,Consumer
14826,15839,Philadelphia,PA,EE. UU.,Consumer
14827,18767,Chapel Hill,NC,EE. UU.,Consumer
14828,15728,Arlington,TX,EE. UU.,Consumer
14829,15907,New Bedford,MA,EE. UU.,Consumer
14830,15906,Algonquin,IL,EE. UU.,Consumer
14831,18830,Germantown,MD,EE. UU.,Consumer
14832,15864,Chicago,IL,EE. UU.,Consumer
14833,6814,Chicago,IL,EE. UU.,Consumer
14834,1814,Newark,DE,EE. UU.,Consumer
14835,1318,Perth Amboy,NJ,EE. UU.,Consumer
14836,5925,Hempstead,NY,EE. UU.,Consumer
14837,20481,Pompano Beach,FL,EE. UU.,Consumer
14838,4041,Madison,WI,EE. UU.,Consumer
14839,20678,New York,NY,EE. UU.,Consumer
14840,18280,Bell Gardens,CA,EE. UU.,Consumer
14841,17922,San Antonio,TX,EE. UU.,Consumer
14842,17522,Clementon,NJ,EE. UU.,Consumer
14843,10355,Saint Paul,MN,EE. UU.,Consumer
14844,17359,Valrico,FL,EE. UU.,Consumer
14845,20514,Saint Peters,MO,EE. UU.,Consumer
14846,5144,Miami,FL,EE. UU.,Consumer
14847,20567,Glenview,IL,EE. UU.,Consumer
14848,8665,San Bernardino,CA,EE. UU.,Consumer
14849,8614,Sunnyvale,CA,EE. UU.,Consumer
14850,20566,Jamaica,NY,EE. UU.,Consumer
14851,17357,West Chester,PA,EE. UU.,Consumer
14852,17679,Sandusky,OH,EE. UU.,Consumer
14853,18456,Fort Lauderdale,FL,EE. UU.,Consumer
14854,20385,Dubuque,IA,EE. UU.,Consumer
14855,20457,Walnut,CA,EE. UU.,Consumer
14856,11805,Corona,NY,EE. UU.,Consumer
14857,17318,Indio,CA,EE. UU.,Consumer
14858,17335,Temecula,CA,EE. UU.,Consumer
14859,1075,Washington,DC,EE. UU.,Consumer
14860,11008,San Antonio,TX,EE. UU.,Consumer
14861,20561,Eagle Pass,TX,EE. UU.,Consumer
14862,18308,Brooklyn,NY,EE. UU.,Consumer
14863,17441,Richmond,KY,EE. UU.,Consumer
14864,17913,Sheboygan,WI,EE. UU.,Consumer
14865,9623,Austin,TX,EE. UU.,Consumer
14866,17367,El Paso,TX,EE. UU.,Consumer
14867,20396,Las Vegas,NV,EE. UU.,Consumer
14868,17965,Knoxville,TN,EE. UU.,Consumer
14869,11669,Portland,OR,EE. UU.,Consumer
14870,8339,Alhambra,CA,EE. UU.,Consumer
14871,20557,Brooklyn,NY,EE. UU.,Consumer
14872,17928,Victorville,CA,EE. UU.,Consumer
14873,17910,San Antonio,TX,EE. UU.,Consumer
14874,20718,Las Vegas,NV,EE. UU.,Consumer
14875,16042,New York,NY,EE. UU.,Consumer
14876,4545,Henderson,NV,EE. UU.,Consumer
14877,9894,Fresno,CA,EE. UU.,Consumer
14878,926,Wilkes Barre,PA,EE. UU.,Consumer
14879,18699,San Bernardino,CA,EE. UU.,Consumer
14880,15530,San Jose,CA,EE. UU.,Consumer
14881,15617,Del Rio,TX,EE. UU.,Consumer
14882,15670,El Paso,TX,EE. UU.,Consumer
14883,15452,Denver,CO,EE. UU.,Consumer
14884,15433,West New York,NJ,EE. UU.,Consumer
14885,15631,Gilroy,CA,EE. UU.,Consumer
14886,15414,Bakersfield,CA,EE. UU.,Consumer
14887,3261,Vacaville,CA,EE. UU.,Consumer
14888,8525,New York,NY,EE. UU.,Consumer
14889,6984,Chicago,IL,EE. UU.,Consumer
14890,11770,Flushing,NY,EE. UU.,Consumer
14891,17607,Katy,TX,EE. UU.,Consumer
14892,17533,Canyon Country,CA,EE. UU.,Consumer
14893,15286,New York,NY,EE. UU.,Consumer
14894,16332,Orlando,FL,EE. UU.,Consumer
14895,18930,Moline,IL,EE. UU.,Consumer
14896,17208,Grove City,OH,EE. UU.,Consumer
14897,15285,Houston,TX,EE. UU.,Consumer
14898,20188,Long Beach,CA,EE. UU.,Consumer
14899,16150,Los Angeles,CA,EE. UU.,Consumer
14900,20079,Taunton,MA,EE. UU.,Consumer
14901,18628,Tucson,AZ,EE. UU.,Consumer
14902,17207,Norwalk,CA,EE. UU.,Consumer
14903,18555,Cleveland,OH,EE. UU.,Consumer
14904,17799,Honolulu,HI,EE. UU.,Consumer
14905,20114,Tracy,CA,EE. UU.,Consumer
14906,15228,Plymouth,MA,EE. UU.,Consumer
14907,17097,Columbia,MO,EE. UU.,Consumer
14908,20095,Greenville,NC,EE. UU.,Consumer
14909,19914,Diamond Bar,CA,EE. UU.,Consumer
14910,17042,Fond Du Lac,WI,EE. UU.,Consumer
14911,18553,Fort Lauderdale,FL,EE. UU.,Consumer
14912,16344,Lakewood,NJ,EE. UU.,Consumer
14913,19985,Las Vegas,NV,EE. UU.,Consumer
14914,18551,Troy,NY,EE. UU.,Consumer
14915,20218,Orange Park,FL,EE. UU.,Consumer
14916,16342,Tucson,AZ,EE. UU.,Consumer
14917,17146,New Brunswick,NJ,EE. UU.,Consumer
14918,19927,Dallas,TX,EE. UU.,Consumer
14919,20071,Ogden,UT,EE. UU.,Consumer
14920,19800,Houston,TX,EE. UU.,Consumer
14921,19944,Doylestown,PA,EE. UU.,Consumer
14922,15238,Cleveland,OH,EE. UU.,Consumer
14923,17251,Englewood,CO,EE. UU.,Consumer
14924,18545,Fort Lauderdale,FL,EE. UU.,Consumer
14925,20374,Rowland Heights,CA,EE. UU.,Consumer
14926,20175,Tempe,AZ,EE. UU.,Consumer
14927,20300,Del Rio,TX,EE. UU.,Consumer
14928,16137,Hollywood,FL,EE. UU.,Consumer
14929,16173,Chapel Hill,NC,EE. UU.,Consumer
14930,16280,Hampton,VA,EE. UU.,Consumer
14931,20299,Paramount,CA,EE. UU.,Consumer
14932,17804,Lockport,IL,EE. UU.,Consumer
14933,19921,Chicago,IL,EE. UU.,Consumer
14934,16243,Brandon,FL,EE. UU.,Consumer
14935,19191,Chicago,IL,EE. UU.,Consumer
14936,17925,Houston,TX,EE. UU.,Consumer
14937,18011,Moreno Valley,CA,EE. UU.,Consumer
14938,17681,Salem,OR,EE. UU.,Consumer
14939,17711,Duluth,GA,EE. UU.,Consumer
14940,6022,West Chester,PA,EE. UU.,Consumer
14941,17908,Union,NJ,EE. UU.,Consumer
14942,15587,Aurora,IL,EE. UU.,Consumer
14943,18692,Troy,NY,EE. UU.,Consumer
14944,891,Beaverton,OR,EE. UU.,Consumer
14945,3533,Lindenhurst,NY,EE. UU.,Consumer
14946,19863,Austin,TX,EE. UU.,Consumer
14947,17797,Webster,NY,EE. UU.,Consumer
14948,16345,Mount Prospect,IL,EE. UU.,Consumer
14949,15226,Santa Ana,CA,EE. UU.,Consumer
14950,17184,Laredo,TX,EE. UU.,Consumer
14951,19797,Yonkers,NY,EE. UU.,Consumer
14952,17103,Sunnyvale,CA,EE. UU.,Consumer
14953,4854,Brooklyn,NY,EE. UU.,Consumer
14954,57,Baltimore,MD,EE. UU.,Consumer
14955,9561,Mesa,AZ,EE. UU.,Consumer
14956,2315,Weslaco,TX,EE. UU.,Consumer
14957,3044,Colorado Springs,CO,EE. UU.,Consumer
14958,4771,Martinez,CA,EE. UU.,Consumer
14959,3103,Spring Valley,NY,EE. UU.,Consumer
14960,5792,Saint Louis,MO,EE. UU.,Consumer
14961,10106,Carrollton,TX,EE. UU.,Consumer
14962,4996,Olathe,KS,EE. UU.,Consumer
14963,7755,Bowling Green,KY,EE. UU.,Consumer
14964,7207,Washington,DC,EE. UU.,Consumer
14965,2234,Chicago,IL,EE. UU.,Consumer
14966,5121,Antioch,CA,EE. UU.,Consumer
14967,7727,Eugene,OR,EE. UU.,Consumer
14968,7801,Albuquerque,NM,EE. UU.,Consumer
14969,1913,Daly City,CA,EE. UU.,Consumer
14970,7702,Chicago,IL,EE. UU.,Consumer
14971,11345,Fargo,ND,EE. UU.,Consumer
14972,2351,Houston,TX,EE. UU.,Consumer
14973,6431,Placentia,CA,EE. UU.,Consumer
14974,3436,Palatine,IL,EE. UU.,Consumer
14975,7941,Brooklyn,NY,EE. UU.,Consumer
14976,11040,Fort Lauderdale,FL,EE. UU.,Consumer
14977,1290,Chesapeake,VA,EE. UU.,Consumer
14978,3013,Canton,MI,EE. UU.,Consumer
14979,5514,Des Plaines,IL,EE. UU.,Consumer
14980,11907,Newark,NJ,EE. UU.,Consumer
14981,8377,Irving,TX,EE. UU.,Consumer
14982,1800,Massapequa,NY,EE. UU.,Consumer
14983,1454,Palo Alto,CA,EE. UU.,Consumer
14984,5996,Newark,OH,EE. UU.,Consumer
14985,580,Caguas,PR,Puerto Rico,Corporate
14986,2507,Caguas,PR,Puerto Rico,Corporate
14987,3534,Caguas,PR,Puerto Rico,Corporate
14988,9865,Caguas,PR,Puerto Rico,Corporate
14989,11802,Caguas,PR,Puerto Rico,Corporate
14990,5434,Caguas,PR,Puerto Rico,Corporate
14991,4644,Caguas,PR,Puerto Rico,Corporate
14992,4574,Caguas,PR,Puerto Rico,Corporate
14993,111,Caguas,PR,Puerto Rico,Corporate
14994,8569,Caguas,PR,Puerto Rico,Corporate
14995,6329,Caguas,PR,Puerto Rico,Corporate
14996,8921,Caguas,PR,Puerto Rico,Corporate
14997,8101,Caguas,PR,Puerto Rico,Corporate
14998,1726,Caguas,PR,Puerto Rico,Corporate
14999,5042,Caguas,PR,Puerto Rico,Corporate
15000,7846,Caguas,PR,Puerto Rico,Corporate
15001,8216,Caguas,PR,Puerto Rico,Corporate
15002,4861,Caguas,PR,Puerto Rico,Corporate
15003,3105,Toa Baja,PR,Puerto Rico,Corporate
15004,6515,Caguas,PR,Puerto Rico,Corporate
15005,3998,Caguas,PR,Puerto Rico,Corporate
15006,3689,San Juan,PR,Puerto Rico,Corporate
15007,2565,Caguas,PR,Puerto Rico,Corporate
15008,7730,Guaynabo,PR,Puerto Rico,Corporate
15009,7644,Caguas,PR,Puerto Rico,Corporate
15010,11724,Caguas,PR,Puerto Rico,Corporate
15011,1586,Caguas,PR,Puerto Rico,Corporate
15012,4859,Caguas,PR,Puerto Rico,Corporate
15013,2138,Caguas,PR,Puerto Rico,Corporate
15014,6260,Caguas,PR,Puerto Rico,Corporate
15015,11243,Caguas,PR,Puerto Rico,Corporate
15016,7477,Caguas,PR,Puerto Rico,Corporate
15017,9433,Caguas,PR,Puerto Rico,Corporate
15018,10260,Caguas,PR,Puerto Rico,Corporate
15019,2656,Caguas,PR,Puerto Rico,Corporate
15020,5860,Caguas,PR,Puerto Rico,Corporate
15021,1783,Caguas,PR,Puerto Rico,Corporate
15022,1633,Caguas,PR,Puerto Rico,Corporate
15023,9588,Caguas,PR,Puerto Rico,Corporate
15024,670,Caguas,PR,Puerto Rico,Corporate
15025,3584,Caguas,PR,Puerto Rico,Corporate
15026,4777,Caguas,PR,Puerto Rico,Corporate
15027,6837,Caguas,PR,Puerto Rico,Corporate
15028,1720,Caguas,PR,Puerto Rico,Corporate
15029,3000,Caguas,PR,Puerto Rico,Corporate
15030,11734,Caguas,PR,Puerto Rico,Corporate
15031,7239,Caguas,PR,Puerto Rico,Corporate
15032,14200,Caguas,PR,Puerto Rico,Corporate
15033,14270,Caguas,PR,Puerto Rico,Corporate
15034,13279,Caguas,PR,Puerto Rico,Corporate
15035,14222,Yauco,PR,Puerto Rico,Corporate
15036,13553,Caguas,PR,Puerto Rico,Corporate
15037,13980,Caguas,PR,Puerto Rico,Corporate
15038,3642,Caguas,PR,Puerto Rico,Corporate
15039,12766,Caguas,PR,Puerto Rico,Corporate
15040,4638,Caguas,PR,Puerto Rico,Corporate
15041,15237,Caguas,PR,Puerto Rico,Corporate
15042,17903,Caguas,PR,Puerto Rico,Corporate
15043,16478,Caguas,PR,Puerto Rico,Corporate
15044,19112,Caguas,PR,Puerto Rico,Corporate
15045,18768,Caguas,PR,Puerto Rico,Corporate
15046,17664,Caguas,PR,Puerto Rico,Corporate
15047,15976,Caguas,PR,Puerto Rico,Corporate
15048,18488,Caguas,PR,Puerto Rico,Corporate
15049,18451,Caguas,PR,Puerto Rico,Corporate
15050,20451,Caguas,PR,Puerto Rico,Corporate
15051,17438,Caguas,PR,Puerto Rico,Corporate
15052,15483,Caguas,PR,Puerto Rico,Corporate
15053,15549,Caguas,PR,Puerto Rico,Corporate
15054,15655,Caguas,PR,Puerto Rico,Corporate
15055,15583,Caguas,PR,Puerto Rico,Corporate
15056,16179,Caguas,PR,Puerto Rico,Corporate
15057,18974,Caguas,PR,Puerto Rico,Corporate
15058,17090,Caguas,PR,Puerto Rico,Corporate
15059,20231,Caguas,PR,Puerto Rico,Corporate
15060,8077,Caguas,PR,Puerto Rico,Corporate
15061,958,Caguas,PR,Puerto Rico,Corporate
15062,7070,Caguas,PR,Puerto Rico,Corporate
15063,11633,Caguas,PR,Puerto Rico,Corporate
15064,9144,Caguas,PR,Puerto Rico,Corporate
15065,852,Caguas,PR,Puerto Rico,Corporate
15066,6864,Caguas,PR,Puerto Rico,Corporate
15067,7885,Caguas,PR,Puerto Rico,Corporate
15068,7321,Caguas,PR,Puerto Rico,Corporate
15069,4601,Caguas,PR,Puerto Rico,Corporate
15070,3681,Caguas,PR,Puerto Rico,Corporate
15071,14801,Caguas,PR,Puerto Rico,Corporate
15072,11088,Caguas,PR,Puerto Rico,Corporate
15073,12534,Caguas,PR,Puerto Rico,Corporate
15074,14960,Caguas,PR,Puerto Rico,Corporate
15075,20507,Caguas,PR,Puerto Rico,Corporate
15076,19162,Caguas,PR,Puerto Rico,Corporate
15077,6857,Caguas,PR,Puerto Rico,Corporate
15078,17295,Caguas,PR,Puerto Rico,Corporate
15079,15547,Caguas,PR,Puerto Rico,Corporate
15080,15527,Caguas,PR,Puerto Rico,Corporate
15081,20027,Caguas,PR,Puerto Rico,Corporate
15082,18952,Caguas,PR,Puerto Rico,Corporate
15083,17860,Caguas,PR,Puerto Rico,Corporate
15084,15269,Caguas,PR,Puerto Rico,Corporate
15085,11203,Caguas,PR,Puerto Rico,Corporate
15086,9512,Caguas,PR,Puerto Rico,Corporate
15087,14057,Caguas,PR,Puerto Rico,Corporate
15088,13108,Caguas,PR,Puerto Rico,Corporate
15089,13160,Caguas,PR,Puerto Rico,Corporate
15090,14559,Caguas,PR,Puerto Rico,Corporate
15091,11722,Caguas,PR,Puerto Rico,Corporate
15092,13662,Caguas,PR,Puerto Rico,Corporate
15093,13644,Caguas,PR,Puerto Rico,Corporate
15094,4687,Caguas,PR,Puerto Rico,Corporate
15095,14002,Caguas,PR,Puerto Rico,Corporate
15096,8840,Caguas,PR,Puerto Rico,Corporate
15097,13961,Caguas,PR,Puerto Rico,Corporate
15098,1746,Caguas,PR,Puerto Rico,Corporate
15099,11023,Caguas,PR,Puerto Rico,Corporate
15100,1377,Rio Grande,PR,Puerto Rico,Corporate
15101,12499,Caguas,PR,Puerto Rico,Corporate
15102,15088,Caguas,PR,Puerto Rico,Corporate
15103,8490,Caguas,PR,Puerto Rico,Corporate
15104,1344,Caguas,PR,Puerto Rico,Corporate
15105,2499,Caguas,PR,Puerto Rico,Corporate
15106,6728,Caguas,PR,Puerto Rico,Corporate
15107,5374,Caguas,PR,Puerto Rico,Corporate
15108,9355,Caguas,PR,Puerto Rico,Corporate
15109,2952,Caguas,PR,Puerto Rico,Corporate
15110,2030,Caguas,PR,Puerto Rico,Corporate
15111,8409,Caguas,PR,Puerto Rico,Corporate
15112,17300,Caguas,PR,Puerto Rico,Corporate
15113,16372,Caguas,PR,Puerto Rico,Corporate
15114,18095,Caguas,PR,Puerto Rico,Corporate
15115,18070,Caguas,PR,Puerto Rico,Corporate
15116,16428,Caguas,PR,Puerto Rico,Corporate
15117,19144,Caguas,PR,Puerto Rico,Corporate
15118,15701,Caguas,PR,Puerto Rico,Corporate
15119,18819,Caguas,PR,Puerto Rico,Corporate
15120,15818,Caguas,PR,Puerto Rico,Corporate
15121,15831,Caguas,PR,Puerto Rico,Corporate
15122,15757,Caguas,PR,Puerto Rico,Corporate
15123,20479,Caguas,PR,Puerto Rico,Corporate
15124,18386,Caguas,PR,Puerto Rico,Corporate
15125,18331,Caguas,PR,Puerto Rico,Corporate
15126,17391,Caguas,PR,Puerto Rico,Corporate
15127,16012,Caguas,PR,Puerto Rico,Corporate
15128,16009,Caguas,PR,Puerto Rico,Corporate
15129,17930,Caguas,PR,Puerto Rico,Corporate
15130,17964,Caguas,PR,Puerto Rico,Corporate
15131,4735,Caguas,PR,Puerto Rico,Corporate
15132,15292,Caguas,PR,Puerto Rico,Corporate
15133,20259,Caguas,PR,Puerto Rico,Corporate
15134,17798,Caguas,PR,Puerto Rico,Corporate
15135,17203,Caguas,PR,Puerto Rico,Corporate
15136,16253,Toa Alta,PR,Puerto Rico,Corporate
15137,18568,Caguas,PR,Puerto Rico,Corporate
15138,20322,Caguas,PR,Puerto Rico,Corporate
15139,16210,Caguas,PR,Puerto Rico,Corporate
15140,16117,Caguas,PR,Puerto Rico,Corporate
15141,11580,Caguas,PR,Puerto Rico,Corporate
15142,1312,Caguas,PR,Puerto Rico,Corporate
15143,11007,Caguas,PR,Puerto Rico,Corporate
15144,7088,Westerville,OH,EE. UU.,Corporate
15145,10016,Brooklyn,NY,EE. UU.,Corporate
15146,14585,Tucson,AZ,EE. UU.,Corporate
15147,13173,Pomona,CA,EE. UU.,Corporate
15148,13018,Garland,TX,EE. UU.,Corporate
15149,12996,Richmond,VA,EE. UU.,Corporate
15150,14527,Woonsocket,RI,EE. UU.,Corporate
15151,13402,Los Angeles,CA,EE. UU.,Corporate
15152,14860,Jacksonville,FL,EE. UU.,Corporate
15153,13819,Marrero,LA,EE. UU.,Corporate
15154,13778,Saint Peters,MO,EE. UU.,Corporate
15155,12658,Carol Stream,IL,EE. UU.,Corporate
15156,14962,Seattle,WA,EE. UU.,Corporate
15157,15067,Ithaca,NY,EE. UU.,Corporate
15158,13329,Ogden,UT,EE. UU.,Corporate
15159,13130,Elmhurst,NY,EE. UU.,Corporate
15160,14201,Brooklyn,NY,EE. UU.,Corporate
15161,13014,Kaneohe,HI,EE. UU.,Corporate
15162,13175,Los Angeles,CA,EE. UU.,Corporate
15163,13244,San Benito,TX,EE. UU.,Corporate
15164,1878,San Diego,CA,EE. UU.,Corporate
15165,14794,Rio Rancho,NM,EE. UU.,Corporate
15166,12640,Las Vegas,NV,EE. UU.,Corporate
15167,12940,Orange Park,FL,EE. UU.,Corporate
15168,12859,Huntington Beach,CA,EE. UU.,Corporate
15169,14487,Philadelphia,PA,EE. UU.,Corporate
15170,16475,Honolulu,HI,EE. UU.,Corporate
15171,15770,Mount Pleasant,MI,EE. UU.,Corporate
15172,17236,Lancaster,CA,EE. UU.,Corporate
15173,16500,Pawtucket,RI,EE. UU.,Corporate
15174,16479,San Bernardino,CA,EE. UU.,Corporate
15175,19111,Dallas,TX,EE. UU.,Corporate
15176,18833,San Francisco,CA,EE. UU.,Corporate
15177,15830,Chicago,IL,EE. UU.,Corporate
15178,8598,San Diego,CA,EE. UU.,Corporate
15179,18487,Pomona,CA,EE. UU.,Corporate
15180,18885,New York,NY,EE. UU.,Corporate
15181,17385,Katy,TX,EE. UU.,Corporate
15182,15554,Jacksonville,NC,EE. UU.,Corporate
15183,15505,Elk Grove,CA,EE. UU.,Corporate
15184,15649,Pekin,IL,EE. UU.,Corporate
15185,15307,Marietta,GA,EE. UU.,Corporate
15186,20148,Pompano Beach,FL,EE. UU.,Corporate
15187,20146,Lynnwood,WA,EE. UU.,Corporate
15188,17214,Hollister,CA,EE. UU.,Corporate
15189,17824,Pittsburg,CA,EE. UU.,Corporate
15190,20353,Vista,CA,EE. UU.,Corporate
15191,18856,Richmond,VA,EE. UU.,Corporate
15192,17470,Alhambra,CA,EE. UU.,Corporate
15193,15946,San Jose,CA,EE. UU.,Corporate
15194,17627,Walnut,CA,EE. UU.,Corporate
15195,17285,Philadelphia,PA,EE. UU.,Corporate
15196,17953,Mchenry,IL,EE. UU.,Corporate
15197,20689,Holland,MI,EE. UU.,Corporate
15198,18869,Mechanicsburg,PA,EE. UU.,Corporate
15199,17406,Milford,CT,EE. UU.,Corporate
15200,20702,Clearfield,UT,EE. UU.,Corporate
15201,18447,Chicago,IL,EE. UU.,Corporate
15202,7395,East Brunswick,NJ,EE. UU.,Corporate
15203,17578,Hamilton,OH,EE. UU.,Corporate
15204,15169,Chicago,IL,EE. UU.,Corporate
15205,16320,North Bergen,NJ,EE. UU.,Corporate
15206,16352,Chesapeake,VA,EE. UU.,Corporate
15207,20450,Tampa,FL,EE. UU.,Corporate
15208,19016,Ewa Beach,HI,EE. UU.,Corporate
15209,17760,Brooklyn,NY,EE. UU.,Corporate
15210,17089,Loveland,OH,EE. UU.,Corporate
15211,101,Dorchester Center,MA,EE. UU.,Corporate
15212,10002,New York,NY,EE. UU.,Corporate
15213,6856,Plainfield,IL,EE. UU.,Corporate
15214,193,Gaithersburg,MD,EE. UU.,Corporate
15215,13625,Detroit,MI,EE. UU.,Corporate
15216,14033,Norcross,GA,EE. UU.,Corporate
15217,12625,San Marcos,TX,EE. UU.,Corporate
15218,13180,North Hollywood,CA,EE. UU.,Corporate
15219,14263,Buffalo,NY,EE. UU.,Corporate
15220,14152,Houston,TX,EE. UU.,Corporate
15221,14434,Greeley,CO,EE. UU.,Corporate
15222,12535,Las Vegas,NV,EE. UU.,Corporate
15223,14961,Chicago,IL,EE. UU.,Corporate
15224,3732,Norcross,GA,EE. UU.,Corporate
15225,7025,Buffalo,NY,EE. UU.,Corporate
15226,16388,Tucson,AZ,EE. UU.,Corporate
15227,20336,Los Angeles,CA,EE. UU.,Corporate
15228,19160,Williamsport,PA,EE. UU.,Corporate
15229,17663,Las Vegas,NV,EE. UU.,Corporate
15230,17497,Houston,TX,EE. UU.,Corporate
15231,15441,San Diego,CA,EE. UU.,Corporate
15232,16152,San Jose,CA,EE. UU.,Corporate
15233,17855,Detroit,MI,EE. UU.,Corporate
15234,18563,Lindenhurst,NY,EE. UU.,Corporate
15235,15270,Duluth,GA,EE. UU.,Corporate
15236,20406,Del Rio,TX,EE. UU.,Corporate
15237,17517,Las Cruces,NM,EE. UU.,Corporate
15238,18865,Fremont,CA,EE. UU.,Corporate
15239,15470,Peoria,AZ,EE. UU.,Corporate
15240,15468,Jacksonville,NC,EE. UU.,Corporate
15241,15703,Henrico,VA,EE. UU.,Corporate
15242,18278,Edison,NJ,EE. UU.,Corporate
15243,17570,Indianapolis,IN,EE. UU.,Corporate
15244,4990,Yonkers,NY,EE. UU.,Corporate
15245,14769,Malden,MA,EE. UU.,Corporate
15246,14994,Modesto,CA,EE. UU.,Corporate
15247,14644,Albuquerque,NM,EE. UU.,Corporate
15248,14305,Summerville,SC,EE. UU.,Corporate
15249,13159,Richmond,VA,EE. UU.,Corporate
15250,14477,Saint Paul,MN,EE. UU.,Corporate
15251,13458,Ogden,UT,EE. UU.,Corporate
15252,13186,Chicago,IL,EE. UU.,Corporate
15253,14056,Beloit,WI,EE. UU.,Corporate
15254,14000,Brooklyn,NY,EE. UU.,Corporate
15255,12503,Chicago,IL,EE. UU.,Corporate
15256,14991,Costa Mesa,CA,EE. UU.,Corporate
15257,13010,Joliet,IL,EE. UU.,Corporate
15258,13207,Pawtucket,RI,EE. UU.,Corporate
15259,13009,Washington,DC,EE. UU.,Corporate
15260,12989,Fremont,CA,EE. UU.,Corporate
15261,13537,Rowland Heights,CA,EE. UU.,Corporate
15262,13572,Ballwin,MO,EE. UU.,Corporate
15263,1248,Reseda,CA,EE. UU.,Corporate
15264,14695,Bronx,NY,EE. UU.,Corporate
15265,14802,Lakewood,OH,EE. UU.,Corporate
15266,13979,Fayetteville,NC,EE. UU.,Corporate
15267,5166,Kenner,LA,EE. UU.,Corporate
15268,12654,La Puente,CA,EE. UU.,Corporate
15269,14426,Tempe,AZ,EE. UU.,Corporate
15270,17968,Antioch,CA,EE. UU.,Corporate
15271,9734,Rego Park,NY,EE. UU.,Corporate
15272,18065,Glenview,IL,EE. UU.,Corporate
15273,18246,Newark,NJ,EE. UU.,Corporate
15274,16593,Garden Grove,CA,EE. UU.,Corporate
15275,19267,Strongsville,OH,EE. UU.,Corporate
15276,16427,Morristown,NJ,EE. UU.,Corporate
15277,19192,Brooklyn,NY,EE. UU.,Corporate
15278,16604,Weslaco,TX,EE. UU.,Corporate
15279,16549,Cary,NC,EE. UU.,Corporate
15280,16505,Tinley Park,IL,EE. UU.,Corporate
15281,18771,Elyria,OH,EE. UU.,Corporate
15282,20590,Highland,CA,EE. UU.,Corporate
15283,18387,Lutz,FL,EE. UU.,Corporate
15284,17521,Pico Rivera,CA,EE. UU.,Corporate
15285,16053,Jackson,MI,EE. UU.,Corporate
15286,17919,Hialeah,FL,EE. UU.,Corporate
15287,18433,Philadelphia,PA,EE. UU.,Corporate
15288,15611,Tucson,AZ,EE. UU.,Corporate
15289,15608,Colorado Springs,CO,EE. UU.,Corporate
15290,17580,Elgin,IL,EE. UU.,Corporate
15291,15194,Phoenix,AZ,EE. UU.,Corporate
15292,16164,Loveland,OH,EE. UU.,Corporate
15293,16326,Aurora,CO,EE. UU.,Corporate
15294,20070,Cerritos,CA,EE. UU.,Corporate
15295,15234,Phoenix,AZ,EE. UU.,Corporate
15296,15233,Denver,CO,EE. UU.,Corporate
15297,18245,El Paso,TX,EE. UU.,Corporate
15298,19052,Garland,TX,EE. UU.,Corporate
15299,16591,Westminster,CA,EE. UU.,Corporate
15300,19069,Honolulu,HI,EE. UU.,Corporate
15301,19157,Tempe,AZ,EE. UU.,Corporate
15302,19153,Princeton,NJ,EE. UU.,Corporate
15303,19207,Chesapeake,VA,EE. UU.,Corporate
15304,18820,Powder Springs,GA,EE. UU.,Corporate
15305,18765,El Centro,CA,EE. UU.,Corporate
15306,15885,Cupertino,CA,EE. UU.,Corporate
15307,15776,Chapel Hill,NC,EE. UU.,Corporate
15308,18389,Los Angeles,CA,EE. UU.,Corporate
15309,20731,Broken Arrow,OK,EE. UU.,Corporate
15310,18027,West New York,NJ,EE. UU.,Corporate
15311,17519,San Antonio,TX,EE. UU.,Corporate
15312,18418,Augusta,GA,EE. UU.,Corporate
15313,20704,Bronx,NY,EE. UU.,Corporate
15314,20721,Oxnard,CA,EE. UU.,Corporate
15315,20648,Newark,DE,EE. UU.,Corporate
15316,18394,Martinez,CA,EE. UU.,Corporate
15317,15536,Huntington Park,CA,EE. UU.,Corporate
15318,15534,Newburgh,NY,EE. UU.,Corporate
15319,19919,San Francisco,CA,EE. UU.,Corporate
15320,20112,Richmond,VA,EE. UU.,Corporate
15321,20141,Oxnard,CA,EE. UU.,Corporate
15322,20512,New Bedford,MA,EE. UU.,Corporate
15323,11891,Provo,UT,EE. UU.,Corporate
15324,8596,Canton,MI,EE. UU.,Corporate
15325,8257,Fargo,ND,EE. UU.,Corporate
15326,11325,Caguas,PR,Puerto Rico,Consumer
15327,5427,Ann Arbor,MI,EE. UU.,Home Office
15328,7483,Caguas,PR,Puerto Rico,Consumer
15329,8151,Caguas,PR,Puerto Rico,Corporate
15330,9076,Stockbridge,GA,EE. UU.,Consumer
15331,1896,Chicago,IL,EE. UU.,Home Office
15332,6267,Enfield,CT,EE. UU.,Home Office
15333,993,Fairfield,OH,EE. UU.,Home Office
15334,4055,Levittown,NY,EE. UU.,Home Office
15335,3124,Freeport,NY,EE. UU.,Home Office
15336,10624,Caguas,PR,Puerto Rico,Consumer
15337,11655,Caguas,PR,Puerto Rico,Consumer
15338,6744,Caguas,PR,Puerto Rico,Corporate
15339,6889,Hanford,CA,EE. UU.,Consumer
15340,6490,West Jordan,UT,EE. UU.,Home Office
15341,6266,Carolina,PR,Puerto Rico,Consumer
15342,528,Caguas,PR,Puerto Rico,Consumer
15343,11271,Arecibo,PR,Puerto Rico,Consumer
15344,2191,Watsonville,CA,EE. UU.,Consumer
15345,954,Richmond,TX,EE. UU.,Home Office
15346,9835,San Bernardino,CA,EE. UU.,Consumer
15347,1697,Caguas,PR,Puerto Rico,Corporate
15348,1159,Stone Mountain,GA,EE. UU.,Home Office
15349,2996,Caguas,PR,Puerto Rico,Consumer
15350,7360,Caguas,PR,Puerto Rico,Consumer
15351,4273,Tucson,AZ,EE. UU.,Home Office
15352,3846,Ontario,CA,EE. UU.,Home Office
15353,5393,Wilmington,CA,EE. UU.,Home Office
15354,5850,Caguas,PR,Puerto Rico,Consumer
15355,9031,Philadelphia,PA,EE. UU.,Home Office
15356,9863,Caguas,PR,Puerto Rico,Corporate
15357,8423,South Gate,CA,EE. UU.,Consumer
15358,11220,Passaic,NJ,EE. UU.,Consumer
15359,8582,Houston,TX,EE. UU.,Home Office
15360,6913,Cypress,CA,EE. UU.,Home Office
15361,2878,Union,NJ,EE. UU.,Home Office
15362,8952,Mission,TX,EE. UU.,Home Office
15363,3385,Placentia,CA,EE. UU.,Home Office
15364,7221,Caguas,PR,Puerto Rico,Consumer
15365,5307,New Braunfels,TX,EE. UU.,Home Office
15366,3506,Phoenix,AZ,EE. UU.,Home Office
15367,6410,Sheboygan,WI,EE. UU.,Home Office
15368,9446,Caguas,PR,Puerto Rico,Corporate
15369,1760,Caguas,PR,Puerto Rico,Consumer
15370,10662,Sunnyvale,CA,EE. UU.,Home Office
15371,1172,Waukegan,IL,EE. UU.,Home Office
15372,1026,Ontario,CA,EE. UU.,Home Office
15373,6040,Trujillo Alto,PR,Puerto Rico,Consumer
15374,8532,South Richmond Hill,NY,EE. UU.,Consumer
15375,6941,Caguas,PR,Puerto Rico,Home Office
15376,6577,Stafford,VA,EE. UU.,Consumer
15377,12155,Raleigh,NC,EE. UU.,Home Office
15378,974,Fresno,CA,EE. UU.,Consumer
15379,3152,Caguas,PR,Puerto Rico,Home Office
15380,9536,Los Angeles,CA,EE. UU.,Consumer
15381,11300,Bronx,NY,EE. UU.,Home Office
15382,6507,Caguas,PR,Puerto Rico,Consumer
15383,11893,Caguas,PR,Puerto Rico,Corporate
15384,3845,Caguas,PR,Puerto Rico,Corporate
15385,11810,Endicott,NY,EE. UU.,Consumer
15386,8982,Sunnyvale,CA,EE. UU.,Home Office
15387,7560,Caguas,PR,Puerto Rico,Consumer
15388,12316,Chicago,IL,EE. UU.,Consumer
15389,3949,Philadelphia,PA,EE. UU.,Consumer
15390,3092,Albuquerque,NM,EE. UU.,Home Office
15391,10131,Caguas,PR,Puerto Rico,Consumer
15392,4058,San Jose,CA,EE. UU.,Consumer
15393,7546,Newark,NJ,EE. UU.,Home Office
15394,344,Caguas,PR,Puerto Rico,Consumer
15395,1767,Caguas,PR,Puerto Rico,Home Office
15396,1387,Caguas,PR,Puerto Rico,Consumer
15397,8912,Caguas,PR,Puerto Rico,Home Office
15398,550,Lancaster,PA,EE. UU.,Home Office
15399,5108,Caguas,PR,Puerto Rico,Consumer
15400,3427,Caguas,PR,Puerto Rico,Corporate
15401,2806,Caguas,PR,Puerto Rico,Consumer
15402,11533,Mchenry,IL,EE. UU.,Home Office
15403,672,Caguas,PR,Puerto Rico,Corporate
15404,11989,Caguas,PR,Puerto Rico,Consumer
15405,6565,Powder Springs,GA,EE. UU.,Home Office
15406,6753,Winter Park,FL,EE. UU.,Home Office
15407,11845,Memphis,TN,EE. UU.,Home Office
15408,11111,San Sebastian,PR,Puerto Rico,Consumer
15409,11769,Caguas,PR,Puerto Rico,Consumer
15410,10606,Littleton,CO,EE. UU.,Home Office
15411,8379,Brandon,FL,EE. UU.,Home Office
15412,6282,Caguas,PR,Puerto Rico,Consumer
15413,7900,San Diego,CA,EE. UU.,Home Office
15414,2343,Lawton,OK,EE. UU.,Consumer
15415,9793,Pekin,IL,EE. UU.,Home Office
15416,3307,Caguas,PR,Puerto Rico,Consumer
15417,5056,San Benito,TX,EE. UU.,Home Office
15418,7111,Ewa Beach,HI,EE. UU.,Home Office
15419,6115,Caguas,PR,Puerto Rico,Home Office
15420,1087,Richardson,TX,EE. UU.,Home Office
15421,2551,Caguas,PR,Puerto Rico,Consumer
15422,8284,Caguas,PR,Puerto Rico,Consumer
15423,8604,Medina,OH,EE. UU.,Home Office
15424,7628,Guayama,PR,Puerto Rico,Corporate
15425,1006,Laredo,TX,EE. UU.,Home Office
15426,5705,Brandon,FL,EE. UU.,Home Office
15427,4949,Riverside,CA,EE. UU.,Consumer
15428,7405,Mission Viejo,CA,EE. UU.,Consumer
15429,10422,Chicago,IL,EE. UU.,Consumer
15430,4049,Caguas,PR,Puerto Rico,Consumer
15431,8603,Indianapolis,IN,EE. UU.,Home Office
15432,6237,El Cajon,CA,EE. UU.,Home Office
15433,8217,Sacramento,CA,EE. UU.,Home Office
15434,8319,Albany,OR,EE. UU.,Consumer
15435,8581,Atlanta,GA,EE. UU.,Home Office
15436,11894,Canoga Park,CA,EE. UU.,Home Office
15437,10882,Powder Springs,GA,EE. UU.,Home Office
15438,1810,Antioch,CA,EE. UU.,Home Office
15439,5325,Caguas,PR,Puerto Rico,Consumer
15440,6985,Caguas,PR,Puerto Rico,Consumer
15441,9065,Milwaukee,WI,EE. UU.,Home Office
15442,573,Washington,DC,EE. UU.,Consumer
15443,11356,Caguas,PR,Puerto Rico,Consumer
15444,9483,Oregon City,OR,EE. UU.,Consumer
15445,7831,Caguas,PR,Puerto Rico,Consumer
15446,6157,Caguas,PR,Puerto Rico,Consumer
15447,3562,Annandale,VA,EE. UU.,Home Office
15448,12250,Caguas,PR,Puerto Rico,Consumer
15449,12283,San Juan,PR,Puerto Rico,Consumer
15450,2729,Caguas,PR,Puerto Rico,Consumer
15451,6917,Beloit,WI,EE. UU.,Home Office
15452,5919,Staten Island,NY,EE. UU.,Home Office
15453,6885,Cypress,CA,EE. UU.,Consumer
15454,11670,Caguas,PR,Puerto Rico,Consumer
15455,5652,Bend,OR,EE. UU.,Home Office
15456,4961,Opa Locka,FL,EE. UU.,Home Office
15457,10498,Corona,NY,EE. UU.,Consumer
15458,7965,Hialeah,FL,EE. UU.,Consumer
15459,3551,Caguas,PR,Puerto Rico,Consumer
15460,8785,New York,NY,EE. UU.,Home Office
15461,11240,Richmond,VA,EE. UU.,Home Office
15462,1252,New York,NY,EE. UU.,Consumer
15463,11440,Wilkes Barre,PA,EE. UU.,Home Office
15464,3821,Caguas,PR,Puerto Rico,Corporate
15465,4124,Caguas,PR,Puerto Rico,Consumer
15466,10169,Daly City,CA,EE. UU.,Home Office
15467,6387,San Benito,TX,EE. UU.,Consumer
15468,11608,Norwalk,CA,EE. UU.,Consumer
15469,7807,Houston,TX,EE. UU.,Consumer
15470,5575,Elk Grove,CA,EE. UU.,Home Office
15471,10994,El Monte,CA,EE. UU.,Consumer
15472,5591,Hollywood,FL,EE. UU.,Home Office
15473,9492,Caguas,PR,Puerto Rico,Corporate
15474,4948,Caguas,PR,Puerto Rico,Consumer
15475,8606,Winter Park,FL,EE. UU.,Home Office
15476,610,New York,NY,EE. UU.,Home Office
15477,2640,Caguas,PR,Puerto Rico,Consumer
15478,8871,Granite City,IL,EE. UU.,Home Office
15479,1879,Caguas,PR,Puerto Rico,Corporate
15480,2852,Lenoir,NC,EE. UU.,Home Office
15481,7388,Tampa,FL,EE. UU.,Home Office
15482,11148,San Antonio,TX,EE. UU.,Consumer
15483,7145,Lancaster,OH,EE. UU.,Home Office
15484,10415,Caguas,PR,Puerto Rico,Consumer
15485,12410,Sandusky,OH,EE. UU.,Consumer
15486,6409,Sanford,NC,EE. UU.,Home Office
15487,8000,Caguas,PR,Puerto Rico,Home Office
15488,12228,Caguas,PR,Puerto Rico,Consumer
15489,11647,Caguas,PR,Puerto Rico,Consumer
15490,4361,Caguas,PR,Puerto Rico,Corporate
15491,6139,Caguas,PR,Puerto Rico,Consumer
15492,4091,New York,NY,EE. UU.,Consumer
15493,9648,Mesa,AZ,EE. UU.,Home Office
15494,3992,Caguas,PR,Puerto Rico,Corporate
15495,10997,Pacoima,CA,EE. UU.,Corporate
15496,6058,San Antonio,TX,EE. UU.,Consumer
15497,9668,Caguas,PR,Puerto Rico,Home Office
15498,10445,Caguas,PR,Puerto Rico,Consumer
15499,350,Caguas,PR,Puerto Rico,Consumer
15500,2480,Milwaukee,WI,EE. UU.,Home Office
15501,11859,Tucson,AZ,EE. UU.,Home Office
15502,10600,Caguas,PR,Puerto Rico,Consumer
15503,208,Bayamon,PR,Puerto Rico,Home Office
15504,11113,Brooklyn,NY,EE. UU.,Consumer
15505,10435,Hawthorne,CA,EE. UU.,Home Office
15506,2905,Caguas,PR,Puerto Rico,Home Office
15507,5261,Manati,PR,Puerto Rico,Consumer
15508,6284,Caguas,PR,Puerto Rico,Consumer
15509,1276,Honolulu,HI,EE. UU.,Consumer
15510,11434,Miami,FL,EE. UU.,Home Office
15511,9630,Caguas,PR,Puerto Rico,Consumer
15512,9445,Plano,TX,EE. UU.,Home Office
15513,10409,Caguas,PR,Puerto Rico,Corporate
15514,1329,Las Vegas,NV,EE. UU.,Consumer
15515,5906,Canovanas,PR,Puerto Rico,Consumer
15516,4977,Caguas,PR,Puerto Rico,Consumer
15517,3876,Normal,IL,EE. UU.,Consumer
15518,675,Greensboro,NC,EE. UU.,Home Office
15519,3622,Brooklyn,NY,EE. UU.,Home Office
15520,11812,Medford,MA,EE. UU.,Consumer
15521,6748,Greensboro,NC,EE. UU.,Home Office
15522,9497,Caguas,PR,Puerto Rico,Consumer
15523,6954,Lawrenceville,GA,EE. UU.,Home Office
15524,588,Caguas,PR,Puerto Rico,Consumer
15525,139,San Diego,CA,EE. UU.,Home Office
15526,8045,Powder Springs,GA,EE. UU.,Home Office
15527,5833,Brooklyn,NY,EE. UU.,Home Office
15528,2342,Washington,DC,EE. UU.,Home Office
15529,5802,Caguas,PR,Puerto Rico,Home Office
15530,12220,Chicago,IL,EE. UU.,Home Office
15531,10886,Brooklyn,NY,EE. UU.,Home Office
15532,1918,Santee,CA,EE. UU.,Home Office
15533,6916,Escondido,CA,EE. UU.,Home Office
15534,5701,Caguas,PR,Puerto Rico,Home Office
15535,3880,Bakersfield,CA,EE. UU.,Home Office
15536,6942,Long Beach,CA,EE. UU.,Home Office
15537,8966,Fort Worth,TX,EE. UU.,Home Office
15538,6349,Lewisville,TX,EE. UU.,Home Office
15539,7578,Pompano Beach,FL,EE. UU.,Home Office
15540,1160,Los Angeles,CA,EE. UU.,Home Office
15541,5938,Caguas,PR,Puerto Rico,Consumer
15542,7593,New Haven,CT,EE. UU.,Home Office
15543,2195,Dallas,TX,EE. UU.,Home Office
15544,8958,Chicago,IL,EE. UU.,Home Office
15545,4709,Caguas,PR,Puerto Rico,Consumer
15546,7618,Caguas,PR,Puerto Rico,Home Office
15547,11703,Caguas,PR,Puerto Rico,Consumer
15548,5830,Caguas,PR,Puerto Rico,Consumer
15549,10356,Caguas,PR,Puerto Rico,Corporate
15550,1207,Diamond Bar,CA,EE. UU.,Consumer
15551,3510,San Jose,CA,EE. UU.,Home Office
15552,8141,Houston,TX,EE. UU.,Home Office
15553,12057,Brooklyn,NY,EE. UU.,Home Office
15554,2171,Caguas,PR,Puerto Rico,Consumer
15555,8413,Caguas,PR,Puerto Rico,Consumer
15556,7872,San Jose,CA,EE. UU.,Home Office
15557,8751,Caguas,PR,Puerto Rico,Consumer
15558,4625,Oviedo,FL,EE. UU.,Consumer
15559,5541,Houston,TX,EE. UU.,Home Office
15560,8916,Bayamon,PR,Puerto Rico,Consumer
15561,620,Caguas,PR,Puerto Rico,Consumer
15562,11043,Caguas,PR,Puerto Rico,Consumer
15563,10234,Las Cruces,NM,EE. UU.,Consumer
15564,5075,Jonesboro,AR,EE. UU.,Consumer
15565,1333,Colorado Springs,CO,EE. UU.,Consumer
15566,10475,Caguas,PR,Puerto Rico,Consumer
15567,11496,Caguas,PR,Puerto Rico,Consumer
15568,6809,Caguas,PR,Puerto Rico,Consumer
15569,7583,Asheboro,NC,EE. UU.,Consumer
15570,9259,Guayama,PR,Puerto Rico,Consumer
15571,6608,Pompano Beach,FL,EE. UU.,Home Office
15572,7718,Caguas,PR,Puerto Rico,Home Office
15573,630,Caguas,PR,Puerto Rico,Consumer
15574,5470,Caguas,PR,Puerto Rico,Consumer
15575,8710,Duluth,GA,EE. UU.,Consumer
15576,4844,El Centro,CA,EE. UU.,Home Office
15577,5437,San Pablo,CA,EE. UU.,Home Office
15578,5588,Santa Ana,CA,EE. UU.,Consumer
15579,8634,Caguas,PR,Puerto Rico,Consumer
15580,12021,Caguas,PR,Puerto Rico,Consumer
15581,7571,Chicago,IL,EE. UU.,Consumer
15582,4835,Memphis,TN,EE. UU.,Consumer
15583,10931,Caguas,PR,Puerto Rico,Consumer
15584,562,Tracy,CA,EE. UU.,Consumer
15585,8942,Caguas,PR,Puerto Rico,Home Office
15586,1297,San Diego,CA,EE. UU.,Consumer
15587,3419,Flushing,NY,EE. UU.,Consumer
15588,8880,Escondido,CA,EE. UU.,Home Office
15589,11966,Caguas,PR,Puerto Rico,Consumer
15590,5005,Berwyn,IL,EE. UU.,Consumer
15591,3500,Escondido,CA,EE. UU.,Home Office
15592,6114,Fremont,CA,EE. UU.,Home Office
15593,2285,Caguas,PR,Puerto Rico,Home Office
15594,3638,Caguas,PR,Puerto Rico,Consumer
15595,6845,Los Angeles,CA,EE. UU.,Home Office
15596,8416,Colton,CA,EE. UU.,Home Office
15597,6038,Plainfield,NJ,EE. UU.,Consumer
15598,4981,Bronx,NY,EE. UU.,Home Office
15599,3508,Escondido,CA,EE. UU.,Home Office
15600,11863,Caguas,PR,Puerto Rico,Consumer
15601,6076,Caguas,PR,Puerto Rico,Consumer
15602,5305,Corona,CA,EE. UU.,Home Office
15603,8296,Detroit,MI,EE. UU.,Consumer
15604,1717,Porterville,CA,EE. UU.,Home Office
15605,10336,Philadelphia,PA,EE. UU.,Home Office
15606,9505,Orlando,FL,EE. UU.,Home Office
15607,9695,Brooklyn,NY,EE. UU.,Home Office
15608,2207,Caguas,PR,Puerto Rico,Consumer
15609,12346,Santa Clara,CA,EE. UU.,Home Office
15610,6087,Norcross,GA,EE. UU.,Home Office
15611,8627,Miami,FL,EE. UU.,Home Office
15612,7547,Caguas,PR,Puerto Rico,Consumer
15613,10993,La Habra,CA,EE. UU.,Home Office
15614,2543,Tempe,AZ,EE. UU.,Home Office
15615,6952,Caguas,PR,Puerto Rico,Consumer
15616,9098,Washington,PA,EE. UU.,Home Office
15617,8212,Spring Valley,CA,EE. UU.,Home Office
15618,1088,Caguas,PR,Puerto Rico,Home Office
15619,5889,Pekin,IL,EE. UU.,Home Office
15620,12224,Philadelphia,PA,EE. UU.,Home Office
15621,10745,Caguas,PR,Puerto Rico,Consumer
15622,10388,Fort Lauderdale,FL,EE. UU.,Consumer
15623,8920,Troy,MI,EE. UU.,Home Office
15624,11138,Las Vegas,NV,EE. UU.,Home Office
15625,10167,New Braunfels,TX,EE. UU.,Consumer
15626,7834,Salt Lake City,UT,EE. UU.,Home Office
15627,196,Dearborn,MI,EE. UU.,Home Office
15628,182,Caguas,PR,Puerto Rico,Consumer
15629,8817,Winnetka,CA,EE. UU.,Home Office
15630,6017,Wyandotte,MI,EE. UU.,Home Office
15631,8704,Caguas,PR,Puerto Rico,Consumer
15632,10605,Caguas,PR,Puerto Rico,Consumer
15633,3387,Caguas,PR,Puerto Rico,Consumer
15634,426,Endicott,NY,EE. UU.,Home Office
15635,3446,Corona,CA,EE. UU.,Consumer
15636,781,Miami,FL,EE. UU.,Consumer
15637,5504,Caguas,PR,Puerto Rico,Consumer
15638,9363,San Diego,CA,EE. UU.,Home Office
15639,2356,Irwin,PA,EE. UU.,Home Office
15640,5172,Caguas,PR,Puerto Rico,Consumer
15641,6357,Carol Stream,IL,EE. UU.,Home Office
15642,2031,Los Angeles,CA,EE. UU.,Home Office
15643,1686,Los Angeles,CA,EE. UU.,Home Office
15644,3174,Caguas,PR,Puerto Rico,Corporate
15645,1431,Caguas,PR,Puerto Rico,Home Office
15646,4214,Caguas,PR,Puerto Rico,Consumer
15647,6804,Caguas,PR,Puerto Rico,Home Office
15648,8822,Dallas,TX,EE. UU.,Home Office
15649,9869,Honolulu,HI,EE. UU.,Home Office
15650,10075,Azusa,CA,EE. UU.,Home Office
15651,1337,Caguas,PR,Puerto Rico,Home Office
15652,7890,South Ozone Park,NY,EE. UU.,Home Office
15653,1039,Caguas,PR,Puerto Rico,Corporate
15654,5132,Caguas,PR,Puerto Rico,Consumer
15655,10373,Brandon,FL,EE. UU.,Home Office
15656,10141,Medford,MA,EE. UU.,Home Office
15657,7386,Caguas,PR,Puerto Rico,Home Office
15658,3049,Bakersfield,CA,EE. UU.,Consumer
15659,3463,Greensboro,NC,EE. UU.,Consumer
15660,11294,Caguas,PR,Puerto Rico,Consumer
15661,5115,Caguas,PR,Puerto Rico,Consumer
15662,10502,Caguas,PR,Puerto Rico,Consumer
15663,8071,Plano,TX,EE. UU.,Home Office
15664,10085,Los Angeles,CA,EE. UU.,Consumer
15665,1354,Opelousas,LA,EE. UU.,Consumer
15666,4714,Miami,FL,EE. UU.,Home Office
15667,9134,Fresno,CA,EE. UU.,Home Office
15668,1532,Fresno,CA,EE. UU.,Consumer
15669,5319,Caguas,PR,Puerto Rico,Consumer
15670,10684,Miami,FL,EE. UU.,Home Office
15671,1881,Mesa,AZ,EE. UU.,Home Office
15672,2843,Sugar Land,TX,EE. UU.,Consumer
15673,3051,Sugar Land,TX,EE. UU.,Home Office
15674,12359,Bronx,NY,EE. UU.,Home Office
15675,6685,Caguas,PR,Puerto Rico,Consumer
15676,9398,Caguas,PR,Puerto Rico,Consumer
15677,5010,Cleveland,OH,EE. UU.,Home Office
15678,722,Caguas,PR,Puerto Rico,Consumer
15679,2135,El Centro,CA,EE. UU.,Home Office
15680,1095,Caguas,PR,Puerto Rico,Consumer
15681,10686,Greensboro,NC,EE. UU.,Home Office
15682,4325,Caguas,PR,Puerto Rico,Consumer
15683,6756,Metairie,LA,EE. UU.,Home Office
15684,1281,Modesto,CA,EE. UU.,Home Office
15685,5294,Ballwin,MO,EE. UU.,Consumer
15686,10542,Los Angeles,CA,EE. UU.,Consumer
15687,6527,San Jose,CA,EE. UU.,Consumer
15688,6475,Chicago,IL,EE. UU.,Home Office
15689,11039,Caguas,PR,Puerto Rico,Consumer
15690,6513,Sugar Land,TX,EE. UU.,Consumer
15691,1676,Charlotte,NC,EE. UU.,Home Office
15692,8096,Chicago,IL,EE. UU.,Home Office
15693,4884,Caguas,PR,Puerto Rico,Consumer
15694,1050,Hamtramck,MI,EE. UU.,Consumer
15695,164,Caguas,PR,Puerto Rico,Consumer
15696,6805,San Francisco,CA,EE. UU.,Home Office
15697,128,Augusta,GA,EE. UU.,Consumer
15698,10837,Caguas,PR,Puerto Rico,Home Office
15699,2377,Carlisle,PA,EE. UU.,Home Office
15700,10444,Brooklyn,NY,EE. UU.,Home Office
15701,1922,New Albany,IN,EE. UU.,Home Office
15702,6013,Caguas,PR,Puerto Rico,Corporate
15703,3612,Aurora,CO,EE. UU.,Home Office
15704,9709,North Las Vegas,NV,EE. UU.,Home Office
15705,5215,Cypress,CA,EE. UU.,Home Office
15706,8106,Caguas,PR,Puerto Rico,Consumer
15707,5607,Caguas,PR,Puerto Rico,Consumer
15708,4982,Union,NJ,EE. UU.,Home Office
15709,4088,Salt Lake City,UT,EE. UU.,Home Office
15710,7106,Detroit,MI,EE. UU.,Home Office
15711,5052,Oregon City,OR,EE. UU.,Home Office
15712,3455,Tucson,AZ,EE. UU.,Home Office
15713,3807,Brandon,FL,EE. UU.,Home Office
15714,8317,Wheeling,WV,EE. UU.,Home Office
15715,11324,Dallas,TX,EE. UU.,Home Office
15716,4733,Saint Louis,MO,EE. UU.,Home Office
15717,8512,Bronx,NY,EE. UU.,Consumer
15718,3338,Taunton,MA,EE. UU.,Consumer
15719,4507,Ithaca,NY,EE. UU.,Consumer
15720,7139,Baldwin Park,CA,EE. UU.,Home Office
15721,5834,Caguas,PR,Puerto Rico,Consumer
15722,4102,Marrero,LA,EE. UU.,Consumer
15723,6693,Wyoming,MI,EE. UU.,Home Office
15724,4501,Watsonville,CA,EE. UU.,Home Office
15725,2554,Caguas,PR,Puerto Rico,Consumer
15726,3875,Caguas,PR,Puerto Rico,Consumer
15727,49,Caguas,PR,Puerto Rico,Consumer
15728,2500,Ypsilanti,MI,EE. UU.,Home Office
15729,686,North Hollywood,CA,EE. UU.,Home Office
15730,7087,Brooklyn,NY,EE. UU.,Consumer
15731,1722,Caguas,PR,Puerto Rico,Consumer
15732,5515,Cincinnati,OH,EE. UU.,Home Office
15733,10098,Phoenix,AZ,EE. UU.,Home Office
15734,12324,Caguas,PR,Puerto Rico,Home Office
15735,3224,Las Vegas,NV,EE. UU.,Home Office
15736,6432,Caguas,PR,Puerto Rico,Consumer
15737,4680,Carlisle,PA,EE. UU.,Corporate
15738,1825,Van Nuys,CA,EE. UU.,Home Office
15739,2125,Bend,OR,EE. UU.,Home Office
15740,6479,Caguas,PR,Puerto Rico,Consumer
15741,5522,Caguas,PR,Puerto Rico,Consumer
15742,9745,Caguas,PR,Puerto Rico,Home Office
15743,10998,Detroit,MI,EE. UU.,Home Office
15744,4158,Caguas,PR,Puerto Rico,Consumer
15745,5849,Saint Louis,MO,EE. UU.,Home Office
15746,3451,Caguas,PR,Puerto Rico,Consumer
15747,8686,Caguas,PR,Puerto Rico,Corporate
15748,591,Caguas,PR,Puerto Rico,Consumer
15749,8130,Hollywood,FL,EE. UU.,Home Office
15750,5413,Chicago,IL,EE. UU.,Home Office
15751,2311,Anaheim,CA,EE. UU.,Home Office
15752,10055,Las Vegas,NV,EE. UU.,Home Office
15753,5861,Des Plaines,IL,EE. UU.,Consumer
15754,8055,Katy,TX,EE. UU.,Consumer
15755,3381,Portland,OR,EE. UU.,Home Office
15756,6238,Caguas,PR,Puerto Rico,Home Office
15757,5462,Brooklyn,NY,EE. UU.,Consumer
15758,12298,Caguas,PR,Puerto Rico,Consumer
15759,3089,Caguas,PR,Puerto Rico,Consumer
15760,499,San Diego,CA,EE. UU.,Home Office
15761,11484,Lancaster,PA,EE. UU.,Consumer
15762,9417,Olathe,KS,EE. UU.,Home Office
15763,10315,Jackson Heights,NY,EE. UU.,Consumer
15764,6995,Brandon,FL,EE. UU.,Home Office
15765,9853,Corona,CA,EE. UU.,Home Office
15766,9953,San Juan,PR,Puerto Rico,Consumer
15767,6286,Caguas,PR,Puerto Rico,Consumer
15768,7843,Caguas,PR,Puerto Rico,Consumer
15769,1698,Detroit,MI,EE. UU.,Home Office
15770,1861,Caguas,PR,Puerto Rico,Consumer
15771,10937,Phoenix,AZ,EE. UU.,Home Office
15772,3768,Miami,FL,EE. UU.,Home Office
15773,1213,Eugene,OR,EE. UU.,Home Office
15774,5672,Chandler,AZ,EE. UU.,Home Office
15775,4767,Washington,PA,EE. UU.,Home Office
15776,1572,Yuma,AZ,EE. UU.,Consumer
15777,11289,Mount Pleasant,MI,EE. UU.,Home Office
15778,11672,Caguas,PR,Puerto Rico,Consumer
15779,5969,Caguas,PR,Puerto Rico,Consumer
15780,6404,Buena Park,CA,EE. UU.,Home Office
15781,8029,Caguas,PR,Puerto Rico,Corporate
15782,3585,Chicago,IL,EE. UU.,Home Office
15783,5368,Brooklyn,NY,EE. UU.,Home Office
15784,1485,Morristown,NJ,EE. UU.,Home Office
15785,5065,Dearborn,MI,EE. UU.,Home Office
15786,3719,Caguas,PR,Puerto Rico,Consumer
15787,2545,Richardson,TX,EE. UU.,Home Office
15788,11244,Ann Arbor,MI,EE. UU.,Consumer
15789,657,Caguas,PR,Puerto Rico,Corporate
15790,6074,Chicago,IL,EE. UU.,Consumer
15791,6163,San Jose,CA,EE. UU.,Home Office
15792,1208,Caguas,PR,Puerto Rico,Consumer
15793,8316,Augusta,GA,EE. UU.,Home Office
15794,9579,Buffalo,NY,EE. UU.,Consumer
15795,3347,El Paso,TX,EE. UU.,Home Office
15796,8099,Brooklyn,NY,EE. UU.,Home Office
15797,7681,Caguas,PR,Puerto Rico,Consumer
15798,1328,Wayne,NJ,EE. UU.,Home Office
15799,5586,Caguas,PR,Puerto Rico,Consumer
15800,5366,San Diego,CA,EE. UU.,Home Office
15801,5318,Cleveland,OH,EE. UU.,Home Office
15802,11442,Caguas,PR,Puerto Rico,Consumer
15803,9450,Carol Stream,IL,EE. UU.,Home Office
15804,3465,Santa Clara,CA,EE. UU.,Home Office
15805,5136,Caguas,PR,Puerto Rico,Consumer
15806,9367,San Benito,TX,EE. UU.,Consumer
15807,8727,San Antonio,TX,EE. UU.,Consumer
15808,2087,San Benito,TX,EE. UU.,Home Office
15809,160,Brooklyn,NY,EE. UU.,Home Office
15810,690,Salt Lake City,UT,EE. UU.,Home Office
15811,6244,Orlando,FL,EE. UU.,Home Office
15812,7077,Caguas,PR,Puerto Rico,Home Office
15813,401,Aurora,CO,EE. UU.,Consumer
15814,522,Caguas,PR,Puerto Rico,Consumer
15815,2400,Caguas,PR,Puerto Rico,Consumer
15816,10420,Plainfield,NJ,EE. UU.,Home Office
15817,7530,Long Beach,CA,EE. UU.,Corporate
15818,3349,San Diego,CA,EE. UU.,Consumer
15819,5642,Columbia,TN,EE. UU.,Consumer
15820,4437,Wilkes Barre,PA,EE. UU.,Consumer
15821,3368,Las Vegas,NV,EE. UU.,Consumer
15822,11328,Los Angeles,CA,EE. UU.,Consumer
15823,6843,New York,NY,EE. UU.,Consumer
15824,8054,Brooklyn,NY,EE. UU.,Consumer
15825,5443,Greeley,CO,EE. UU.,Consumer
15826,4423,Panorama City,CA,EE. UU.,Consumer
15827,13401,Jonesboro,AR,EE. UU.,Consumer
15828,13023,Ogden,UT,EE. UU.,Consumer
15829,13257,Piscataway,NJ,EE. UU.,Consumer
15830,14257,Columbus,OH,EE. UU.,Consumer
15831,14220,Washington,DC,EE. UU.,Consumer
15832,13490,Chicago,IL,EE. UU.,Consumer
15833,14400,Bakersfield,CA,EE. UU.,Consumer
15834,14310,Los Angeles,CA,EE. UU.,Consumer
15835,14112,Charlotte,NC,EE. UU.,Consumer
15836,13381,Indio,CA,EE. UU.,Consumer
15837,14237,Englewood,CO,EE. UU.,Consumer
15838,14129,Catonsville,MD,EE. UU.,Consumer
15839,14484,Greensboro,NC,EE. UU.,Consumer
15840,13237,Vista,CA,EE. UU.,Consumer
15841,13399,Toms River,NJ,EE. UU.,Consumer
15842,13453,Jackson Heights,NY,EE. UU.,Consumer
15843,13380,Wyoming,MI,EE. UU.,Consumer
15844,13164,Philadelphia,PA,EE. UU.,Consumer
15845,13416,San Jose,CA,EE. UU.,Consumer
15846,14236,Massapequa,NY,EE. UU.,Consumer
15847,13325,San Marcos,CA,EE. UU.,Consumer
15848,13055,Houston,TX,EE. UU.,Consumer
15849,14608,West Haven,CT,EE. UU.,Consumer
15850,13235,Pompano Beach,FL,EE. UU.,Consumer
15851,13307,Amarillo,TX,EE. UU.,Consumer
15852,14235,Newark,OH,EE. UU.,Consumer
15853,14428,Virginia Beach,VA,EE. UU.,Consumer
15854,13324,Los Angeles,CA,EE. UU.,Consumer
15855,13486,Hamtramck,MI,EE. UU.,Consumer
15856,13432,Austin,TX,EE. UU.,Consumer
15857,14481,Methuen,MA,EE. UU.,Consumer
15858,14661,San Diego,CA,EE. UU.,Consumer
15859,14463,Mission Viejo,CA,EE. UU.,Consumer
15860,14072,Fort Washington,MD,EE. UU.,Consumer
15861,14409,Kent,WA,EE. UU.,Consumer
15862,13377,Modesto,CA,EE. UU.,Consumer
15863,13215,New Haven,CT,EE. UU.,Consumer
15864,13395,Tempe,AZ,EE. UU.,Consumer
15865,13376,El Paso,TX,EE. UU.,Consumer
15866,14515,Bend,OR,EE. UU.,Consumer
15867,13358,Lancaster,OH,EE. UU.,Consumer
15868,14106,Opelousas,LA,EE. UU.,Consumer
15869,13321,Chesapeake,VA,EE. UU.,Consumer
15870,14321,Columbia,SC,EE. UU.,Consumer
15871,13267,Crystal Lake,IL,EE. UU.,Consumer
15872,14177,Mission Viejo,CA,EE. UU.,Consumer
15873,14105,New York,NY,EE. UU.,Consumer
15874,14550,Los Angeles,CA,EE. UU.,Consumer
15875,13302,Quincy,IL,EE. UU.,Consumer
15876,13320,Florissant,MO,EE. UU.,Consumer
15877,13068,Grand Prairie,TX,EE. UU.,Consumer
15878,14176,Virginia Beach,VA,EE. UU.,Consumer
15879,13445,Eagle Pass,TX,EE. UU.,Consumer
15880,13283,San Diego,CA,EE. UU.,Consumer
15881,13139,Miami,FL,EE. UU.,Consumer
15882,14337,Chicago,IL,EE. UU.,Consumer
15883,14373,El Paso,TX,EE. UU.,Consumer
15884,14102,Miami,FL,EE. UU.,Consumer
15885,14084,Cerritos,CA,EE. UU.,Consumer
15886,14389,Potomac,MD,EE. UU.,Consumer
15887,13155,Tucson,AZ,EE. UU.,Consumer
15888,13065,Van Nuys,CA,EE. UU.,Consumer
15889,14281,York,PA,EE. UU.,Consumer
15890,13298,San Antonio,TX,EE. UU.,Consumer
15891,14455,Brooklyn,NY,EE. UU.,Consumer
15892,14316,Miami,FL,EE. UU.,Consumer
15893,14226,Freeport,NY,EE. UU.,Consumer
15894,13423,Albuquerque,NM,EE. UU.,Consumer
15895,13153,Albuquerque,NM,EE. UU.,Consumer
15896,13008,Spring Valley,CA,EE. UU.,Consumer
15897,13404,Cleveland,OH,EE. UU.,Consumer
15898,13026,Meridian,ID,EE. UU.,Consumer
15899,13512,Fort Worth,TX,EE. UU.,Consumer
15900,14385,Washington,DC,EE. UU.,Consumer
15901,13295,Greensburg,PA,EE. UU.,Consumer
15902,14578,East Lansing,MI,EE. UU.,Consumer
15903,14312,Salina,KS,EE. UU.,Consumer
15904,14685,Los Angeles,CA,EE. UU.,Consumer
15905,14451,San Antonio,TX,EE. UU.,Consumer
15906,14132,Los Angeles,CA,EE. UU.,Consumer
15907,14613,Norwalk,CA,EE. UU.,Consumer
15908,11260,Fort Lauderdale,FL,EE. UU.,Consumer
15909,35,Oceanside,CA,EE. UU.,Consumer
15910,13753,Lake Forest,CA,EE. UU.,Consumer
15911,13879,West Orange,NJ,EE. UU.,Consumer
15912,7490,Chapel Hill,NC,EE. UU.,Consumer
15913,13697,Fullerton,CA,EE. UU.,Consumer
15914,14039,Laredo,TX,EE. UU.,Consumer
15915,6191,Saint Paul,MN,EE. UU.,Consumer
15916,14805,Findlay,OH,EE. UU.,Consumer
15917,13750,Anaheim,CA,EE. UU.,Consumer
15918,14714,Reynoldsburg,OH,EE. UU.,Consumer
15919,13749,Antioch,TN,EE. UU.,Consumer
15920,14749,Scottsdale,AZ,EE. UU.,Consumer
15921,13569,Oxnard,CA,EE. UU.,Consumer
15922,13802,Costa Mesa,CA,EE. UU.,Consumer
15923,13712,Honolulu,HI,EE. UU.,Consumer
15924,13676,Raleigh,NC,EE. UU.,Consumer
15925,14017,Saint Louis,MO,EE. UU.,Consumer
15926,13765,Las Vegas,NV,EE. UU.,Consumer
15927,13747,West Chester,PA,EE. UU.,Consumer
15928,13567,Saint Louis,MO,EE. UU.,Consumer
15929,3902,Oceanside,CA,EE. UU.,Consumer
15930,13584,Augusta,GA,EE. UU.,Consumer
15931,14710,South El Monte,CA,EE. UU.,Consumer
15932,14854,Enfield,CT,EE. UU.,Consumer
15933,13925,New York,NY,EE. UU.,Consumer
15934,13583,Brooklyn,NY,EE. UU.,Consumer
15935,13907,Costa Mesa,CA,EE. UU.,Consumer
15936,13727,Massillon,OH,EE. UU.,Consumer
15937,13708,Bolingbrook,IL,EE. UU.,Consumer
15938,12807,San Antonio,TX,EE. UU.,Consumer
15939,13581,Columbus,OH,EE. UU.,Consumer
15940,13635,Philadelphia,PA,EE. UU.,Consumer
15941,13689,Enfield,CT,EE. UU.,Consumer
15942,14761,Antioch,CA,EE. UU.,Consumer
15943,14031,Troy,MI,EE. UU.,Consumer
15944,14778,Washington,DC,EE. UU.,Consumer
15945,14012,San Diego,CA,EE. UU.,Consumer
15946,13598,Winnetka,CA,EE. UU.,Consumer
15947,14048,Kailua,HI,EE. UU.,Consumer
15948,13976,Pittsfield,MA,EE. UU.,Consumer
15949,389,Modesto,CA,EE. UU.,Consumer
15950,14705,Riverside,CA,EE. UU.,Consumer
15951,1925,Moreno Valley,CA,EE. UU.,Consumer
15952,14047,Bakersfield,CA,EE. UU.,Consumer
15953,980,San Jose,CA,EE. UU.,Consumer
15954,5139,Greenville,NC,EE. UU.,Consumer
15955,14046,CA,91732,EE. UU.,Consumer
15956,14704,Marietta,GA,EE. UU.,Consumer
15957,12785,Florissant,MO,EE. UU.,Consumer
15958,13992,Las Vegas,NV,EE. UU.,Consumer
15959,13578,Columbia,SC,EE. UU.,Consumer
15960,14866,Dallas,TX,EE. UU.,Consumer
15961,14739,Chicago,IL,EE. UU.,Consumer
15962,13901,Wayne,NJ,EE. UU.,Consumer
15963,14829,Hesperia,CA,EE. UU.,Consumer
15964,13918,Los Angeles,CA,EE. UU.,Consumer
15965,14738,Bakersfield,CA,EE. UU.,Consumer
15966,12783,Dallas,TX,EE. UU.,Consumer
15967,14026,Katy,TX,EE. UU.,Consumer
15968,14702,Chino,CA,EE. UU.,Consumer
15969,14882,Pompano Beach,FL,EE. UU.,Consumer
15970,14792,Irwin,PA,EE. UU.,Consumer
15971,12746,York,PA,EE. UU.,Consumer
15972,13899,Tampa,FL,EE. UU.,Consumer
15973,14791,Katy,TX,EE. UU.,Consumer
15974,9474,Methuen,MA,EE. UU.,Consumer
15975,13862,Long Beach,CA,EE. UU.,Consumer
15976,13754,Perth Amboy,NJ,EE. UU.,Consumer
15977,14898,Long Beach,CA,EE. UU.,Consumer
15978,13916,Chicago,IL,EE. UU.,Consumer
15979,14916,Milwaukee,WI,EE. UU.,Consumer
15980,12781,Chicago,IL,EE. UU.,Consumer
15981,13970,Fountain Valley,CA,EE. UU.,Consumer
15982,14880,Moline,IL,EE. UU.,Consumer
15983,5693,Lockport,IL,EE. UU.,Consumer
15984,3236,Hollister,CA,EE. UU.,Consumer
15985,4175,Westland,MI,EE. UU.,Consumer
15986,4167,Malden,MA,EE. UU.,Consumer
15987,11009,Federal Way,WA,EE. UU.,Consumer
15988,2566,Merced,CA,EE. UU.,Consumer
15989,9525,Jamaica,NY,EE. UU.,Consumer
15990,12578,Opa Locka,FL,EE. UU.,Consumer
15991,12682,Oak Lawn,IL,EE. UU.,Consumer
15992,12645,Fort Worth,TX,EE. UU.,Consumer
15993,12498,Brooklyn,NY,EE. UU.,Consumer
15994,12714,Brooklyn,NY,EE. UU.,Consumer
15995,12533,Phoenix,AZ,EE. UU.,Consumer
15996,12621,Louisville,KY,EE. UU.,Consumer
15997,12619,Hayward,CA,EE. UU.,Consumer
15998,12690,San Antonio,TX,EE. UU.,Consumer
15999,12491,Phoenix,AZ,EE. UU.,Consumer
16000,12581,Dayton,OH,EE. UU.,Consumer
16001,12561,Oxnard,CA,EE. UU.,Consumer
16002,12705,Chicago,IL,EE. UU.,Consumer
16003,14997,Jersey City,NJ,EE. UU.,Consumer
16004,15123,Brooklyn,NY,EE. UU.,Consumer
16005,12830,Lakewood,OH,EE. UU.,Consumer
16006,14959,Buffalo,NY,EE. UU.,Consumer
16007,14923,Las Cruces,NM,EE. UU.,Consumer
16008,14975,Brooklyn,NY,EE. UU.,Consumer
16009,15137,Elyria,OH,EE. UU.,Consumer
16010,15046,Davis,CA,EE. UU.,Consumer
16011,12934,Chicago,IL,EE. UU.,Consumer
16012,15135,Fairfield,OH,EE. UU.,Consumer
16013,12841,Fort Lauderdale,FL,EE. UU.,Consumer
16014,15097,Lawton,OK,EE. UU.,Consumer
16015,15042,Chicago,IL,EE. UU.,Consumer
16016,12948,Fremont,CA,EE. UU.,Consumer
16017,12930,Greeley,CO,EE. UU.,Consumer
16018,12857,San Ramon,CA,EE. UU.,Consumer
16019,12893,Brooklyn,NY,EE. UU.,Consumer
16020,14951,Apopka,FL,EE. UU.,Consumer
16021,15004,Memphis,TN,EE. UU.,Consumer
16022,15039,Costa Mesa,CA,EE. UU.,Consumer
16023,15093,Allentown,PA,EE. UU.,Consumer
16024,15037,Porterville,CA,EE. UU.,Consumer
16025,12853,New York,NY,EE. UU.,Consumer
16026,12851,San Diego,CA,EE. UU.,Consumer
16027,14185,Cincinnati,OH,EE. UU.,Consumer
16028,13400,New York,NY,EE. UU.,Consumer
16029,14183,Burnsville,MN,EE. UU.,Consumer
16030,13057,Anaheim,CA,EE. UU.,Consumer
16031,13379,Tucson,AZ,EE. UU.,Consumer
16032,14518,Norcross,GA,EE. UU.,Consumer
16033,13195,Lawton,OK,EE. UU.,Consumer
16034,14103,Phoenix,AZ,EE. UU.,Consumer
16035,14391,Salem,OR,EE. UU.,Consumer
16036,10652,Lenoir,NC,EE. UU.,Consumer
16037,12777,Carlsbad,CA,EE. UU.,Consumer
16038,14038,Santa Ana,CA,EE. UU.,Consumer
16039,13838,Dallas,TX,EE. UU.,Consumer
16040,3388,Augusta,GA,EE. UU.,Consumer
16041,13890,Palo Alto,CA,EE. UU.,Consumer
16042,13655,Detroit,MI,EE. UU.,Consumer
16043,13651,Las Vegas,NV,EE. UU.,Consumer
16044,13793,Stockton,CA,EE. UU.,Consumer
16045,14757,Houston,TX,EE. UU.,Consumer
16046,13719,Hawthorne,CA,EE. UU.,Consumer
16047,13953,Philadelphia,PA,EE. UU.,Consumer
16048,6644,Quincy,MA,EE. UU.,Consumer
16049,8577,Virginia Beach,VA,EE. UU.,Consumer
16050,3662,Troy,NY,EE. UU.,Consumer
16051,12524,Atlanta,GA,EE. UU.,Consumer
16052,12663,Tempe,AZ,EE. UU.,Consumer
16053,12580,Bronx,NY,EE. UU.,Consumer
16054,12885,Columbus,OH,EE. UU.,Consumer
16055,15083,Lancaster,CA,EE. UU.,Consumer
16056,14973,Phoenix,AZ,EE. UU.,Consumer
16057,12912,Eugene,OR,EE. UU.,Consumer
16058,12833,Cumberland,MD,EE. UU.,Consumer
16059,11617,Virginia Beach,VA,EE. UU.,Consumer
16060,4993,Fort Lauderdale,FL,EE. UU.,Consumer
16061,5609,Morristown,NJ,EE. UU.,Consumer
16062,8092,Irwin,PA,EE. UU.,Consumer
16063,9276,Dallas,TX,EE. UU.,Consumer
16064,11838,Portland,OR,EE. UU.,Consumer
16065,340,Denton,TX,EE. UU.,Consumer
16066,3183,Buffalo,NY,EE. UU.,Consumer
16067,7959,Strongsville,OH,EE. UU.,Consumer
16068,2587,Bensalem,PA,EE. UU.,Consumer
16069,9997,Irving,TX,EE. UU.,Consumer
16070,5195,Bayonne,NJ,EE. UU.,Consumer
16071,8419,Aurora,CO,EE. UU.,Consumer
16072,9455,El Monte,CA,EE. UU.,Consumer
16073,6920,Chicago,IL,EE. UU.,Consumer
16074,278,Brooklyn,NY,EE. UU.,Consumer
16075,8108,Los Angeles,CA,EE. UU.,Consumer
16076,201,Jacksonville,FL,EE. UU.,Consumer
16077,8739,Jacksonville,FL,EE. UU.,Consumer
16078,6705,Vista,CA,EE. UU.,Consumer
16079,5159,Fort Lauderdale,FL,EE. UU.,Consumer
16080,4826,Houston,TX,EE. UU.,Corporate
16081,8874,Bronx,NY,EE. UU.,Corporate
16082,14624,Tulare,CA,EE. UU.,Corporate
16083,14605,San Marcos,CA,EE. UU.,Corporate
16084,14284,Dallas,TX,EE. UU.,Corporate
16085,14211,Virginia Beach,VA,EE. UU.,Corporate
16086,14525,Atlanta,GA,EE. UU.,Corporate
16087,13621,Saint Paul,MN,EE. UU.,Corporate
16088,14399,Los Angeles,CA,EE. UU.,Corporate
16089,14381,Rego Park,NY,EE. UU.,Corporate
16090,14090,El Monte,CA,EE. UU.,Corporate
16091,13197,Sunnyvale,CA,EE. UU.,Corporate
16092,14459,Brooklyn,NY,EE. UU.,Corporate
16093,14439,Lancaster,PA,EE. UU.,Corporate
16094,13263,New York,NY,EE. UU.,Corporate
16095,14546,Fullerton,CA,EE. UU.,Corporate
16096,13424,Pittsfield,MA,EE. UU.,Corporate
16097,13028,Detroit,MI,EE. UU.,Corporate
16098,13351,Broken Arrow,OK,EE. UU.,Corporate
16099,13350,Bronx,NY,EE. UU.,Corporate
16100,13493,Hayward,CA,EE. UU.,Corporate
16101,14416,Clearfield,UT,EE. UU.,Corporate
16102,14667,Florissant,MO,EE. UU.,Corporate
16103,13348,Las Vegas,NV,EE. UU.,Corporate
16104,1253,Enfield,CT,EE. UU.,Corporate
16105,13860,Mesa,AZ,EE. UU.,Corporate
16106,12760,Pico Rivera,CA,EE. UU.,Corporate
16107,13588,Bronx,NY,EE. UU.,Corporate
16108,12811,Dallas,TX,EE. UU.,Corporate
16109,13784,Encinitas,CA,EE. UU.,Corporate
16110,13963,Alameda,CA,EE. UU.,Corporate
16111,13908,Brooklyn,NY,EE. UU.,Corporate
16112,13619,Phoenix,AZ,EE. UU.,Corporate
16113,12825,Modesto,CA,EE. UU.,Corporate
16114,14816,Springfield,MO,EE. UU.,Corporate
16115,14707,Chicago,IL,EE. UU.,Corporate
16116,13849,Chicago,IL,EE. UU.,Corporate
16117,13774,Conway,AR,EE. UU.,Corporate
16118,13647,Los Angeles,CA,EE. UU.,Corporate
16119,13790,Opelousas,LA,EE. UU.,Corporate
16120,6226,Weslaco,TX,EE. UU.,Corporate
16121,12593,Citrus Heights,CA,EE. UU.,Corporate
16122,12520,Tampa,FL,EE. UU.,Corporate
16123,12484,Strongsville,OH,EE. UU.,Corporate
16124,12732,Detroit,MI,EE. UU.,Corporate
16125,12623,Antioch,CA,EE. UU.,Corporate
16126,12730,Newark,DE,EE. UU.,Corporate
16127,12567,Methuen,MA,EE. UU.,Corporate
16128,12531,Hyattsville,MD,EE. UU.,Corporate
16129,12709,Jamaica,NY,EE. UU.,Corporate
16130,14947,Apex,NC,EE. UU.,Corporate
16131,14928,Clementon,NJ,EE. UU.,Corporate
16132,12941,Scottsdale,AZ,EE. UU.,Corporate
16133,14345,Carson,CA,EE. UU.,Corporate
16134,13525,Raleigh,NC,EE. UU.,Corporate
16135,14380,Crystal Lake,IL,EE. UU.,Corporate
16136,13521,Frankfort,KY,EE. UU.,Corporate
16137,13413,Garden Grove,CA,EE. UU.,Corporate
16138,13269,Dubuque,IA,EE. UU.,Corporate
16139,14215,South Ozone Park,NY,EE. UU.,Corporate
16140,13088,Alpharetta,GA,EE. UU.,Corporate
16141,14301,Detroit,MI,EE. UU.,Corporate
16142,14246,Antioch,CA,EE. UU.,Corporate
16143,14529,San Diego,CA,EE. UU.,Corporate
16144,13497,Norcross,GA,EE. UU.,Corporate
16145,13226,Honolulu,HI,EE. UU.,Corporate
16146,13280,Las Vegas,NV,EE. UU.,Corporate
16147,14295,Milwaukee,WI,EE. UU.,Corporate
16148,14753,Santa Cruz,CA,EE. UU.,Corporate
16149,14879,Stone Mountain,GA,EE. UU.,Corporate
16150,14876,Alhambra,CA,EE. UU.,Corporate
16151,13947,Wichita,KS,EE. UU.,Corporate
16152,14819,Westerville,OH,EE. UU.,Corporate
16153,12810,Mesa,AZ,EE. UU.,Corporate
16154,12809,Union City,NJ,EE. UU.,Corporate
16155,13618,Miami,FL,EE. UU.,Corporate
16156,14852,Houston,TX,EE. UU.,Corporate
16157,12751,Modesto,CA,EE. UU.,Corporate
16158,2702,Honolulu,HI,EE. UU.,Corporate
16159,13723,Methuen,MA,EE. UU.,Corporate
16160,13720,Chino Hills,CA,EE. UU.,Corporate
16161,13810,Miami,FL,EE. UU.,Corporate
16162,13863,Weslaco,TX,EE. UU.,Corporate
16163,14863,Brooklyn,NY,EE. UU.,Corporate
16164,12817,Fairfield,OH,EE. UU.,Corporate
16165,13808,Virginia Beach,VA,EE. UU.,Corporate
16166,12632,Dearborn,MI,EE. UU.,Corporate
16167,12631,Modesto,CA,EE. UU.,Corporate
16168,12573,Broken Arrow,OK,EE. UU.,Corporate
16169,12566,Aurora,IL,EE. UU.,Corporate
16170,15060,Harvey,IL,EE. UU.,Corporate
16171,15132,Memphis,TN,EE. UU.,Corporate
16172,15041,Livermore,CA,EE. UU.,Corporate
16173,12946,Hialeah,FL,EE. UU.,Corporate
16174,13022,San Marcos,TX,EE. UU.,Corporate
16175,12504,Peoria,AZ,EE. UU.,Corporate
16176,12681,Yonkers,NY,EE. UU.,Corporate
16177,3626,Oceanside,CA,EE. UU.,Corporate
16178,4052,Columbus,GA,EE. UU.,Corporate
16179,9543,Huntington Beach,CA,EE. UU.,Corporate
16180,18081,Sugar Land,TX,EE. UU.,Corporate
16181,8182,Tucson,AZ,EE. UU.,Corporate
16182,15988,La Mesa,CA,EE. UU.,Corporate
16183,17705,Anaheim,CA,EE. UU.,Corporate
16184,15521,Cleveland,OH,EE. UU.,Corporate
16185,20117,San Francisco,CA,EE. UU.,Corporate
16186,20078,Brownsville,TX,EE. UU.,Corporate
16187,18917,Garland,TX,EE. UU.,Corporate
16188,15219,Middletown,OH,EE. UU.,Corporate
16189,16209,Tempe,AZ,EE. UU.,Corporate
16190,18615,Chicago,IL,EE. UU.,Corporate
16191,18949,Fontana,CA,EE. UU.,Corporate
16192,18191,Phoenix,AZ,EE. UU.,Corporate
16193,18243,Pekin,IL,EE. UU.,Corporate
16194,18049,Morristown,NJ,EE. UU.,Corporate
16195,16517,Dallas,TX,EE. UU.,Corporate
16196,16480,Plano,TX,EE. UU.,Corporate
16197,16530,Clementon,NJ,EE. UU.,Corporate
16198,16421,Chillicothe,OH,EE. UU.,Corporate
16199,19059,Woodbridge,VA,EE. UU.,Corporate
16200,15764,Chicago,IL,EE. UU.,Corporate
16201,15886,Diamond Bar,CA,EE. UU.,Corporate
16202,15849,Madera,CA,EE. UU.,Corporate
16203,18319,Rialto,CA,EE. UU.,Corporate
16204,18462,Rego Park,NY,EE. UU.,Corporate
16205,16003,Honolulu,HI,EE. UU.,Corporate
16206,16019,Goleta,CA,EE. UU.,Corporate
16207,18298,Baltimore,MD,EE. UU.,Corporate
16208,20531,Austin,TX,EE. UU.,Corporate
16209,20405,Rowland Heights,CA,EE. UU.,Corporate
16210,20746,Riverside,CA,EE. UU.,Corporate
16211,17500,Los Angeles,CA,EE. UU.,Corporate
16212,18347,Los Angeles,CA,EE. UU.,Corporate
16213,20726,Memphis,TN,EE. UU.,Corporate
16214,20671,North Richland Hills,TX,EE. UU.,Corporate
16215,17460,Dallas,TX,EE. UU.,Corporate
16216,15939,Philadelphia,PA,EE. UU.,Corporate
16217,17424,Rego Park,NY,EE. UU.,Corporate
16218,17514,Apex,NC,EE. UU.,Corporate
16219,18022,Newark,OH,EE. UU.,Corporate
16220,17351,Houston,TX,EE. UU.,Corporate
16221,20506,Richmond,TX,EE. UU.,Corporate
16222,17654,Harvey,IL,EE. UU.,Corporate
16223,20414,San Antonio,TX,EE. UU.,Corporate
16224,17688,Weslaco,TX,EE. UU.,Corporate
16225,20628,Fort Worth,TX,EE. UU.,Corporate
16226,15520,Chicago,IL,EE. UU.,Corporate
16227,15393,Lynnwood,WA,EE. UU.,Corporate
16228,15604,Chicago,IL,EE. UU.,Corporate
16229,15567,Carlsbad,CA,EE. UU.,Corporate
16230,15477,Chicago,IL,EE. UU.,Corporate
16231,15417,Moreno Valley,CA,EE. UU.,Corporate
16232,15522,Tampa,FL,EE. UU.,Corporate
16233,17574,Hanover,PA,EE. UU.,Corporate
16234,15160,Los Angeles,CA,EE. UU.,Corporate
16235,15141,Hanover,PA,EE. UU.,Corporate
16236,17064,Fort Lauderdale,FL,EE. UU.,Corporate
16237,15267,Los Angeles,CA,EE. UU.,Corporate
16238,16204,Miami,FL,EE. UU.,Corporate
16239,17762,Chicago,IL,EE. UU.,Corporate
16240,19843,Bristol,CT,EE. UU.,Corporate
16241,17223,Moline,IL,EE. UU.,Corporate
16242,17165,El Centro,CA,EE. UU.,Corporate
16243,18622,Richmond,KY,EE. UU.,Corporate
16244,19785,Glendale,AZ,EE. UU.,Corporate
16245,20018,Bronx,NY,EE. UU.,Corporate
16246,17756,Annapolis,MD,EE. UU.,Corporate
16247,18973,Lawrence,MA,EE. UU.,Corporate
16248,20232,Strongsville,OH,EE. UU.,Corporate
16249,15254,Michigan City,IN,EE. UU.,Corporate
16250,17033,Lancaster,PA,EE. UU.,Corporate
16251,17051,West Jordan,UT,EE. UU.,Corporate
16252,19814,Chicago,IL,EE. UU.,Corporate
16253,17859,Costa Mesa,CA,EE. UU.,Corporate
16254,16316,Bakersfield,CA,EE. UU.,Corporate
16255,18242,Washington,DC,EE. UU.,Corporate
16256,18112,Saint Charles,MO,EE. UU.,Corporate
16257,18111,Columbus,OH,EE. UU.,Corporate
16258,18072,Orange Park,FL,EE. UU.,Corporate
16259,18071,Chicago,IL,EE. UU.,Corporate
16260,19051,Lakewood,OH,EE. UU.,Corporate
16261,16386,York,PA,EE. UU.,Corporate
16262,15806,Hialeah,FL,EE. UU.,Corporate
16263,15679,Hamilton,OH,EE. UU.,Corporate
16264,15714,Brooklyn,NY,EE. UU.,Corporate
16265,18822,Garden Grove,CA,EE. UU.,Corporate
16266,18821,Levittown,NY,EE. UU.,Corporate
16267,18784,Columbus,GA,EE. UU.,Corporate
16268,18783,Fresno,CA,EE. UU.,Corporate
16269,15762,Elmhurst,IL,EE. UU.,Corporate
16270,15707,Los Angeles,CA,EE. UU.,Corporate
16271,15702,Chicago,IL,EE. UU.,Corporate
16272,17648,Milpitas,CA,EE. UU.,Corporate
16273,20497,Indio,CA,EE. UU.,Corporate
16274,18460,Houston,TX,EE. UU.,Corporate
16275,17975,Tucson,AZ,EE. UU.,Corporate
16276,18495,Santa Clara,CA,EE. UU.,Corporate
16277,17938,Beloit,WI,EE. UU.,Corporate
16278,20674,Pico Rivera,CA,EE. UU.,Corporate
16279,20403,El Centro,CA,EE. UU.,Corporate
16280,17516,Philadelphia,PA,EE. UU.,Corporate
16281,20688,Ballwin,MO,EE. UU.,Corporate
16282,17986,Brooklyn,NY,EE. UU.,Corporate
16283,15993,Las Vegas,NV,EE. UU.,Corporate
16284,20558,Laredo,TX,EE. UU.,Corporate
16285,15990,Los Angeles,CA,EE. UU.,Corporate
16286,18880,El Paso,TX,EE. UU.,Corporate
16287,18320,San Jose,CA,EE. UU.,Corporate
16288,20555,Ann Arbor,MI,EE. UU.,Corporate
16289,20447,Chicago,IL,EE. UU.,Corporate
16290,17508,Las Vegas,NV,EE. UU.,Corporate
16291,15428,Newark,OH,EE. UU.,Corporate
16292,15661,Ann Arbor,MI,EE. UU.,Corporate
16293,15676,West Jordan,UT,EE. UU.,Corporate
16294,15329,Los Angeles,CA,EE. UU.,Corporate
16295,18671,Miami,FL,EE. UU.,Corporate
16296,15400,Saint Paul,MN,EE. UU.,Corporate
16297,15613,Irvington,NJ,EE. UU.,Corporate
16298,15595,Cleveland,OH,EE. UU.,Corporate
16299,17226,Pompano Beach,FL,EE. UU.,Corporate
16300,19018,Ballwin,MO,EE. UU.,Corporate
16301,17063,Union City,NJ,EE. UU.,Corporate
16302,18942,South Ozone Park,NY,EE. UU.,Corporate
16303,19965,Potomac,MD,EE. UU.,Corporate
16304,15276,Brighton,MA,EE. UU.,Corporate
16305,16178,Cupertino,CA,EE. UU.,Corporate
16306,17755,Stone Mountain,GA,EE. UU.,Corporate
16307,19854,Fullerton,CA,EE. UU.,Corporate
16308,20051,San Diego,CA,EE. UU.,Corporate
16309,15256,Chicago,IL,EE. UU.,Corporate
16310,18972,Los Angeles,CA,EE. UU.,Corporate
16311,16265,El Paso,TX,EE. UU.,Corporate
16312,16190,Columbus,GA,EE. UU.,Corporate
16313,17875,Aurora,CO,EE. UU.,Corporate
16314,18108,Las Vegas,NV,EE. UU.,Corporate
16315,16403,Saint Paul,MN,EE. UU.,Corporate
16316,16506,Bridgeton,NJ,EE. UU.,Corporate
16317,17632,Long Beach,CA,EE. UU.,Corporate
16318,20737,Saint Paul,MN,EE. UU.,Corporate
16319,16060,Lutz,FL,EE. UU.,Corporate
16320,19786,Miami,FL,EE. UU.,Corporate
16321,17758,Miami,FL,EE. UU.,Corporate
16322,3290,San Jose,CA,EE. UU.,Home Office
16323,8287,Glenview,IL,EE. UU.,Home Office
16324,1421,Caguas,PR,Puerto Rico,Consumer
16325,3491,San Diego,CA,EE. UU.,Consumer
16326,11049,Milpitas,CA,EE. UU.,Consumer
16327,7484,North Hills,CA,EE. UU.,Consumer
16328,3798,Toms River,NJ,EE. UU.,Consumer
16329,4897,Bellflower,CA,EE. UU.,Consumer
16330,10879,Jacksonville,FL,EE. UU.,Consumer
16331,2054,Palo Alto,CA,EE. UU.,Consumer
16332,9169,Phoenix,AZ,EE. UU.,Consumer
16333,12577,Brooklyn,NY,EE. UU.,Consumer
16334,12738,Fullerton,CA,EE. UU.,Consumer
16335,12558,Cincinnati,OH,EE. UU.,Consumer
16336,12575,San Diego,CA,EE. UU.,Consumer
16337,12448,San Antonio,TX,EE. UU.,Consumer
16338,12495,Sunnyvale,CA,EE. UU.,Consumer
16339,12620,Lindenhurst,NY,EE. UU.,Consumer
16340,12512,Los Angeles,CA,EE. UU.,Consumer
16341,12548,Middletown,OH,EE. UU.,Consumer
16342,12637,Jacksonville,FL,EE. UU.,Consumer
16343,14925,San Antonio,TX,EE. UU.,Consumer
16344,15050,Lawrenceville,GA,EE. UU.,Consumer
16345,14995,Orlando,FL,EE. UU.,Consumer
16346,12881,Fort Washington,MD,EE. UU.,Consumer
16347,15011,Pomona,CA,EE. UU.,Consumer
16348,14938,Long Beach,CA,EE. UU.,Consumer
16349,15134,Pomona,CA,EE. UU.,Consumer
16350,15007,Mount Pleasant,MI,EE. UU.,Consumer
16351,12909,Elmhurst,IL,EE. UU.,Consumer
16352,14984,Hamilton,OH,EE. UU.,Consumer
16353,15127,La Crosse,WI,EE. UU.,Consumer
16354,12924,San Francisco,CA,EE. UU.,Consumer
16355,4247,Chino Hills,CA,EE. UU.,Consumer
16356,9269,Citrus Heights,CA,EE. UU.,Consumer
16357,11671,Detroit,MI,EE. UU.,Consumer
16358,9629,San Antonio,TX,EE. UU.,Consumer
16359,1440,Bakersfield,CA,EE. UU.,Consumer
16360,6340,Albuquerque,NM,EE. UU.,Consumer
16361,4333,Columbus,OH,EE. UU.,Consumer
16362,3279,Bronx,NY,EE. UU.,Consumer
16363,9428,Oregon City,OR,EE. UU.,Consumer
16364,12086,El Monte,CA,EE. UU.,Consumer
16365,5422,Hollywood,FL,EE. UU.,Consumer
16366,9054,Washington,DC,EE. UU.,Consumer
16367,11296,Fresno,CA,EE. UU.,Consumer
16368,1872,Las Vegas,NV,EE. UU.,Consumer
16369,4526,El Monte,CA,EE. UU.,Consumer
16370,19230,Eugene,OR,EE. UU.,Consumer
16371,15733,Moreno Valley,CA,EE. UU.,Consumer
16372,15984,San Diego,CA,EE. UU.,Consumer
16373,18471,Lockport,NY,EE. UU.,Consumer
16374,15496,Oxnard,CA,EE. UU.,Consumer
16375,15566,New Orleans,LA,EE. UU.,Consumer
16376,8232,Philadelphia,PA,EE. UU.,Consumer
16377,17622,San Marcos,TX,EE. UU.,Consumer
16378,17567,Phoenix,AZ,EE. UU.,Consumer
16379,17562,Carrollton,TX,EE. UU.,Consumer
16380,19951,Las Vegas,NV,EE. UU.,Consumer
16381,20036,Hyattsville,MD,EE. UU.,Consumer
16382,16267,Bakersfield,CA,EE. UU.,Consumer
16383,17087,Bountiful,UT,EE. UU.,Consumer
16384,20101,Sugar Land,TX,EE. UU.,Consumer
16385,18083,Kent,WA,EE. UU.,Consumer
16386,18154,Freeport,NY,EE. UU.,Consumer
16387,18225,Gilroy,CA,EE. UU.,Consumer
16388,18171,Massapequa,NY,EE. UU.,Consumer
16389,18223,Westland,MI,EE. UU.,Consumer
16390,18169,New York,NY,EE. UU.,Consumer
16391,18133,Spring Valley,NY,EE. UU.,Consumer
16392,18059,Winnetka,CA,EE. UU.,Consumer
16393,18202,Colorado Springs,CO,EE. UU.,Consumer
16394,18256,Memphis,TN,EE. UU.,Consumer
16395,18255,Ann Arbor,MI,EE. UU.,Consumer
16396,18126,Lynn,MA,EE. UU.,Consumer
16397,18233,Rego Park,NY,EE. UU.,Consumer
16398,18194,Woonsocket,RI,EE. UU.,Consumer
16399,18193,Saint Louis,MO,EE. UU.,Consumer
16400,16448,Roswell,GA,EE. UU.,Consumer
16401,16588,Brooklyn,NY,EE. UU.,Consumer
16402,19246,Dallas,TX,EE. UU.,Consumer
16403,16407,Jonesboro,AR,EE. UU.,Consumer
16404,19173,Reno,NV,EE. UU.,Consumer
16405,16551,Chicago,IL,EE. UU.,Consumer
16406,19226,Lynnwood,WA,EE. UU.,Consumer
16407,19261,Saint Paul,MN,EE. UU.,Consumer
16408,16529,Brockton,MA,EE. UU.,Consumer
16409,19182,Brooklyn,NY,EE. UU.,Consumer
16410,19074,Plano,TX,EE. UU.,Consumer
16411,19271,Daly City,CA,EE. UU.,Consumer
16412,16451,Rancho Cucamonga,CA,EE. UU.,Consumer
16413,16414,Walnut,CA,EE. UU.,Consumer
16414,15719,Martinsburg,WV,EE. UU.,Consumer
16415,15791,New Orleans,LA,EE. UU.,Consumer
16416,18828,Toms River,NJ,EE. UU.,Consumer
16417,15880,Los Angeles,CA,EE. UU.,Consumer
16418,15718,Dallas,TX,EE. UU.,Consumer
16419,15735,Bronx,NY,EE. UU.,Consumer
16420,15897,Miami,FL,EE. UU.,Consumer
16421,15895,Chicago,IL,EE. UU.,Consumer
16422,15786,Loveland,OH,EE. UU.,Consumer
16423,15690,Stockton,CA,EE. UU.,Consumer
16424,15689,Laguna Niguel,CA,EE. UU.,Consumer
16425,15706,National City,CA,EE. UU.,Consumer
16426,18779,San Bernardino,CA,EE. UU.,Consumer
16427,18741,Fort Worth,TX,EE. UU.,Consumer
16428,15721,Bronx,NY,EE. UU.,Consumer
16429,18794,Los Angeles,CA,EE. UU.,Consumer
16430,1085,Frankfort,KY,EE. UU.,Consumer
16431,7495,Colorado Springs,CO,EE. UU.,Consumer
16432,18033,Sheboygan,WI,EE. UU.,Consumer
16433,20554,Milpitas,CA,EE. UU.,Consumer
16434,17979,Philadelphia,PA,EE. UU.,Consumer
16435,20716,Elyria,OH,EE. UU.,Consumer
16436,17506,New Orleans,LA,EE. UU.,Consumer
16437,17649,Warren,MI,EE. UU.,Consumer
16438,18426,San Bernardino,CA,EE. UU.,Consumer
16439,20607,Weslaco,TX,EE. UU.,Consumer
16440,20714,Winnetka,CA,EE. UU.,Consumer
16441,20732,Wyandotte,MI,EE. UU.,Consumer
16442,17325,Clarksville,TN,EE. UU.,Consumer
16443,17324,San Diego,CA,EE. UU.,Consumer
16444,17468,Brooklyn,NY,EE. UU.,Consumer
16445,18370,Chapel Hill,NC,EE. UU.,Consumer
16446,18514,Bay Shore,NY,EE. UU.,Consumer
16447,15983,South San Francisco,CA,EE. UU.,Consumer
16448,18334,Chicago,IL,EE. UU.,Consumer
16449,20443,Beaverton,OR,EE. UU.,Consumer
16450,16018,New York,NY,EE. UU.,Consumer
16451,17341,Anaheim,CA,EE. UU.,Consumer
16452,2977,Baltimore,MD,EE. UU.,Consumer
16453,15964,Los Angeles,CA,EE. UU.,Consumer
16454,17431,Union City,CA,EE. UU.,Consumer
16455,20604,Lakewood,NJ,EE. UU.,Consumer
16456,17699,Costa Mesa,CA,EE. UU.,Consumer
16457,20459,North Las Vegas,NV,EE. UU.,Consumer
16458,17394,Katy,TX,EE. UU.,Consumer
16459,18367,Baltimore,MD,EE. UU.,Consumer
16460,17973,Salt Lake City,UT,EE. UU.,Consumer
16461,8414,San Marcos,CA,EE. UU.,Consumer
16462,18474,Los Angeles,CA,EE. UU.,Consumer
16463,16033,Miami,FL,EE. UU.,Consumer
16464,15925,Austin,TX,EE. UU.,Consumer
16465,17643,Chicago,IL,EE. UU.,Consumer
16466,18402,Princeton,NJ,EE. UU.,Consumer
16467,17320,Endicott,NY,EE. UU.,Consumer
16468,18509,Brooklyn,NY,EE. UU.,Consumer
16469,18292,Aurora,IL,EE. UU.,Consumer
16470,18364,Mount Pleasant,MI,EE. UU.,Consumer
16471,20527,Saginaw,MI,EE. UU.,Consumer
16472,17749,Palmdale,CA,EE. UU.,Consumer
16473,16031,Catonsville,MD,EE. UU.,Consumer
16474,17390,San Antonio,TX,EE. UU.,Consumer
16475,17987,Lynnwood,WA,EE. UU.,Consumer
16476,16048,Aurora,CO,EE. UU.,Consumer
16477,20544,New York,NY,EE. UU.,Consumer
16478,18399,Rome,NY,EE. UU.,Consumer
16479,17370,Greeley,CO,EE. UU.,Consumer
16480,15957,Troy,NY,EE. UU.,Consumer
16481,20399,San Diego,CA,EE. UU.,Consumer
16482,20651,Washington,DC,EE. UU.,Consumer
16483,17728,Pomona,CA,EE. UU.,Consumer
16484,17495,Diamond Bar,CA,EE. UU.,Consumer
16485,20578,Ontario,CA,EE. UU.,Consumer
16486,17260,San Bernardino,CA,EE. UU.,Consumer
16487,8444,Hollywood,FL,EE. UU.,Consumer
16488,20613,Norcross,GA,EE. UU.,Consumer
16489,18413,Brooklyn,NY,EE. UU.,Consumer
16490,17331,Spring Valley,CA,EE. UU.,Consumer
16491,20432,Marietta,GA,EE. UU.,Consumer
16492,20576,Bronx,NY,EE. UU.,Consumer
16493,17689,Glen Burnie,MD,EE. UU.,Consumer
16494,18018,Folsom,CA,EE. UU.,Consumer
16495,18430,Moreno Valley,CA,EE. UU.,Consumer
16496,18484,Brooklyn,NY,EE. UU.,Consumer
16497,17510,Milwaukee,WI,EE. UU.,Consumer
16498,17275,Las Vegas,NV,EE. UU.,Consumer
16499,17454,Jacksonville,FL,EE. UU.,Consumer
16500,20411,Greensburg,PA,EE. UU.,Consumer
16501,15969,Lindenhurst,NY,EE. UU.,Consumer
16502,20573,Newburgh,NY,EE. UU.,Consumer
16503,4546,Riverside,CA,EE. UU.,Consumer
16504,4873,San Diego,CA,EE. UU.,Consumer
16505,2966,Lewisville,TX,EE. UU.,Consumer
16506,15665,Van Nuys,CA,EE. UU.,Consumer
16507,15359,Mchenry,IL,EE. UU.,Consumer
16508,15377,Bronx,NY,EE. UU.,Consumer
16509,15449,Canton,MI,EE. UU.,Consumer
16510,15593,West Jordan,UT,EE. UU.,Consumer
16511,15323,Madera,CA,EE. UU.,Consumer
16512,15573,Oxnard,CA,EE. UU.,Consumer
16513,15518,Saint Charles,MO,EE. UU.,Consumer
16514,15299,Crown Point,IN,EE. UU.,Consumer
16515,18731,Hollywood,FL,EE. UU.,Consumer
16516,15316,San Antonio,TX,EE. UU.,Consumer
16517,15387,El Monte,CA,EE. UU.,Consumer
16518,15349,Las Cruces,NM,EE. UU.,Consumer
16519,15511,Algonquin,IL,EE. UU.,Consumer
16520,15295,Carrollton,TX,EE. UU.,Consumer
16521,15438,Rego Park,NY,EE. UU.,Consumer
16522,15510,Montebello,CA,EE. UU.,Consumer
16523,15381,Tucson,AZ,EE. UU.,Consumer
16524,15524,Milwaukee,WI,EE. UU.,Consumer
16525,18704,El Cajon,CA,EE. UU.,Consumer
16526,15362,Levittown,NY,EE. UU.,Consumer
16527,15344,Beloit,WI,EE. UU.,Consumer
16528,18685,Mount Prospect,IL,EE. UU.,Consumer
16529,15487,Sugar Land,TX,EE. UU.,Consumer
16530,163,Rio Rancho,NM,EE. UU.,Consumer
16531,6743,Dallas,TX,EE. UU.,Consumer
16532,10924,Visalia,CA,EE. UU.,Consumer
16533,6614,Carmichael,CA,EE. UU.,Consumer
16534,12230,Annandale,VA,EE. UU.,Consumer
16535,4345,Granada Hills,CA,EE. UU.,Consumer
16536,12343,Miami,FL,EE. UU.,Consumer
16537,17558,Mount Pleasant,MI,EE. UU.,Consumer
16538,17587,Detroit,MI,EE. UU.,Consumer
16539,17549,Hamtramck,MI,EE. UU.,Consumer
16540,17547,Cumberland,MD,EE. UU.,Consumer
16541,17600,Bronx,NY,EE. UU.,Consumer
16542,20315,Chicago,IL,EE. UU.,Consumer
16543,18893,Nashville,TN,EE. UU.,Consumer
16544,19990,Carlsbad,CA,EE. UU.,Consumer
16545,20350,Chandler,AZ,EE. UU.,Consumer
16546,19001,Jonesboro,AR,EE. UU.,Consumer
16547,20043,Henderson,NV,EE. UU.,Consumer
16548,18592,Annandale,VA,EE. UU.,Consumer
16549,19000,Washington,DC,EE. UU.,Consumer
16550,15265,Costa Mesa,CA,EE. UU.,Consumer
16551,17817,Chicago,IL,EE. UU.,Consumer
16552,17242,Des Plaines,IL,EE. UU.,Consumer
16553,15247,Tinley Park,IL,EE. UU.,Consumer
16554,19897,Chicago,IL,EE. UU.,Consumer
16555,19825,Jamaica,NY,EE. UU.,Consumer
16556,18962,Asheboro,NC,EE. UU.,Consumer
16557,18571,Atlanta,GA,EE. UU.,Consumer
16558,20364,Bronx,NY,EE. UU.,Consumer
16559,20076,New Bedford,MA,EE. UU.,Consumer
16560,19770,La Puente,CA,EE. UU.,Consumer
16561,20309,Tempe,AZ,EE. UU.,Consumer
16562,20057,Scottsdale,AZ,EE. UU.,Consumer
16563,20273,Lancaster,SC,EE. UU.,Consumer
16564,19895,San Antonio,TX,EE. UU.,Consumer
16565,17814,Bakersfield,CA,EE. UU.,Consumer
16566,16110,El Cajon,CA,EE. UU.,Consumer
16567,17167,Moreno Valley,CA,EE. UU.,Consumer
16568,18533,Philadelphia,PA,EE. UU.,Consumer
16569,16379,Lawrence,MA,EE. UU.,Consumer
16570,17112,Norcross,GA,EE. UU.,Consumer
16571,15243,Brooklyn,NY,EE. UU.,Consumer
16572,20128,Houston,TX,EE. UU.,Consumer
16573,20289,Pomona,CA,EE. UU.,Consumer
16574,19893,Carlsbad,CA,EE. UU.,Consumer
16575,18958,New York,NY,EE. UU.,Consumer
16576,20253,Hollister,CA,EE. UU.,Consumer
16577,20181,Van Nuys,CA,EE. UU.,Consumer
16578,16377,Phoenix,AZ,EE. UU.,Consumer
16579,17218,Tulare,CA,EE. UU.,Consumer
16580,19946,Lakewood,OH,EE. UU.,Consumer
16581,15222,Chicago,IL,EE. UU.,Consumer
16582,20125,Washington,DC,EE. UU.,Consumer
16583,17037,Warren,MI,EE. UU.,Consumer
16584,20323,Pawtucket,RI,EE. UU.,Consumer
16585,18530,Escondido,CA,EE. UU.,Consumer
16586,20197,Cupertino,CA,EE. UU.,Consumer
16587,20107,Compton,CA,EE. UU.,Consumer
16588,20035,Granada Hills,CA,EE. UU.,Consumer
16589,20179,Honolulu,HI,EE. UU.,Consumer
16590,17845,Lakewood,NJ,EE. UU.,Consumer
16591,17234,Hamtramck,MI,EE. UU.,Consumer
16592,17036,Broken Arrow,OK,EE. UU.,Consumer
16593,17126,Bronx,NY,EE. UU.,Consumer
16594,19980,Spring Valley,CA,EE. UU.,Consumer
16595,19908,Catonsville,MD,EE. UU.,Consumer
16596,17844,Chicago,IL,EE. UU.,Consumer
16597,20267,Dubuque,IA,EE. UU.,Consumer
16598,20249,Washington,DC,EE. UU.,Consumer
16599,20195,New Orleans,LA,EE. UU.,Consumer
16600,16284,New Braunfels,TX,EE. UU.,Consumer
16601,19943,Saginaw,MI,EE. UU.,Consumer
16602,18599,West Jordan,UT,EE. UU.,Consumer
16603,18527,New York,NY,EE. UU.,Consumer
16604,16121,Apex,NC,EE. UU.,Consumer
16605,20104,Los Angeles,CA,EE. UU.,Consumer
16606,17123,San Diego,CA,EE. UU.,Consumer
16607,20192,New Castle,DE,EE. UU.,Consumer
16608,17086,Chicago Heights,IL,EE. UU.,Consumer
16609,18933,Cleveland,OH,EE. UU.,Consumer
16610,17822,Plymouth,MA,EE. UU.,Consumer
16611,18542,Clovis,CA,EE. UU.,Consumer
16612,18986,Stockbridge,GA,EE. UU.,Consumer
16613,20011,Sanford,NC,EE. UU.,Consumer
16614,18914,North Bergen,NJ,EE. UU.,Consumer
16615,17750,Ypsilanti,MI,EE. UU.,Consumer
16616,16262,Richmond,VA,EE. UU.,Consumer
16617,18896,Jacksonville,FL,EE. UU.,Consumer
16618,19794,Mililani,HI,EE. UU.,Consumer
16619,19003,Alhambra,CA,EE. UU.,Consumer
16620,19021,Morristown,NJ,EE. UU.,Consumer
16621,20316,Mililani,HI,EE. UU.,Consumer
16622,9102,Aurora,IL,EE. UU.,Consumer
16623,7497,Chandler,AZ,EE. UU.,Consumer
16624,10754,Brooklyn,NY,EE. UU.,Consumer
16625,7737,Hayward,CA,EE. UU.,Consumer
16626,5228,Moline,IL,EE. UU.,Consumer
16627,3746,Kent,WA,EE. UU.,Consumer
16628,7688,Walnut,CA,EE. UU.,Consumer
16629,9289,Honolulu,HI,EE. UU.,Consumer
16630,658,Irwin,PA,EE. UU.,Consumer
16631,9137,Tempe,AZ,EE. UU.,Consumer
16632,9651,Bend,OR,EE. UU.,Consumer
16633,3824,Salt Lake City,UT,EE. UU.,Consumer
16634,10203,El Paso,TX,EE. UU.,Consumer
16635,4135,Augusta,GA,EE. UU.,Consumer
16636,11939,Tinley Park,IL,EE. UU.,Consumer
16637,1402,Dallas,TX,EE. UU.,Consumer
16638,7023,Everett,WA,EE. UU.,Consumer
16639,5179,Irwin,PA,EE. UU.,Consumer
16640,1004,Caguas,PR,Puerto Rico,Corporate
16641,7471,Caguas,PR,Puerto Rico,Corporate
16642,5087,Caguas,PR,Puerto Rico,Corporate
16643,3366,Caguas,PR,Puerto Rico,Corporate
16644,625,Caguas,PR,Puerto Rico,Corporate
16645,14382,Caguas,PR,Puerto Rico,Corporate
16646,14875,Caguas,PR,Puerto Rico,Corporate
16647,12635,Caguas,PR,Puerto Rico,Corporate
16648,13455,Caguas,PR,Puerto Rico,Corporate
16649,13185,Caguas,PR,Puerto Rico,Corporate
16650,13347,Caguas,PR,Puerto Rico,Corporate
16651,13489,Caguas,PR,Puerto Rico,Corporate
16652,13020,Caguas,PR,Puerto Rico,Corporate
16653,14429,Caguas,PR,Puerto Rico,Corporate
16654,14343,Caguas,PR,Puerto Rico,Corporate
16655,13125,Caguas,PR,Puerto Rico,Corporate
16656,14377,Caguas,PR,Puerto Rico,Corporate
16657,13268,Caguas,PR,Puerto Rico,Corporate
16658,14356,Caguas,PR,Puerto Rico,Corporate
16659,13391,Caguas,PR,Puerto Rico,Corporate
16660,13210,Caguas,PR,Puerto Rico,Corporate
16661,14156,Caguas,PR,Puerto Rico,Corporate
16662,13083,Caguas,PR,Puerto Rico,Corporate
16663,13262,Caguas,PR,Puerto Rico,Corporate
16664,14545,Caguas,PR,Puerto Rico,Corporate
16665,14526,Caguas,PR,Puerto Rico,Corporate
16666,12990,Caguas,PR,Puerto Rico,Corporate
16667,14187,Caguas,PR,Puerto Rico,Corporate
16668,14151,Caguas,PR,Puerto Rico,Corporate
16669,14115,Caguas,PR,Puerto Rico,Corporate
16670,14541,Caguas,PR,Puerto Rico,Corporate
16671,14698,Caguas,PR,Puerto Rico,Corporate
16672,9616,Caguas,PR,Puerto Rico,Corporate
16673,14788,Caguas,PR,Puerto Rico,Corporate
16674,14697,Aguadilla,PR,Puerto Rico,Corporate
16675,13913,Caguas,PR,Puerto Rico,Corporate
16676,13948,Caguas,PR,Puerto Rico,Corporate
16677,13624,Caguas,PR,Puerto Rico,Corporate
16678,12758,Caguas,PR,Puerto Rico,Corporate
16679,13946,Caguas,PR,Puerto Rico,Corporate
16680,5740,Caguas,PR,Puerto Rico,Corporate
16681,14873,Caguas,PR,Puerto Rico,Corporate
16682,13796,Caguas,PR,Puerto Rico,Corporate
16683,13634,Caguas,PR,Puerto Rico,Corporate
16684,13922,Caguas,PR,Puerto Rico,Corporate
16685,13811,Caguas,PR,Puerto Rico,Corporate
16686,13775,Caguas,PR,Puerto Rico,Corporate
16687,13791,Caguas,PR,Puerto Rico,Corporate
16688,13683,Caguas,PR,Puerto Rico,Corporate
16689,143,Caguas,PR,Puerto Rico,Corporate
16690,12505,Caguas,PR,Puerto Rico,Corporate
16691,12487,Caguas,PR,Puerto Rico,Corporate
16692,12594,Caguas,PR,Puerto Rico,Corporate
16693,12521,Caguas,PR,Puerto Rico,Corporate
16694,12509,Caguas,PR,Puerto Rico,Corporate
16695,12865,Caguas,PR,Puerto Rico,Corporate
16696,12949,Caguas,PR,Puerto Rico,Corporate
16697,14969,Caguas,PR,Puerto Rico,Corporate
16698,12892,Caguas,PR,Puerto Rico,Corporate
16699,12945,Caguas,PR,Puerto Rico,Corporate
16700,14967,Caguas,PR,Puerto Rico,Corporate
16701,11532,Caguas,PR,Puerto Rico,Corporate
16702,5387,Caguas,PR,Puerto Rico,Corporate
16703,8075,Caguas,PR,Puerto Rico,Corporate
16704,18244,Caguas,PR,Puerto Rico,Corporate
16705,18125,Caguas,PR,Puerto Rico,Corporate
16706,16485,Caguas,PR,Puerto Rico,Corporate
16707,19250,Caguas,PR,Puerto Rico,Corporate
16708,16609,Caguas,PR,Puerto Rico,Corporate
16709,16487,Caguas,PR,Puerto Rico,Corporate
16710,18827,Caguas,PR,Puerto Rico,Corporate
16711,15713,Caguas,PR,Puerto Rico,Corporate
16712,15889,Caguas,PR,Puerto Rico,Corporate
16713,15887,Caguas,PR,Puerto Rico,Corporate
16714,18775,Caguas,PR,Puerto Rico,Corporate
16715,18879,Caguas,PR,Puerto Rico,Corporate
16716,17704,Caguas,PR,Puerto Rico,Corporate
16717,17668,Caguas,PR,Puerto Rico,Corporate
16718,17684,Caguas,PR,Puerto Rico,Corporate
16719,18461,Caguas,PR,Puerto Rico,Corporate
16720,17270,Caguas,PR,Puerto Rico,Corporate
16721,18030,Caguas,PR,Puerto Rico,Corporate
16722,17467,Caguas,PR,Puerto Rico,Corporate
16723,15997,Caguas,PR,Puerto Rico,Corporate
16724,20727,Caguas,PR,Puerto Rico,Corporate
16725,18293,Caguas,PR,Puerto Rico,Corporate
16726,15924,Caguas,PR,Puerto Rico,Corporate
16727,17499,Caguas,PR,Puerto Rico,Corporate
16728,20546,Caguas,PR,Puerto Rico,Corporate
16729,20725,Caguas,PR,Puerto Rico,Corporate
16730,15956,Caguas,PR,Puerto Rico,Corporate
16731,18003,Caguas,PR,Puerto Rico,Corporate
16732,3004,Caguas,PR,Puerto Rico,Corporate
16733,17350,Caguas,PR,Puerto Rico,Corporate
16734,18324,Caguas,PR,Puerto Rico,Corporate
16735,18288,Caguas,PR,Puerto Rico,Corporate
16736,17653,Caguas,PR,Puerto Rico,Corporate
16737,17509,Caguas,PR,Puerto Rico,Corporate
16738,17472,Caguas,PR,Puerto Rico,Corporate
16739,17328,Caguas,PR,Puerto Rico,Corporate
16740,15427,Caguas,PR,Puerto Rico,Corporate
16741,15659,Caguas,PR,Puerto Rico,Corporate
16742,15677,Caguas,PR,Puerto Rico,Corporate
16743,18674,Caguas,PR,Puerto Rico,Corporate
16744,15474,Caguas,PR,Puerto Rico,Corporate
16745,15563,Caguas,PR,Puerto Rico,Corporate
16746,15615,Caguas,PR,Puerto Rico,Corporate
16747,18721,Caguas,PR,Puerto Rico,Corporate
16748,15486,Caguas,PR,Puerto Rico,Corporate
16749,2160,Caguas,PR,Puerto Rico,Corporate
16750,15612,Caguas,PR,Puerto Rico,Corporate
16751,17576,Caguas,PR,Puerto Rico,Corporate
16752,20279,Caguas,PR,Puerto Rico,Corporate
16753,17209,Caguas,PR,Puerto Rico,Corporate
16754,15232,Caguas,PR,Puerto Rico,Corporate
16755,16313,Caguas,PR,Puerto Rico,Corporate
16756,17854,Caguas,PR,Puerto Rico,Corporate
16757,15193,Caguas,PR,Puerto Rico,Corporate
16758,15211,Caguas,PR,Puerto Rico,Corporate
16759,19934,Caguas,PR,Puerto Rico,Corporate
16760,20166,Caguas,PR,Puerto Rico,Corporate
16761,19788,Caguas,PR,Puerto Rico,Corporate
16762,15173,Caguas,PR,Puerto Rico,Corporate
16763,19932,Caguas,PR,Puerto Rico,Corporate
16764,17093,San Juan,PR,Puerto Rico,Corporate
16765,18603,Caguas,PR,Puerto Rico,Corporate
16766,18531,Caguas,PR,Puerto Rico,Corporate
16767,16161,Caguas,PR,Puerto Rico,Corporate
16768,20108,Caguas,PR,Puerto Rico,Corporate
16769,16124,Caguas,PR,Puerto Rico,Corporate
16770,18581,Caguas,PR,Puerto Rico,Corporate
16771,16229,Caguas,PR,Puerto Rico,Corporate
16772,18916,Caguas,PR,Puerto Rico,Corporate
16773,15200,Caguas,PR,Puerto Rico,Corporate
16774,15217,Caguas,PR,Puerto Rico,Corporate
16775,16333,Caguas,PR,Puerto Rico,Corporate
16776,10773,Caguas,PR,Puerto Rico,Corporate
16777,4485,Caguas,PR,Puerto Rico,Corporate
16778,6558,Caguas,PR,Puerto Rico,Corporate
16779,10097,Arecibo,PR,Puerto Rico,Corporate
16780,8680,Caguas,PR,Puerto Rico,Corporate
16781,1984,Caguas,PR,Puerto Rico,Corporate
16782,6511,Caguas,PR,Puerto Rico,Corporate
16783,13245,Caguas,PR,Puerto Rico,Corporate
16784,14489,Caguas,PR,Puerto Rico,Corporate
16785,13330,Caguas,PR,Puerto Rico,Corporate
16786,13807,Caguas,PR,Puerto Rico,Corporate
16787,13895,Caguas,PR,Puerto Rico,Corporate
16788,1769,Caguas,PR,Puerto Rico,Corporate
16789,12771,Caguas,PR,Puerto Rico,Corporate
16790,13687,Caguas,PR,Puerto Rico,Corporate
16791,13938,Caguas,PR,Puerto Rico,Corporate
16792,12890,Caguas,PR,Puerto Rico,Corporate
16793,14621,Caguas,PR,Puerto Rico,Corporate
16794,14067,Caguas,PR,Puerto Rico,Corporate
16795,14987,Caguas,PR,Puerto Rico,Corporate
16796,13927,Caguas,PR,Puerto Rico,Corporate
16797,15972,Caguas,PR,Puerto Rico,Corporate
16798,17779,Caguas,PR,Puerto Rico,Corporate
16799,19081,Caguas,PR,Puerto Rico,Corporate
16800,16437,Caguas,PR,Puerto Rico,Corporate
16801,18299,Caguas,PR,Puerto Rico,Corporate
16802,17520,Caguas,PR,Puerto Rico,Corporate
16803,17284,Caguas,PR,Puerto Rico,Corporate
16804,17354,Caguas,PR,Puerto Rico,Corporate
16805,15506,Caguas,PR,Puerto Rico,Corporate
16806,10926,Aguadilla,PR,Puerto Rico,Corporate
16807,19805,Caguas,PR,Puerto Rico,Corporate
16808,15225,Caguas,PR,Puerto Rico,Corporate
16809,16163,Caguas,PR,Puerto Rico,Corporate
16810,18550,Caguas,PR,Puerto Rico,Corporate
16811,16303,Caguas,PR,Puerto Rico,Corporate
16812,20047,Caguas,PR,Puerto Rico,Corporate
16813,20136,Caguas,PR,Puerto Rico,Corporate
16814,16297,Caguas,PR,Puerto Rico,Corporate
16815,18206,Caguas,PR,Puerto Rico,Corporate
16816,19103,Caguas,PR,Puerto Rico,Corporate
16817,19244,Caguas,PR,Puerto Rico,Corporate
16818,16001,Caguas,PR,Puerto Rico,Corporate
16819,17736,Caguas,PR,Puerto Rico,Corporate
16820,18868,Caguas,PR,Puerto Rico,Corporate
16821,15974,Caguas,PR,Puerto Rico,Corporate
16822,18486,Caguas,PR,Puerto Rico,Corporate
16823,15472,Caguas,PR,Puerto Rico,Corporate
16824,18998,Caguas,PR,Puerto Rico,Corporate
16825,17759,Caguas,PR,Puerto Rico,Corporate
16826,17182,Caguas,PR,Puerto Rico,Corporate
16827,18637,Caguas,PR,Puerto Rico,Corporate
16828,20123,Caguas,PR,Puerto Rico,Corporate
16829,16301,Caguas,PR,Puerto Rico,Corporate
16830,16594,Caguas,PR,Puerto Rico,Corporate
16831,18851,Caguas,PR,Puerto Rico,Corporate
16832,17954,Caguas,PR,Puerto Rico,Corporate
16833,18435,Caguas,PR,Puerto Rico,Corporate
16834,1694,Caguas,PR,Puerto Rico,Corporate
16835,7159,Hawthorne,CA,EE. UU.,Consumer
16836,10963,Meridian,ID,EE. UU.,Consumer
16837,9782,San Jose,CA,EE. UU.,Consumer
16838,10581,Phoenix,AZ,EE. UU.,Consumer
16839,1395,Santa Ana,CA,EE. UU.,Consumer
16840,9090,Oviedo,FL,EE. UU.,Consumer
16841,18047,Edison,NJ,EE. UU.,Consumer
16842,18173,Stamford,CT,EE. UU.,Consumer
16843,18116,Tampa,FL,EE. UU.,Consumer
16844,18152,Augusta,GA,EE. UU.,Consumer
16845,18043,Canton,MI,EE. UU.,Consumer
16846,18115,Cleveland,OH,EE. UU.,Consumer
16847,18114,Chicago,IL,EE. UU.,Consumer
16848,18078,Chula Vista,CA,EE. UU.,Consumer
16849,18150,Denver,CO,EE. UU.,Consumer
16850,18220,Sandusky,OH,EE. UU.,Consumer
16851,18236,North Tonawanda,NY,EE. UU.,Consumer
16852,18074,Colorado Springs,CO,EE. UU.,Consumer
16853,18146,Dayton,OH,EE. UU.,Consumer
16854,18037,Chicago,IL,EE. UU.,Consumer
16855,18144,Billings,MT,EE. UU.,Consumer
16856,18179,Dallas,TX,EE. UU.,Consumer
16857,18231,Forest Hills,NY,EE. UU.,Consumer
16858,18104,Montebello,CA,EE. UU.,Consumer
16859,18102,Hampton,VA,EE. UU.,Consumer
16860,18210,Riverside,CA,EE. UU.,Consumer
16861,19179,Ithaca,NY,EE. UU.,Consumer
16862,19088,San Jose,CA,EE. UU.,Consumer
16863,16466,Aurora,CO,EE. UU.,Consumer
16864,19214,Conway,AR,EE. UU.,Consumer
16865,16446,Honolulu,HI,EE. UU.,Consumer
16866,19229,Hayward,CA,EE. UU.,Consumer
16867,19175,West Orange,NJ,EE. UU.,Consumer
16868,16515,Tonawanda,NY,EE. UU.,Consumer
16869,19155,Meridian,ID,EE. UU.,Consumer
16870,19118,Salt Lake City,UT,EE. UU.,Consumer
16871,16513,Los Angeles,CA,EE. UU.,Consumer
16872,19134,Pekin,IL,EE. UU.,Consumer
16873,19062,Brooklyn,NY,EE. UU.,Consumer
16874,19205,Westland,MI,EE. UU.,Consumer
16875,16457,Lakewood,OH,EE. UU.,Consumer
16876,19204,San Francisco,CA,EE. UU.,Consumer
16877,19149,Santa Ana,CA,EE. UU.,Consumer
16878,19040,Honolulu,HI,EE. UU.,Consumer
16879,19076,Wyandotte,MI,EE. UU.,Consumer
16880,16454,Bismarck,ND,EE. UU.,Consumer
16881,19129,Flushing,NY,EE. UU.,Consumer
16882,19272,West Orange,NJ,EE. UU.,Consumer
16883,19092,Oceanside,CA,EE. UU.,Consumer
16884,16397,Chandler,AZ,EE. UU.,Consumer
16885,19073,San Bernardino,CA,EE. UU.,Consumer
16886,16468,Brooklyn,NY,EE. UU.,Consumer
16887,18738,Westerville,OH,EE. UU.,Consumer
16888,15736,Hendersonville,TN,EE. UU.,Consumer
16889,15700,New York,NY,EE. UU.,Consumer
16890,15753,Los Angeles,CA,EE. UU.,Consumer
16891,15879,West Lafayette,IN,EE. UU.,Consumer
16892,15893,Pomona,CA,EE. UU.,Consumer
16893,18858,El Paso,TX,EE. UU.,Consumer
16894,18839,Lakewood,NJ,EE. UU.,Consumer
16895,15748,Forest Hills,NY,EE. UU.,Consumer
16896,15801,Rock Hill,SC,EE. UU.,Consumer
16897,18748,Las Vegas,NV,EE. UU.,Consumer
16898,15729,San Jose,CA,EE. UU.,Consumer
16899,18837,Brandon,FL,EE. UU.,Consumer
16900,15746,Glenview,IL,EE. UU.,Consumer
16901,18747,Lakewood,OH,EE. UU.,Consumer
16902,15836,Moreno Valley,CA,EE. UU.,Consumer
16903,18818,Memphis,TN,EE. UU.,Consumer
16904,18744,Los Angeles,CA,EE. UU.,Consumer
16905,18815,Las Vegas,NV,EE. UU.,Consumer
16906,15904,San Francisco,CA,EE. UU.,Consumer
16907,18743,Chicago,IL,EE. UU.,Consumer
16908,18796,Garden Grove,CA,EE. UU.,Consumer
16909,15795,Los Angeles,CA,EE. UU.,Consumer
16910,15687,Los Angeles,CA,EE. UU.,Consumer
16911,15812,Tonawanda,NY,EE. UU.,Consumer
16912,18758,Loveland,OH,EE. UU.,Consumer
16913,18740,Springfield,MO,EE. UU.,Consumer
16914,15882,Corona,CA,EE. UU.,Consumer
16915,3374,Chicago,IL,EE. UU.,Consumer
16916,17997,Hollywood,FL,EE. UU.,Consumer
16917,16022,Jersey City,NJ,EE. UU.,Consumer
16918,20734,Miami,FL,EE. UU.,Consumer
16919,15931,Winter Park,FL,EE. UU.,Consumer
16920,17326,Phoenix,AZ,EE. UU.,Consumer
16921,18032,Rego Park,NY,EE. UU.,Consumer
16922,16075,Tempe,AZ,EE. UU.,Consumer
16923,17380,West Haven,CT,EE. UU.,Consumer
16924,8913,Fort Lauderdale,FL,EE. UU.,Consumer
16925,18407,Columbia,SC,EE. UU.,Consumer
16926,20696,Brooklyn,NY,EE. UU.,Consumer
16927,16092,Philadelphia,PA,EE. UU.,Consumer
16928,17415,Costa Mesa,CA,EE. UU.,Consumer
16929,20390,Tinley Park,IL,EE. UU.,Consumer
16930,18515,San Bernardino,CA,EE. UU.,Consumer
16931,20606,Chicago,IL,EE. UU.,Consumer
16932,20552,Freeport,NY,EE. UU.,Consumer
16933,17994,Saint Paul,MN,EE. UU.,Consumer
16934,18478,Chicago,IL,EE. UU.,Consumer
16935,16055,West Haven,CT,EE. UU.,Consumer
16936,17940,Mount Prospect,IL,EE. UU.,Consumer
16937,20551,Saint Paul,MN,EE. UU.,Consumer
16938,16036,Moreno Valley,CA,EE. UU.,Consumer
16939,20712,Los Angeles,CA,EE. UU.,Consumer
16940,18441,Salina,KS,EE. UU.,Consumer
16941,7055,Pompano Beach,FL,EE. UU.,Consumer
16942,10621,Miami,FL,EE. UU.,Consumer
16943,20441,San Marcos,CA,EE. UU.,Consumer
16944,20729,Far Rockaway,NY,EE. UU.,Consumer
16945,11209,Quincy,IL,EE. UU.,Consumer
16946,17322,San Benito,TX,EE. UU.,Consumer
16947,18439,Philadelphia,PA,EE. UU.,Consumer
16948,18511,Wyoming,MI,EE. UU.,Consumer
16949,17715,La Crosse,WI,EE. UU.,Consumer
16950,17697,Sun Valley,CA,EE. UU.,Consumer
16951,17696,Los Angeles,CA,EE. UU.,Consumer
16952,18473,West Lafayette,IN,EE. UU.,Consumer
16953,17989,Chicago,IL,EE. UU.,Consumer
16954,15996,Sandusky,OH,EE. UU.,Consumer
16955,16014,Fort Lauderdale,FL,EE. UU.,Consumer
16956,20672,Danbury,CT,EE. UU.,Consumer
16957,20420,Irvington,NJ,EE. UU.,Consumer
16958,16067,Laredo,TX,EE. UU.,Consumer
16959,20743,Annandale,VA,EE. UU.,Consumer
16960,663,Pacoima,CA,EE. UU.,Consumer
16961,20418,Quincy,IL,EE. UU.,Consumer
16962,20580,Austin,TX,EE. UU.,Consumer
16963,17443,Virginia Beach,VA,EE. UU.,Consumer
16964,17712,Roseburg,OR,EE. UU.,Consumer
16965,18363,East Lansing,MI,EE. UU.,Consumer
16966,20490,Madison,WI,EE. UU.,Consumer
16967,18327,Moreno Valley,CA,EE. UU.,Consumer
16968,18489,Chicago,IL,EE. UU.,Consumer
16969,18005,Tempe,AZ,EE. UU.,Consumer
16970,20436,Florissant,MO,EE. UU.,Consumer
16971,18470,Salinas,CA,EE. UU.,Consumer
16972,16065,North Tonawanda,NY,EE. UU.,Consumer
16973,17352,Walnut,CA,EE. UU.,Consumer
16974,18524,Montebello,CA,EE. UU.,Consumer
16975,20381,West Orange,NJ,EE. UU.,Consumer
16976,20615,Dallas,TX,EE. UU.,Consumer
16977,16028,Richmond,KY,EE. UU.,Consumer
16978,20488,Winnetka,CA,EE. UU.,Consumer
16979,17261,Florissant,MO,EE. UU.,Consumer
16980,17333,Chicago,IL,EE. UU.,Consumer
16981,17638,Philadelphia,PA,EE. UU.,Consumer
16982,16064,Elgin,IL,EE. UU.,Consumer
16983,17423,Hesperia,CA,EE. UU.,Consumer
16984,7734,Simi Valley,CA,EE. UU.,Consumer
16985,1071,Chicago,IL,EE. UU.,Consumer
16986,17332,Bakersfield,CA,EE. UU.,Consumer
16987,18342,Forest Hills,NY,EE. UU.,Consumer
16988,20595,Florissant,MO,EE. UU.,Consumer
16989,20433,Memphis,TN,EE. UU.,Consumer
16990,20487,New York,NY,EE. UU.,Consumer
16991,15936,Escondido,CA,EE. UU.,Consumer
16992,18287,Columbia,SC,EE. UU.,Consumer
16993,16008,La Crosse,WI,EE. UU.,Consumer
16994,17493,Sheboygan,WI,EE. UU.,Consumer
16995,17312,West Covina,CA,EE. UU.,Consumer
16996,17258,Aurora,CO,EE. UU.,Consumer
16997,16024,La Mesa,CA,EE. UU.,Consumer
16998,20394,New Haven,CT,EE. UU.,Consumer
16999,20412,Houston,TX,EE. UU.,Consumer
17000,20574,Ogden,UT,EE. UU.,Consumer
17001,20754,Plainfield,IL,EE. UU.,Consumer
17002,16059,Bayonne,NJ,EE. UU.,Consumer
17003,3888,Miami,FL,EE. UU.,Consumer
17004,18338,Annandale,VA,EE. UU.,Consumer
17005,18374,Virginia Beach,VA,EE. UU.,Consumer
17006,18428,Plano,TX,EE. UU.,Consumer
17007,16077,Miami,FL,EE. UU.,Consumer
17008,15933,New York,NY,EE. UU.,Consumer
17009,17400,Poway,CA,EE. UU.,Consumer
17010,20537,Richmond,IN,EE. UU.,Consumer
17011,15629,Westland,MI,EE. UU.,Consumer
17012,18736,Columbus,OH,EE. UU.,Consumer
17013,15592,Virginia Beach,VA,EE. UU.,Consumer
17014,15340,Mesa,AZ,EE. UU.,Consumer
17015,15357,Chicago,IL,EE. UU.,Consumer
17016,18717,Philadelphia,PA,EE. UU.,Consumer
17017,15392,Brooklyn,NY,EE. UU.,Consumer
17018,15517,Columbus,OH,EE. UU.,Consumer
17019,18714,Dallas,TX,EE. UU.,Consumer
17020,15623,Jersey City,NJ,EE. UU.,Consumer
17021,15389,Albany,OR,EE. UU.,Consumer
17022,15461,Mission,TX,EE. UU.,Consumer
17023,18730,Las Vegas,NV,EE. UU.,Consumer
17024,15459,Long Beach,CA,EE. UU.,Consumer
17025,15314,Union,NJ,EE. UU.,Consumer
17026,15494,El Centro,CA,EE. UU.,Consumer
17027,15672,Hollister,CA,EE. UU.,Consumer
17028,15402,Lewisville,TX,EE. UU.,Consumer
17029,15348,Simi Valley,CA,EE. UU.,Consumer
17030,15437,Compton,CA,EE. UU.,Consumer
17031,15545,Fort Worth,TX,EE. UU.,Consumer
17032,15542,Las Cruces,NM,EE. UU.,Consumer
17033,15398,Jackson Heights,NY,EE. UU.,Consumer
17034,18686,Philadelphia,PA,EE. UU.,Consumer
17035,15667,Mechanicsburg,PA,EE. UU.,Consumer
17036,7637,Mesquite,TX,EE. UU.,Consumer
17037,1401,Lawton,OK,EE. UU.,Consumer
17038,10328,Dallas,TX,EE. UU.,Consumer
17039,6541,Brentwood,NY,EE. UU.,Consumer
17040,17605,Pomona,CA,EE. UU.,Consumer
17041,17566,Los Angeles,CA,EE. UU.,Consumer
17042,17601,Mount Pleasant,MI,EE. UU.,Consumer
17043,17583,Ontario,CA,EE. UU.,Consumer
17044,18894,Laredo,TX,EE. UU.,Consumer
17045,17802,San Bernardino,CA,EE. UU.,Consumer
17046,20171,Houston,TX,EE. UU.,Consumer
17047,18630,Moreno Valley,CA,EE. UU.,Consumer
17048,16260,Salt Lake City,UT,EE. UU.,Consumer
17049,17245,Hayward,CA,EE. UU.,Consumer
17050,17837,Brooklyn,NY,EE. UU.,Consumer
17051,20170,Jackson Heights,NY,EE. UU.,Consumer
17052,17872,Chino Hills,CA,EE. UU.,Consumer
17053,18610,Palatine,IL,EE. UU.,Consumer
17054,18910,Bakersfield,CA,EE. UU.,Consumer
17055,20133,West New York,NJ,EE. UU.,Consumer
17056,19917,Garden Grove,CA,EE. UU.,Consumer
17057,15158,Newark,DE,EE. UU.,Consumer
17058,16168,Norcross,GA,EE. UU.,Consumer
17059,17225,Dallas,TX,EE. UU.,Consumer
17060,17835,Houston,TX,EE. UU.,Consumer
17061,18573,Reseda,CA,EE. UU.,Consumer
17062,17188,Fontana,CA,EE. UU.,Consumer
17063,19035,Quincy,MA,EE. UU.,Consumer
17064,20186,Riverside,CA,EE. UU.,Consumer
17065,19988,Tampa,FL,EE. UU.,Consumer
17066,18608,Fort Lauderdale,FL,EE. UU.,Consumer
17067,16364,New York,NY,EE. UU.,Consumer
17068,20041,Portland,OR,EE. UU.,Consumer
17069,19879,Carrollton,TX,EE. UU.,Consumer
17070,15264,Fountain Valley,CA,EE. UU.,Consumer
17071,17187,Tustin,CA,EE. UU.,Consumer
17072,17205,Austin,TX,EE. UU.,Consumer
17073,16147,Fort Worth,TX,EE. UU.,Consumer
17074,17114,Compton,CA,EE. UU.,Consumer
17075,18535,Chicago,IL,EE. UU.,Consumer
17076,17096,Brooklyn,NY,EE. UU.,Consumer
17077,15281,Aurora,CO,EE. UU.,Consumer
17078,16291,New York,NY,EE. UU.,Consumer
17079,20040,San Francisco,CA,EE. UU.,Consumer
17080,20130,Kaneohe,HI,EE. UU.,Consumer
17081,19823,Fremont,CA,EE. UU.,Consumer
17082,17221,Watsonville,CA,EE. UU.,Consumer
17083,15244,Memphis,TN,EE. UU.,Consumer
17084,16271,Fremont,CA,EE. UU.,Consumer
17085,16109,Bell Gardens,CA,EE. UU.,Consumer
17086,18959,Methuen,MA,EE. UU.,Consumer
17087,19930,Roswell,GA,EE. UU.,Consumer
17088,18605,Fort Lauderdale,FL,EE. UU.,Consumer
17089,19876,Pico Rivera,CA,EE. UU.,Consumer
17090,20038,Lancaster,OH,EE. UU.,Consumer
17091,17219,Elmhurst,IL,EE. UU.,Consumer
17092,17776,Dearborn,MI,EE. UU.,Consumer
17093,16378,Los Angeles,CA,EE. UU.,Consumer
17094,16198,West New York,NJ,EE. UU.,Consumer
17095,20307,Tucson,AZ,EE. UU.,Consumer
17096,19983,Columbus,OH,EE. UU.,Consumer
17097,20343,Canton,MI,EE. UU.,Consumer
17098,20162,New York,NY,EE. UU.,Consumer
17099,19892,Denton,TX,EE. UU.,Consumer
17100,20198,Ann Arbor,MI,EE. UU.,Consumer
17101,19029,Bronx,NY,EE. UU.,Consumer
17102,20216,Holland,MI,EE. UU.,Consumer
17103,17774,Algonquin,IL,EE. UU.,Consumer
17104,18602,La Crosse,WI,EE. UU.,Consumer
17105,17127,Atlanta,GA,EE. UU.,Consumer
17106,20287,Saint Peters,MO,EE. UU.,Consumer
17107,17073,Medina,OH,EE. UU.,Consumer
17108,18991,Chandler,AZ,EE. UU.,Consumer
17109,20160,Fairfield,OH,EE. UU.,Consumer
17110,16357,East Lansing,MI,EE. UU.,Consumer
17111,16375,North Las Vegas,NV,EE. UU.,Consumer
17112,19027,Brooklyn,NY,EE. UU.,Consumer
17113,17790,Santa Ana,CA,EE. UU.,Consumer
17114,17071,Saint Paul,MN,EE. UU.,Consumer
17115,17808,Chicago,IL,EE. UU.,Consumer
17116,19781,Jacksonville,FL,EE. UU.,Consumer
17117,20285,Amarillo,TX,EE. UU.,Consumer
17118,17880,New York,NY,EE. UU.,Consumer
17119,20213,Detroit,MI,EE. UU.,Consumer
17120,16193,Rosemead,CA,EE. UU.,Consumer
17121,20158,Newark,DE,EE. UU.,Consumer
17122,16211,Mentor,OH,EE. UU.,Consumer
17123,20176,Oceanside,CA,EE. UU.,Consumer
17124,19978,Endicott,NY,EE. UU.,Consumer
17125,19852,Plano,TX,EE. UU.,Consumer
17126,17842,Raleigh,NC,EE. UU.,Consumer
17127,19779,Tempe,AZ,EE. UU.,Consumer
17128,19941,Modesto,CA,EE. UU.,Consumer
17129,20193,Plainfield,NJ,EE. UU.,Consumer
17130,16282,Ontario,CA,EE. UU.,Consumer
17131,20121,Meridian,ID,EE. UU.,Consumer
17132,20229,Waukegan,IL,EE. UU.,Consumer
17133,17069,Brentwood,NY,EE. UU.,Consumer
17134,17877,Tonawanda,NY,EE. UU.,Consumer
17135,15199,Mesa,AZ,EE. UU.,Consumer
17136,20246,Elmhurst,NY,EE. UU.,Consumer
17137,19886,Tracy,CA,EE. UU.,Consumer
17138,17768,Phoenix,AZ,EE. UU.,Consumer
17139,16208,Brooklyn,NY,EE. UU.,Consumer
17140,20173,Anaheim,CA,EE. UU.,Consumer
17141,18596,Chicago,IL,EE. UU.,Consumer
17142,17786,Bakersfield,CA,EE. UU.,Consumer
17143,15162,Annapolis,MD,EE. UU.,Consumer
17144,20244,Phoenix,AZ,EE. UU.,Consumer
17145,19938,Richmond,TX,EE. UU.,Consumer
17146,17246,Fremont,CA,EE. UU.,Consumer
17147,17228,Fort Lauderdale,FL,EE. UU.,Consumer
17148,18259,Van Nuys,CA,EE. UU.,Consumer
17149,19085,Levittown,NY,EE. UU.,Consumer
17150,19228,Los Angeles,CA,EE. UU.,Consumer
17151,19225,Dallas,TX,EE. UU.,Consumer
17152,18841,Lancaster,CA,EE. UU.,Consumer
17153,15711,Fremont,CA,EE. UU.,Consumer
17154,15909,Hialeah,FL,EE. UU.,Consumer
17155,20572,Quincy,MA,EE. UU.,Consumer
17156,20570,Metairie,LA,EE. UU.,Consumer
17157,18315,Bronx,NY,EE. UU.,Consumer
17158,17644,Lawrenceville,GA,EE. UU.,Consumer
17159,15960,Lawrenceville,GA,EE. UU.,Consumer
17160,18025,Saint Paul,MN,EE. UU.,Consumer
17161,17408,Irwin,PA,EE. UU.,Consumer
17162,17916,Yuma,AZ,EE. UU.,Consumer
17163,17388,Rio Rancho,NM,EE. UU.,Consumer
17164,17729,Fairfield,OH,EE. UU.,Consumer
17165,17368,Lindenhurst,NY,EE. UU.,Consumer
17166,2098,Raleigh,NC,EE. UU.,Consumer
17167,16062,Oceanside,CA,EE. UU.,Consumer
17168,18340,Glenview,IL,EE. UU.,Consumer
17169,20430,West Covina,CA,EE. UU.,Consumer
17170,17999,Cicero,IL,EE. UU.,Consumer
17171,20609,Hayward,CA,EE. UU.,Consumer
17172,15662,Memphis,TN,EE. UU.,Consumer
17173,15641,Fort Worth,TX,EE. UU.,Consumer
17174,15297,Honolulu,HI,EE. UU.,Consumer
17175,15577,Massapequa,NY,EE. UU.,Consumer
17176,17621,Dallas,TX,EE. UU.,Consumer
17177,15178,Henderson,NV,EE. UU.,Consumer
17178,16294,Newark,OH,EE. UU.,Consumer
17179,17152,Victorville,CA,EE. UU.,Consumer
17180,16275,Mechanicsburg,PA,EE. UU.,Consumer
17181,17115,Los Angeles,CA,EE. UU.,Consumer
17182,18607,Chicago,IL,EE. UU.,Consumer
17183,16273,Aurora,CO,EE. UU.,Consumer
17184,20291,Los Angeles,CA,EE. UU.,Consumer
17185,20308,Peabody,MA,EE. UU.,Consumer
17186,17813,Middletown,OH,EE. UU.,Consumer
17187,20325,Saint Paul,MN,EE. UU.,Consumer
17188,18549,San Antonio,TX,EE. UU.,Consumer
17189,20215,Pacoima,CA,EE. UU.,Consumer
17190,20124,Spring Valley,CA,EE. UU.,Consumer
17191,16374,Albuquerque,NM,EE. UU.,Consumer
17192,20105,Fremont,CA,EE. UU.,Consumer
17193,16247,Lancaster,CA,EE. UU.,Consumer
17194,19959,Atlanta,GA,EE. UU.,Consumer
17195,20066,La Habra,CA,EE. UU.,Consumer
17196,15143,Chicago,IL,EE. UU.,Consumer
17197,19884,Placentia,CA,EE. UU.,Consumer
17198,4570,San Jose,CA,EE. UU.,Consumer
17199,2006,Broken Arrow,OK,EE. UU.,Consumer
17200,11704,Katy,TX,EE. UU.,Consumer
17201,12304,Pasadena,MD,EE. UU.,Consumer
17202,11335,Tempe,AZ,EE. UU.,Consumer
17203,8735,Muskegon,MI,EE. UU.,Consumer
17204,11996,Westland,MI,EE. UU.,Consumer
17205,6884,Peabody,MA,EE. UU.,Consumer
17206,2732,Chicago,IL,EE. UU.,Consumer
17207,1939,Tracy,CA,EE. UU.,Consumer
17208,9203,Passaic,NJ,EE. UU.,Consumer
17209,2639,Los Angeles,CA,EE. UU.,Consumer
17210,9796,Bountiful,UT,EE. UU.,Home Office
17211,2282,West Covina,CA,EE. UU.,Home Office
17212,5864,Newburgh,NY,EE. UU.,Home Office
17213,692,Phoenix,AZ,EE. UU.,Home Office
17214,10143,Freeport,NY,EE. UU.,Home Office
17215,13436,Freeport,NY,EE. UU.,Home Office
17216,13220,Los Angeles,CA,EE. UU.,Home Office
17217,13469,Miami,FL,EE. UU.,Home Office
17218,13467,Cypress,CA,EE. UU.,Home Office
17219,14569,Brooklyn,NY,EE. UU.,Home Office
17220,13213,Los Angeles,CA,EE. UU.,Home Office
17221,12991,Compton,CA,EE. UU.,Home Office
17222,13171,Saint Peters,MO,EE. UU.,Home Office
17223,13189,New York,NY,EE. UU.,Home Office
17224,5800,Crown Point,IN,EE. UU.,Home Office
17225,395,Revere,MA,EE. UU.,Home Office
17226,14818,Bronx,NY,EE. UU.,Home Office
17227,2644,Brooklyn,NY,EE. UU.,Home Office
17228,8267,Brighton,MA,EE. UU.,Home Office
17229,14025,Cleveland,OH,EE. UU.,Home Office
17230,4632,Virginia Beach,VA,EE. UU.,Home Office
17231,7084,Porterville,CA,EE. UU.,Home Office
17232,1280,San Diego,CA,EE. UU.,Home Office
17233,526,Brownsville,TX,EE. UU.,Home Office
17234,11384,Vacaville,CA,EE. UU.,Home Office
17235,12685,Portland,OR,EE. UU.,Home Office
17236,12687,Saint Paul,MN,EE. UU.,Home Office
17237,12954,Cerritos,CA,EE. UU.,Home Office
17238,14933,Mesquite,TX,EE. UU.,Home Office
17239,15017,Newburgh,NY,EE. UU.,Home Office
17240,14202,Denver,CO,EE. UU.,Home Office
17241,5872,Woonsocket,RI,EE. UU.,Home Office
17242,13668,Peoria,AZ,EE. UU.,Home Office
17243,8857,Hawthorne,CA,EE. UU.,Home Office
17244,7877,Chicago,IL,EE. UU.,Home Office
17245,11858,North Hills,CA,EE. UU.,Home Office
17246,8648,Visalia,CA,EE. UU.,Home Office
17247,7594,Wilkes Barre,PA,EE. UU.,Home Office
17248,6973,Chula Vista,CA,EE. UU.,Home Office
17249,1269,Santa Ana,CA,EE. UU.,Home Office
17250,11162,Frankfort,KY,EE. UU.,Home Office
17251,4352,Memphis,TN,EE. UU.,Home Office
17252,375,Dallas,TX,EE. UU.,Home Office
17253,5109,San Jose,CA,EE. UU.,Home Office
17254,3792,Garden Grove,CA,EE. UU.,Home Office
17255,17897,Van Nuys,CA,EE. UU.,Home Office
17256,18217,Jersey City,NJ,EE. UU.,Home Office
17257,16445,Elgin,IL,EE. UU.,Home Office
17258,16472,Granite City,IL,EE. UU.,Home Office
17259,16578,Wheaton,IL,EE. UU.,Home Office
17260,15772,Brooklyn,NY,EE. UU.,Home Office
17261,15693,Columbia,SC,EE. UU.,Home Office
17262,15798,Denver,CO,EE. UU.,Home Office
17263,18834,Hagerstown,MD,EE. UU.,Home Office
17264,20500,Lawrence,MA,EE. UU.,Home Office
17265,17381,Houston,TX,EE. UU.,Home Office
17266,20643,Tucson,AZ,EE. UU.,Home Office
17267,20586,Merced,CA,EE. UU.,Home Office
17268,17956,Levittown,NY,EE. UU.,Home Office
17269,18870,Salinas,CA,EE. UU.,Home Office
17270,17932,Loveland,OH,EE. UU.,Home Office
17271,18886,Laredo,TX,EE. UU.,Home Office
17272,9464,Pekin,IL,EE. UU.,Home Office
17273,5424,Vista,CA,EE. UU.,Home Office
17274,18305,Fremont,CA,EE. UU.,Home Office
17275,18286,Newark,DE,EE. UU.,Home Office
17276,20485,Bridgeton,NJ,EE. UU.,Home Office
17277,20484,Middletown,OH,EE. UU.,Home Office
17278,15504,Lansdale,PA,EE. UU.,Home Office
17279,10856,Toms River,NJ,EE. UU.,Home Office
17280,16367,Chicago,IL,EE. UU.,Home Office
17281,20062,Hialeah,FL,EE. UU.,Home Office
17282,16365,Methuen,MA,EE. UU.,Home Office
17283,19772,Salinas,CA,EE. UU.,Home Office
17284,15210,Lockport,IL,EE. UU.,Home Office
17285,20089,Costa Mesa,CA,EE. UU.,Home Office
17286,20155,Fresno,CA,EE. UU.,Home Office
17287,18791,Hayward,CA,EE. UU.,Home Office
17288,15816,Detroit,MI,EE. UU.,Home Office
17289,15797,San Diego,CA,EE. UU.,Home Office
17290,8310,Fargo,ND,EE. UU.,Home Office
17291,17722,Pharr,TX,EE. UU.,Home Office
17292,6765,Silver Spring,MD,EE. UU.,Home Office
17293,5840,Los Angeles,CA,EE. UU.,Home Office
17294,15168,Chicago,IL,EE. UU.,Home Office
17295,4903,Silver Spring,MD,EE. UU.,Home Office
17296,9712,Vacaville,CA,EE. UU.,Home Office
17297,11506,South El Monte,CA,EE. UU.,Home Office
17298,7714,Houston,TX,EE. UU.,Home Office
17299,1884,Pacoima,CA,EE. UU.,Home Office
17300,3606,New York,NY,EE. UU.,Home Office
17301,9719,Smyrna,GA,EE. UU.,Home Office
17302,9829,Greensboro,NC,EE. UU.,Home Office
17303,6993,Bakersfield,CA,EE. UU.,Home Office
17304,7397,Jersey City,NJ,EE. UU.,Home Office
17305,6945,Richmond,TX,EE. UU.,Home Office
17306,3254,Stockton,CA,EE. UU.,Home Office
17307,5843,York,PA,EE. UU.,Home Office
17308,130,Aurora,IL,EE. UU.,Home Office
17309,6170,Baltimore,MD,EE. UU.,Home Office
17310,2945,Tucson,AZ,EE. UU.,Home Office
17311,14255,Albuquerque,NM,EE. UU.,Home Office
17312,14443,Warren,MI,EE. UU.,Home Office
17313,5452,Santa Cruz,CA,EE. UU.,Home Office
17314,13955,San Diego,CA,EE. UU.,Home Office
17315,2399,Hyattsville,MD,EE. UU.,Home Office
17316,5062,South El Monte,CA,EE. UU.,Home Office
17317,12606,Broomfield,CO,EE. UU.,Home Office
17318,12671,Piscataway,NJ,EE. UU.,Home Office
17319,13705,Santa Ana,CA,EE. UU.,Home Office
17320,13703,Florissant,MO,EE. UU.,Home Office
17321,11006,Mililani,HI,EE. UU.,Home Office
17322,11082,Moreno Valley,CA,EE. UU.,Home Office
17323,1766,Denver,CO,EE. UU.,Home Office
17324,16537,Yonkers,NY,EE. UU.,Home Office
17325,19275,Columbia,TN,EE. UU.,Home Office
17326,15726,San Jose,CA,EE. UU.,Home Office
17327,17450,Weslaco,TX,EE. UU.,Home Office
17328,12070,Endicott,NY,EE. UU.,Home Office
17329,18385,New Orleans,LA,EE. UU.,Home Office
17330,17661,Ithaca,NY,EE. UU.,Home Office
17331,17660,Chicago,IL,EE. UU.,Home Office
17332,18862,Aurora,IL,EE. UU.,Home Office
17333,15421,Hampton,VA,EE. UU.,Home Office
17334,11521,Goose Creek,SC,EE. UU.,Home Office
17335,16383,Wichita,KS,EE. UU.,Home Office
17336,17832,Cleveland,OH,EE. UU.,Home Office
17337,20091,Ventura,CA,EE. UU.,Home Office
17338,20090,Wilmington,CA,EE. UU.,Home Office
17339,17861,Los Angeles,CA,EE. UU.,Home Office
17340,20582,Colorado Springs,CO,EE. UU.,Home Office
17341,7308,Columbus,OH,EE. UU.,Home Office
17342,9791,Indianapolis,IN,EE. UU.,Home Office
17343,7467,Levittown,NY,EE. UU.,Home Office
17344,632,Grand Prairie,TX,EE. UU.,Home Office
17345,8970,Phoenix,AZ,EE. UU.,Home Office
17346,9183,Pekin,IL,EE. UU.,Home Office
17347,14095,Weslaco,TX,EE. UU.,Home Office
17348,13077,Plainfield,NJ,EE. UU.,Home Office
17349,12968,Sugar Land,TX,EE. UU.,Home Office
17350,14625,Elmhurst,IL,EE. UU.,Home Office
17351,13534,Columbia,TN,EE. UU.,Home Office
17352,13533,Hagerstown,MD,EE. UU.,Home Office
17353,6619,San Diego,CA,EE. UU.,Home Office
17354,1678,West Chester,PA,EE. UU.,Home Office
17355,5580,Moreno Valley,CA,EE. UU.,Home Office
17356,9299,South Ozone Park,NY,EE. UU.,Home Office
17357,10656,Philadelphia,PA,EE. UU.,Home Office
17358,1645,New York,NY,EE. UU.,Home Office
17359,7520,Catonsville,MD,EE. UU.,Home Office
17360,11366,Los Angeles,CA,EE. UU.,Home Office
17361,5557,Lake Forest,CA,EE. UU.,Home Office
17362,4441,Rancho Cordova,CA,EE. UU.,Home Office
17363,9751,Chicago,IL,EE. UU.,Home Office
17364,12614,Waukegan,IL,EE. UU.,Home Office
17365,12609,Lombard,IL,EE. UU.,Home Office
17366,12500,Chicago,IL,EE. UU.,Home Office
17367,12570,Brooklyn,NY,EE. UU.,Home Office
17368,12903,Modesto,CA,EE. UU.,Home Office
17369,15064,Rancho Cordova,CA,EE. UU.,Home Office
17370,15021,Brooklyn,NY,EE. UU.,Home Office
17371,15057,Philadelphia,PA,EE. UU.,Home Office
17372,14446,San Antonio,TX,EE. UU.,Home Office
17373,13072,Long Beach,CA,EE. UU.,Home Office
17374,14306,Amarillo,TX,EE. UU.,Home Office
17375,14442,Broken Arrow,OK,EE. UU.,Home Office
17376,6121,Beloit,WI,EE. UU.,Home Office
17377,5140,Morristown,NJ,EE. UU.,Home Office
17378,5281,Chicago,IL,EE. UU.,Home Office
17379,5106,Atlanta,GA,EE. UU.,Home Office
17380,3253,Laguna Niguel,CA,EE. UU.,Home Office
17381,2358,Rio Rancho,NM,EE. UU.,Home Office
17382,2491,Pico Rivera,CA,EE. UU.,Home Office
17383,9028,Orlando,FL,EE. UU.,Home Office
17384,8646,Piscataway,NJ,EE. UU.,Home Office
17385,8248,Wyandotte,MI,EE. UU.,Home Office
17386,18055,Mission,TX,EE. UU.,Home Office
17387,18176,Opa Locka,FL,EE. UU.,Home Office
17388,16424,Ballwin,MO,EE. UU.,Home Office
17389,16603,Malden,MA,EE. UU.,Home Office
17390,15876,Salinas,CA,EE. UU.,Home Office
17391,2877,Toms River,NJ,EE. UU.,Home Office
17392,20588,Miami,FL,EE. UU.,Home Office
17393,20749,Houston,TX,EE. UU.,Home Office
17394,17396,Lakewood,OH,EE. UU.,Home Office
17395,17287,Milwaukee,WI,EE. UU.,Home Office
17396,17286,San Jose,CA,EE. UU.,Home Office
17397,18422,Los Angeles,CA,EE. UU.,Home Office
17398,6803,Louisville,KY,EE. UU.,Home Office
17399,17482,Santa Fe,NM,EE. UU.,Home Office
17400,18419,Pittsfield,MA,EE. UU.,Home Office
17401,2880,San Antonio,TX,EE. UU.,Home Office
17402,20562,Walnut,CA,EE. UU.,Home Office
17403,4142,Wheaton,IL,EE. UU.,Home Office
17404,5593,Washington,DC,EE. UU.,Home Office
17405,20467,Broken Arrow,OK,EE. UU.,Home Office
17406,374,Mesa,AZ,EE. UU.,Home Office
17407,18304,Des Plaines,IL,EE. UU.,Home Office
17408,17419,Memphis,TN,EE. UU.,Home Office
17409,20520,Cleveland,OH,EE. UU.,Home Office
17410,18653,Bayonne,NJ,EE. UU.,Home Office
17411,18652,Brooklyn,NY,EE. UU.,Home Office
17412,18650,Aurora,CO,EE. UU.,Home Office
17413,12025,San Diego,CA,EE. UU.,Home Office
17414,17611,Newburgh,NY,EE. UU.,Home Office
17415,17538,Ann Arbor,MI,EE. UU.,Home Office
17416,17536,Compton,CA,EE. UU.,Home Office
17417,20242,Salt Lake City,UT,EE. UU.,Home Office
17418,16331,Brooklyn,NY,EE. UU.,Home Office
17419,18928,Martinsburg,WV,EE. UU.,Home Office
17420,16276,Salinas,CA,EE. UU.,Home Office
17421,20294,Santa Maria,CA,EE. UU.,Home Office
17422,16347,El Paso,TX,EE. UU.,Home Office
17423,19801,Portland,OR,EE. UU.,Home Office
17424,18901,Joliet,IL,EE. UU.,Home Office
17425,17195,Louisville,KY,EE. UU.,Home Office
17426,16370,Algonquin,IL,EE. UU.,Home Office
17427,16171,El Centro,CA,EE. UU.,Home Office
17428,19057,San Francisco,CA,EE. UU.,Home Office
17429,5842,San Jose,CA,EE. UU.,Home Office
17430,20240,Houston,TX,EE. UU.,Home Office
17431,16128,Los Angeles,CA,EE. UU.,Home Office
17432,16215,Madera,CA,EE. UU.,Home Office
17433,3218,Staten Island,NY,EE. UU.,Home Office
17434,9795,Brooklyn,NY,EE. UU.,Home Office
17435,1129,San Diego,CA,EE. UU.,Home Office
17436,10221,New York,NY,EE. UU.,Home Office
17437,12241,Santa Cruz,CA,EE. UU.,Home Office
17438,8884,Philadelphia,PA,EE. UU.,Home Office
17439,3215,El Paso,TX,EE. UU.,Home Office
17440,3094,San Jose,CA,EE. UU.,Home Office
17441,6631,Catonsville,MD,EE. UU.,Home Office
17442,7889,Kaneohe,HI,EE. UU.,Home Office
17443,1361,San Francisco,CA,EE. UU.,Home Office
17444,10286,Laredo,TX,EE. UU.,Home Office
17445,605,Brooklyn,NY,EE. UU.,Home Office
17446,9027,Denver,CO,EE. UU.,Home Office
17447,11249,Provo,UT,EE. UU.,Home Office
17448,8825,Hialeah,FL,EE. UU.,Home Office
17449,4634,San Diego,CA,EE. UU.,Home Office
17450,3835,Fremont,CA,EE. UU.,Home Office
17451,12222,Wyandotte,MI,EE. UU.,Home Office
17452,81,Ithaca,NY,EE. UU.,Home Office
17453,1068,Bristol,CT,EE. UU.,Home Office
17454,12202,Philadelphia,PA,EE. UU.,Home Office
17455,661,Detroit,MI,EE. UU.,Home Office
17456,6606,Palmdale,CA,EE. UU.,Home Office
17457,6932,Brooklyn,NY,EE. UU.,Home Office
17458,13167,Lilburn,GA,EE. UU.,Home Office
17459,13149,Moreno Valley,CA,EE. UU.,Home Office
17460,14059,Strongsville,OH,EE. UU.,Home Office
17461,14365,San Antonio,TX,EE. UU.,Home Office
17462,12986,Lancaster,PA,EE. UU.,Home Office
17463,14291,Santa Cruz,CA,EE. UU.,Home Office
17464,14147,Salem,OR,EE. UU.,Home Office
17465,13217,Miami,FL,EE. UU.,Home Office
17466,14378,Honolulu,HI,EE. UU.,Home Office
17467,14533,Atlanta,GA,EE. UU.,Home Office
17468,13034,Paramount,CA,EE. UU.,Home Office
17469,14358,New Albany,IN,EE. UU.,Home Office
17470,13230,Orlando,FL,EE. UU.,Home Office
17471,14549,Harvey,IL,EE. UU.,Home Office
17472,13229,San Antonio,TX,EE. UU.,Home Office
17473,14300,Chicago,IL,EE. UU.,Home Office
17474,13209,Saint Paul,MN,EE. UU.,Home Office
17475,13371,New York,NY,EE. UU.,Home Office
17476,14172,Tempe,AZ,EE. UU.,Home Office
17477,14670,Chicago,IL,EE. UU.,Home Office
17478,13261,Aurora,CO,EE. UU.,Home Office
17479,14171,Carlisle,PA,EE. UU.,Home Office
17480,14598,Decatur,GA,EE. UU.,Home Office
17481,14544,Elgin,IL,EE. UU.,Home Office
17482,14542,Aurora,CO,EE. UU.,Home Office
17483,13573,Holland,MI,EE. UU.,Home Office
17484,14877,Jacksonville,NC,EE. UU.,Home Office
17485,14822,San Bernardino,CA,EE. UU.,Home Office
17486,13641,Miami,FL,EE. UU.,Home Office
17487,10072,Denver,CO,EE. UU.,Home Office
17488,13640,Berwyn,IL,EE. UU.,Home Office
17489,14054,Philadelphia,PA,EE. UU.,Home Office
17490,6943,Opelousas,LA,EE. UU.,Home Office
17491,13638,Plainfield,IL,EE. UU.,Home Office
17492,12139,Brooklyn,NY,EE. UU.,Home Office
17493,14050,San Diego,CA,EE. UU.,Home Office
17494,11613,Sacramento,CA,EE. UU.,Home Office
17495,4032,Brooklyn,NY,EE. UU.,Home Office
17496,13632,Bronx,NY,EE. UU.,Home Office
17497,9961,Carson,CA,EE. UU.,Home Office
17498,5150,Raleigh,NC,EE. UU.,Home Office
17499,13972,Fountain Valley,CA,EE. UU.,Home Office
17500,13881,San Diego,CA,EE. UU.,Home Office
17501,2983,Chillicothe,OH,EE. UU.,Home Office
17502,13772,San Diego,CA,EE. UU.,Home Office
17503,14006,Los Angeles,CA,EE. UU.,Home Office
17504,5008,Lenoir,NC,EE. UU.,Home Office
17505,60,Webster,NY,EE. UU.,Home Office
17506,7225,Miami,FL,EE. UU.,Home Office
17507,9147,Philadelphia,PA,EE. UU.,Home Office
17508,3264,New York,NY,EE. UU.,Home Office
17509,2761,Taylor,MI,EE. UU.,Home Office
17510,11340,Kailua,HI,EE. UU.,Home Office
17511,11146,Caguas,PR,Puerto Rico,Consumer
17512,4111,Caguas,PR,Puerto Rico,Home Office
17513,8530,Highland,CA,EE. UU.,Consumer
17514,1570,Los Angeles,CA,EE. UU.,Consumer
17515,10287,Caguas,PR,Puerto Rico,Corporate
17516,11842,Caguas,PR,Puerto Rico,Consumer
17517,5869,Plano,TX,EE. UU.,Home Office
17518,3576,Caguas,PR,Puerto Rico,Home Office
17519,4489,Dorchester Center,MA,EE. UU.,Home Office
17520,4087,Los Angeles,CA,EE. UU.,Home Office
17521,107,Caguas,PR,Puerto Rico,Consumer
17522,3956,Stockbridge,GA,EE. UU.,Home Office
17523,10228,Bay Shore,NY,EE. UU.,Consumer
17524,9101,Las Vegas,NV,EE. UU.,Consumer
17525,9386,Caguas,PR,Puerto Rico,Consumer
17526,3327,Caguas,PR,Puerto Rico,Consumer
17527,11804,Caguas,PR,Puerto Rico,Consumer
17528,7105,El Paso,TX,EE. UU.,Home Office
17529,4591,Caguas,PR,Puerto Rico,Consumer
17530,3725,Caguas,PR,Puerto Rico,Consumer
17531,11763,Caguas,PR,Puerto Rico,Consumer
17532,12402,Caguas,PR,Puerto Rico,Consumer
17533,7609,Caguas,PR,Puerto Rico,Consumer
17534,8426,Caguas,PR,Puerto Rico,Consumer
17535,10727,Caguas,PR,Puerto Rico,Consumer
17536,896,Caguas,PR,Puerto Rico,Consumer
17537,8813,Brooklyn,NY,EE. UU.,Consumer
17538,7078,Las Vegas,NV,EE. UU.,Home Office
17539,6797,Caguas,PR,Puerto Rico,Consumer
17540,3848,New Braunfels,TX,EE. UU.,Home Office
17541,11231,Fond Du Lac,WI,EE. UU.,Home Office
17542,12029,Caguas,PR,Puerto Rico,Home Office
17543,2194,Caguas,PR,Puerto Rico,Consumer
17544,3665,Caguas,PR,Puerto Rico,Consumer
17545,4646,Williamsport,PA,EE. UU.,Home Office
17546,5907,Caguas,PR,Puerto Rico,Consumer
17547,2533,Caguas,PR,Puerto Rico,Consumer
17548,3116,Dayton,OH,EE. UU.,Home Office
17549,5341,Brooklyn,NY,EE. UU.,Home Office
17550,5796,Las Vegas,NV,EE. UU.,Home Office
17551,6462,Indianapolis,IN,EE. UU.,Consumer
17552,11742,San Sebastian,PR,Puerto Rico,Consumer
17553,3367,San Juan,PR,Puerto Rico,Consumer
17554,4453,Caguas,PR,Puerto Rico,Consumer
17555,25,Peoria,AZ,EE. UU.,Home Office
17556,7740,Denver,CO,EE. UU.,Consumer
17557,4236,Caguas,PR,Puerto Rico,Consumer
17558,9025,Caguas,PR,Puerto Rico,Corporate
17559,1442,Caguas,PR,Puerto Rico,Corporate
17560,10646,Caguas,PR,Puerto Rico,Consumer
17561,10441,Caguas,PR,Puerto Rico,Consumer
17562,11518,San Juan,PR,Puerto Rico,Consumer
17563,4578,Modesto,CA,EE. UU.,Home Office
17564,3924,Caguas,PR,Puerto Rico,Consumer
17565,9710,Lynn,MA,EE. UU.,Home Office
17566,3617,Jackson,MI,EE. UU.,Home Office
17567,6297,Caguas,PR,Puerto Rico,Consumer
17568,12259,Dundalk,MD,EE. UU.,Home Office
17569,10230,San Antonio,TX,EE. UU.,Home Office
17570,5061,Chicago,IL,EE. UU.,Home Office
17571,7004,Hagerstown,MD,EE. UU.,Consumer
17572,7797,Los Angeles,CA,EE. UU.,Home Office
17573,11827,Hollywood,FL,EE. UU.,Consumer
17574,9572,Caguas,PR,Puerto Rico,Consumer
17575,12158,Caguas,PR,Puerto Rico,Consumer
17576,8752,Oceanside,CA,EE. UU.,Home Office
17577,4629,Caguas,PR,Puerto Rico,Consumer
17578,8837,Apopka,FL,EE. UU.,Home Office
17579,2063,San Juan,PR,Puerto Rico,Consumer
17580,6131,Caguas,PR,Puerto Rico,Home Office
17581,3269,Caguas,PR,Puerto Rico,Home Office
17582,4617,Toa Baja,PR,Puerto Rico,Consumer
17583,2809,Newark,DE,EE. UU.,Home Office
17584,2607,Caguas,PR,Puerto Rico,Consumer
17585,6272,Toms River,NJ,EE. UU.,Home Office
17586,2505,Caguas,PR,Puerto Rico,Consumer
17587,10929,Davis,CA,EE. UU.,Home Office
17588,240,Caguas,PR,Puerto Rico,Consumer
17589,6257,Cayey,PR,Puerto Rico,Consumer
17590,9832,New Orleans,LA,EE. UU.,Home Office
17591,7911,Las Vegas,NV,EE. UU.,Consumer
17592,11410,Caguas,PR,Puerto Rico,Consumer
17593,837,Caguas,PR,Puerto Rico,Consumer
17594,6203,Caguas,PR,Puerto Rico,Consumer
17595,11281,Caguas,PR,Puerto Rico,Home Office
17596,10186,Gaithersburg,MD,EE. UU.,Home Office
17597,10086,Tinley Park,IL,EE. UU.,Home Office
17598,3351,Caguas,PR,Puerto Rico,Consumer
17599,9361,Middletown,CT,EE. UU.,Home Office
17600,10941,Brooklyn,NY,EE. UU.,Consumer
17601,2616,Caguas,PR,Puerto Rico,Consumer
17602,8794,Tucson,AZ,EE. UU.,Home Office
17603,1594,Guaynabo,PR,Puerto Rico,Consumer
17604,7665,Caguas,PR,Puerto Rico,Home Office
17605,7862,Caguas,PR,Puerto Rico,Home Office
17606,1455,Caguas,PR,Puerto Rico,Consumer
17607,8483,Caguas,PR,Puerto Rico,Consumer
17608,10749,Caguas,PR,Puerto Rico,Consumer
17609,7987,Yauco,PR,Puerto Rico,Home Office
17610,3663,Caguas,PR,Puerto Rico,Consumer
17611,5174,Caguas,PR,Puerto Rico,Consumer
17612,7313,Astoria,NY,EE. UU.,Consumer
17613,9916,Caguas,PR,Puerto Rico,Consumer
17614,11502,Caguas,PR,Puerto Rico,Consumer
17615,4264,Chicago,IL,EE. UU.,Home Office
17616,2080,Caguas,PR,Puerto Rico,Consumer
17617,556,Caguas,PR,Puerto Rico,Corporate
17618,9999,Albuquerque,NM,EE. UU.,Home Office
17619,9545,La Mirada,CA,EE. UU.,Home Office
17620,3271,Los Angeles,CA,EE. UU.,Consumer
17621,6214,Caguas,PR,Puerto Rico,Corporate
17622,8123,San Diego,CA,EE. UU.,Home Office
17623,1875,Caguas,PR,Puerto Rico,Consumer
17624,9359,Beloit,WI,EE. UU.,Home Office
17625,6966,Caguas,PR,Puerto Rico,Corporate
17626,4970,Mission Viejo,CA,EE. UU.,Consumer
17627,4129,Brooklyn,NY,EE. UU.,Consumer
17628,9621,Caguas,PR,Puerto Rico,Consumer
17629,9292,San Marcos,TX,EE. UU.,Home Office
17630,3113,Caguas,PR,Puerto Rico,Consumer
17631,1736,Tempe,AZ,EE. UU.,Home Office
17632,2392,Caguas,PR,Puerto Rico,Consumer
17633,595,Caguas,PR,Puerto Rico,Consumer
17634,9920,Caguas,PR,Puerto Rico,Consumer
17635,4176,Caguas,PR,Puerto Rico,Consumer
17636,3741,Elyria,OH,EE. UU.,Home Office
17637,10513,Caguas,PR,Puerto Rico,Home Office
17638,3615,New York,NY,EE. UU.,Home Office
17639,9170,Caguas,PR,Puerto Rico,Consumer
17640,11964,Caguas,PR,Puerto Rico,Consumer
17641,1630,Bend,OR,EE. UU.,Home Office
17642,9475,Caguas,PR,Puerto Rico,Consumer
17643,11975,Caguas,PR,Puerto Rico,Consumer
17644,7171,Caguas,PR,Puerto Rico,Consumer
17645,1665,Caguas,PR,Puerto Rico,Consumer
17646,6235,Caguas,PR,Puerto Rico,Home Office
17647,5313,Las Vegas,NV,EE. UU.,Home Office
17648,3661,Caguas,PR,Puerto Rico,Consumer
17649,3003,Sheboygan,WI,EE. UU.,Consumer
17650,10767,Garden Grove,CA,EE. UU.,Consumer
17651,8900,Greeley,CO,EE. UU.,Consumer
17652,12999,Los Angeles,CA,EE. UU.,Consumer
17653,14488,Loveland,OH,EE. UU.,Consumer
17654,15099,San Diego,CA,EE. UU.,Consumer
17655,13505,Stockbridge,GA,EE. UU.,Consumer
17656,14199,Marion,OH,EE. UU.,Consumer
17657,13503,Littleton,CO,EE. UU.,Consumer
17658,13124,Houston,TX,EE. UU.,Consumer
17659,14623,Westminster,CA,EE. UU.,Consumer
17660,12960,New Bedford,MA,EE. UU.,Consumer
17661,14155,Stockton,CA,EE. UU.,Consumer
17662,13334,Tampa,FL,EE. UU.,Consumer
17663,14506,La Crosse,WI,EE. UU.,Consumer
17664,9733,Brownsville,TX,EE. UU.,Consumer
17665,7289,Los Angeles,CA,EE. UU.,Consumer
17666,12791,Carmichael,CA,EE. UU.,Consumer
17667,14834,Dorchester Center,MA,EE. UU.,Consumer
17668,12770,Tracy,CA,EE. UU.,Consumer
17669,13669,Winnetka,CA,EE. UU.,Consumer
17670,9430,New York,NY,EE. UU.,Consumer
17671,13828,Amarillo,TX,EE. UU.,Consumer
17672,14942,Compton,CA,EE. UU.,Consumer
17673,14940,West Chester,PA,EE. UU.,Consumer
17674,14936,Ypsilanti,MI,EE. UU.,Consumer
17675,14329,Chino,CA,EE. UU.,Consumer
17676,14166,Lake Forest,CA,EE. UU.,Consumer
17677,13508,New Orleans,LA,EE. UU.,Consumer
17678,13343,North Las Vegas,NV,EE. UU.,Consumer
17679,12981,El Cajon,CA,EE. UU.,Consumer
17680,13284,Los Angeles,CA,EE. UU.,Consumer
17681,13137,Hollister,CA,EE. UU.,Consumer
17682,13821,Littleton,CO,EE. UU.,Consumer
17683,14712,Bowling Green,KY,EE. UU.,Consumer
17684,14725,Hilliard,OH,EE. UU.,Consumer
17685,14884,Corona,NY,EE. UU.,Consumer
17686,5092,Chicago,IL,EE. UU.,Consumer
17687,12692,Chicago,IL,EE. UU.,Consumer
17688,12922,Lancaster,OH,EE. UU.,Consumer
17689,12916,Austin,TX,EE. UU.,Consumer
17690,12983,Hyattsville,MD,EE. UU.,Consumer
17691,13504,Bristol,CT,EE. UU.,Consumer
17692,14197,Bend,OR,EE. UU.,Consumer
17693,13552,Warren,MI,EE. UU.,Consumer
17694,13636,Brooklyn,NY,EE. UU.,Consumer
17695,13993,Douglasville,GA,EE. UU.,Consumer
17696,1963,Los Angeles,CA,EE. UU.,Consumer
17697,3109,Fort Worth,TX,EE. UU.,Consumer
17698,10914,Plymouth,MA,EE. UU.,Consumer
17699,20318,Austin,TX,EE. UU.,Consumer
17700,19140,Hyattsville,MD,EE. UU.,Consumer
17701,16476,Roseville,MI,EE. UU.,Consumer
17702,16619,Chicago,IL,EE. UU.,Consumer
17703,18301,Los Angeles,CA,EE. UU.,Consumer
17704,20536,Chicago,IL,EE. UU.,Consumer
17705,17721,La Crosse,WI,EE. UU.,Consumer
17706,20408,Fountain Valley,CA,EE. UU.,Consumer
17707,7253,Powder Springs,GA,EE. UU.,Consumer
17708,20550,Anaheim,CA,EE. UU.,Consumer
17709,18888,Newark,OH,EE. UU.,Consumer
17710,18683,Princeton,NJ,EE. UU.,Consumer
17711,18645,New York,NY,EE. UU.,Consumer
17712,15301,Wichita,KS,EE. UU.,Consumer
17713,18642,Aurora,CO,EE. UU.,Consumer
17714,15507,San Jose,CA,EE. UU.,Consumer
17715,15579,Stamford,CT,EE. UU.,Consumer
17716,18908,Orlando,FL,EE. UU.,Consumer
17717,15188,Phoenix,AZ,EE. UU.,Consumer
17718,19891,Long Beach,CA,EE. UU.,Consumer
17719,19994,Allentown,PA,EE. UU.,Consumer
17720,18147,Rowland Heights,CA,EE. UU.,Consumer
17721,18215,Birmingham,AL,EE. UU.,Consumer
17722,16465,Woodbridge,VA,EE. UU.,Consumer
17723,18792,West New York,NJ,EE. UU.,Consumer
17724,15891,Tucson,AZ,EE. UU.,Consumer
17725,16038,Stamford,CT,EE. UU.,Consumer
17726,20624,New Orleans,LA,EE. UU.,Consumer
17727,18872,Palatine,IL,EE. UU.,Consumer
17728,17437,Lake Forest,CA,EE. UU.,Consumer
17729,15411,Tempe,AZ,EE. UU.,Consumer
17730,15334,Victorville,CA,EE. UU.,Consumer
17731,18984,Chula Vista,CA,EE. UU.,Consumer
17732,17870,Brighton,MA,EE. UU.,Consumer
17733,18640,Stafford,VA,EE. UU.,Consumer
17734,17882,Lenoir,NC,EE. UU.,Consumer
17735,20359,Elk Grove,CA,EE. UU.,Consumer
17736,18634,Fullerton,CA,EE. UU.,Consumer
17737,16191,Los Angeles,CA,EE. UU.,Consumer
17738,20030,Plainfield,IL,EE. UU.,Consumer
17739,16441,Quincy,MA,EE. UU.,Consumer
17740,18764,Modesto,CA,EE. UU.,Consumer
17741,17640,Davis,CA,EE. UU.,Consumer
17742,18416,Laredo,TX,EE. UU.,Consumer
17743,7991,Caguas,PR,Puerto Rico,Consumer
17744,2086,Caguas,PR,Puerto Rico,Home Office
17745,772,Caguas,PR,Puerto Rico,Corporate
17746,8139,Apopka,FL,EE. UU.,Consumer
17747,5002,Chicago,IL,EE. UU.,Home Office
17748,5397,Baltimore,MD,EE. UU.,Home Office
17749,7957,Albuquerque,NM,EE. UU.,Consumer
17750,7624,Caguas,PR,Puerto Rico,Consumer
17751,9943,Caguas,PR,Puerto Rico,Corporate
17752,6520,Daly City,CA,EE. UU.,Consumer
17753,1235,Fairfield,CA,EE. UU.,Home Office
17754,8589,Caguas,PR,Puerto Rico,Home Office
17755,9808,Caguas,PR,Puerto Rico,Home Office
17756,461,Caguas,PR,Puerto Rico,Consumer
17757,10737,Broken Arrow,OK,EE. UU.,Home Office
17758,6403,Modesto,CA,EE. UU.,Home Office
17759,3162,Caguas,PR,Puerto Rico,Consumer
17760,8351,Caguas,PR,Puerto Rico,Consumer
17761,8142,Clovis,CA,EE. UU.,Home Office
17762,2333,Malden,MA,EE. UU.,Consumer
17763,6234,Bronx,NY,EE. UU.,Home Office
17764,253,Caguas,PR,Puerto Rico,Consumer
17765,9413,Jamaica,NY,EE. UU.,Home Office
17766,4433,Caguas,PR,Puerto Rico,Consumer
17767,8716,Caguas,PR,Puerto Rico,Home Office
17768,198,Lancaster,PA,EE. UU.,Home Office
17769,9620,Greensboro,NC,EE. UU.,Consumer
17770,11247,Caguas,PR,Puerto Rico,Home Office
17771,1557,Douglasville,GA,EE. UU.,Home Office
17772,7906,Caguas,PR,Puerto Rico,Consumer
17773,1959,Caguas,PR,Puerto Rico,Consumer
17774,7674,Caguas,PR,Puerto Rico,Consumer
17775,1360,Caguas,PR,Puerto Rico,Home Office
17776,4184,Conway,AR,EE. UU.,Consumer
17777,3408,Caguas,PR,Puerto Rico,Consumer
17778,2971,Caguas,PR,Puerto Rico,Consumer
17779,8461,Fort Lauderdale,FL,EE. UU.,Home Office
17780,9465,Caguas,PR,Puerto Rico,Home Office
17781,901,Caguas,PR,Puerto Rico,Consumer
17782,10342,Ontario,CA,EE. UU.,Home Office
17783,12323,San Antonio,TX,EE. UU.,Home Office
17784,302,Fullerton,CA,EE. UU.,Corporate
17785,4722,Saint Louis,MO,EE. UU.,Home Office
17786,10607,Manati,PR,Puerto Rico,Consumer
17787,4268,Caguas,PR,Puerto Rico,Home Office
17788,10629,Caguas,PR,Puerto Rico,Consumer
17789,11029,Caguas,PR,Puerto Rico,Corporate
17790,5922,Chicago,IL,EE. UU.,Home Office
17791,9123,Caguas,PR,Puerto Rico,Consumer
17792,2846,Caguas,PR,Puerto Rico,Consumer
17793,4130,Williamsport,PA,EE. UU.,Home Office
17794,7295,Upland,CA,EE. UU.,Home Office
17795,5006,Painesville,OH,EE. UU.,Consumer
17796,7610,Sunnyvale,CA,EE. UU.,Consumer
17797,10347,Hollywood,FL,EE. UU.,Home Office
17798,1230,Ventura,CA,EE. UU.,Consumer
17799,4532,Caguas,PR,Puerto Rico,Home Office
17800,2900,Caguas,PR,Puerto Rico,Consumer
17801,11543,Antioch,CA,EE. UU.,Home Office
17802,4828,Des Plaines,IL,EE. UU.,Consumer
17803,6545,Caguas,PR,Puerto Rico,Consumer
17804,7463,Caguas,PR,Puerto Rico,Consumer
17805,8931,Douglasville,GA,EE. UU.,Consumer
17806,2606,Chicago,IL,EE. UU.,Consumer
17807,8672,San Diego,CA,EE. UU.,Consumer
17808,14134,Detroit,MI,EE. UU.,Consumer
17809,14614,Grove City,OH,EE. UU.,Consumer
17810,14765,Valrico,FL,EE. UU.,Consumer
17811,14692,San Jose,CA,EE. UU.,Consumer
17812,14552,New Brunswick,NJ,EE. UU.,Consumer
17813,13958,Stamford,CT,EE. UU.,Consumer
17814,12719,Wilmington,CA,EE. UU.,Consumer
17815,12585,Colton,CA,EE. UU.,Consumer
17816,12583,Hanover,PA,EE. UU.,Consumer
17817,13253,Stockbridge,GA,EE. UU.,Consumer
17818,15115,Brownsville,TX,EE. UU.,Consumer
17819,8021,Albany,OR,EE. UU.,Consumer
17820,10488,Miami,FL,EE. UU.,Consumer
17821,17314,Philadelphia,PA,EE. UU.,Consumer
17822,18262,Rancho Cucamonga,CA,EE. UU.,Consumer
17823,16558,Chicago,IL,EE. UU.,Consumer
17824,17297,Glendale,AZ,EE. UU.,Consumer
17825,15304,Atlanta,GA,EE. UU.,Consumer
17826,15644,Hollywood,FL,EE. UU.,Consumer
17827,15443,Chicago,IL,EE. UU.,Consumer
17828,15342,Gardena,CA,EE. UU.,Consumer
17829,17830,Detroit,MI,EE. UU.,Consumer
17830,17864,Duluth,GA,EE. UU.,Consumer
17831,19066,Granite City,IL,EE. UU.,Consumer
17832,16559,Princeton,NJ,EE. UU.,Consumer
17833,15767,Fountain Valley,CA,EE. UU.,Consumer
17834,17907,Toms River,NJ,EE. UU.,Consumer
17835,17676,El Cajon,CA,EE. UU.,Consumer
17836,20007,Colorado Springs,CO,EE. UU.,Consumer
17837,19277,Chino Hills,CA,EE. UU.,Consumer
17838,19969,New York,NY,EE. UU.,Consumer
17839,6372,Woodside,NY,EE. UU.,Consumer
17840,13364,Brooklyn,NY,EE. UU.,Consumer
17841,12962,Brownsville,TX,EE. UU.,Consumer
17842,13390,Richmond,TX,EE. UU.,Consumer
17843,14806,Poway,CA,EE. UU.,Consumer
17844,14911,Detroit,MI,EE. UU.,Consumer
17845,13604,Edinburg,TX,EE. UU.,Consumer
17846,14094,Los Angeles,CA,EE. UU.,Consumer
17847,13003,Las Vegas,NV,EE. UU.,Consumer
17848,13338,Dearborn,MI,EE. UU.,Consumer
17849,13482,San Antonio,TX,EE. UU.,Consumer
17850,13067,Brooklyn,NY,EE. UU.,Consumer
17851,14138,Austin,TX,EE. UU.,Consumer
17852,14509,Sunnyvale,CA,EE. UU.,Consumer
17853,13663,Brooklyn,NY,EE. UU.,Consumer
17854,13769,Colorado Springs,CO,EE. UU.,Consumer
17855,14731,Clarksville,TN,EE. UU.,Consumer
17856,13856,Las Vegas,NV,EE. UU.,Consumer
17857,13855,Brooklyn,NY,EE. UU.,Consumer
17858,14728,San Benito,TX,EE. UU.,Consumer
17859,13834,Longmont,CO,EE. UU.,Consumer
17860,13760,Milpitas,CA,EE. UU.,Consumer
17861,12471,Oceanside,CA,EE. UU.,Consumer
17862,12906,Far Rockaway,NY,EE. UU.,Consumer
17863,14058,Alhambra,CA,EE. UU.,Consumer
17864,14449,Saint Paul,MN,EE. UU.,Consumer
17865,13202,Austin,TX,EE. UU.,Consumer
17866,14592,Livermore,CA,EE. UU.,Consumer
17867,14308,Las Vegas,NV,EE. UU.,Consumer
17868,12963,Taunton,MA,EE. UU.,Consumer
17869,13341,Walnut,CA,EE. UU.,Consumer
17870,13484,Huntington Station,NY,EE. UU.,Consumer
17871,14232,Baltimore,MD,EE. UU.,Consumer
17872,14603,Los Angeles,CA,EE. UU.,Consumer
17873,14512,Hamilton,OH,EE. UU.,Consumer
17874,13025,Oxnard,CA,EE. UU.,Consumer
17875,13421,Richmond,IN,EE. UU.,Consumer
17876,14631,Dallas,TX,EE. UU.,Consumer
17877,14003,San Diego,CA,EE. UU.,Consumer
17878,10654,San Diego,CA,EE. UU.,Consumer
17879,13858,Compton,CA,EE. UU.,Consumer
17880,13678,O Fallon,MO,EE. UU.,Consumer
17881,13928,Montebello,CA,EE. UU.,Consumer
17882,13998,Orlando,FL,EE. UU.,Consumer
17883,13854,Roswell,NM,EE. UU.,Consumer
17884,14812,Milford,CT,EE. UU.,Consumer
17885,9850,Garden Grove,CA,EE. UU.,Consumer
17886,14827,Westland,MI,EE. UU.,Consumer
17887,9595,Sanford,NC,EE. UU.,Consumer
17888,14700,Laguna Niguel,CA,EE. UU.,Consumer
17889,11976,Detroit,MI,EE. UU.,Consumer
17890,6335,Methuen,MA,EE. UU.,Consumer
17891,12550,Bellflower,CA,EE. UU.,Consumer
17892,12529,Annapolis,MD,EE. UU.,Consumer
17893,15087,Salem,OR,EE. UU.,Consumer
17894,15069,Las Vegas,NV,EE. UU.,Consumer
17895,14993,Detroit,MI,EE. UU.,Consumer
17896,14964,Mount Pleasant,MI,EE. UU.,Consumer
17897,14070,Morrisville,PA,EE. UU.,Consumer
17898,13428,New York,NY,EE. UU.,Consumer
17899,14351,Hialeah,FL,EE. UU.,Consumer
17900,13944,Brooklyn,NY,EE. UU.,Consumer
17901,13833,Las Vegas,NV,EE. UU.,Consumer
17902,9239,Hollywood,FL,EE. UU.,Consumer
17903,2739,Crystal Lake,IL,EE. UU.,Consumer
17904,16433,Brooklyn,NY,EE. UU.,Consumer
17905,16087,San Antonio,TX,EE. UU.,Consumer
17906,16051,New York,NY,EE. UU.,Consumer
17907,20526,Fresno,CA,EE. UU.,Consumer
17908,20650,Columbia,TN,EE. UU.,Consumer
17909,17191,Bellflower,CA,EE. UU.,Consumer
17910,18238,Hollywood,FL,EE. UU.,Consumer
17911,16503,Massillon,OH,EE. UU.,Consumer
17912,16629,Sanford,NC,EE. UU.,Consumer
17913,19121,New York,NY,EE. UU.,Consumer
17914,16569,Los Angeles,CA,EE. UU.,Consumer
17915,18787,Rosemead,CA,EE. UU.,Consumer
17916,15838,Moreno Valley,CA,EE. UU.,Consumer
17917,18850,Beaverton,OR,EE. UU.,Consumer
17918,15686,Bell Gardens,CA,EE. UU.,Consumer
17919,15950,Danbury,CT,EE. UU.,Consumer
17920,20482,Mission Viejo,CA,EE. UU.,Consumer
17921,15948,Clovis,CA,EE. UU.,Consumer
17922,20516,New York,NY,EE. UU.,Consumer
17923,18352,Del Rio,TX,EE. UU.,Consumer
17924,17360,Corona,CA,EE. UU.,Consumer
17925,17319,Hilliard,OH,EE. UU.,Consumer
17926,17476,Pompano Beach,FL,EE. UU.,Consumer
17927,16081,Watsonville,CA,EE. UU.,Consumer
17928,18360,Hagerstown,MD,EE. UU.,Consumer
17929,17457,Brooklyn,NY,EE. UU.,Consumer
17930,18883,South Richmond Hill,NY,EE. UU.,Consumer
17931,20717,Houston,TX,EE. UU.,Consumer
17932,17310,Portland,OR,EE. UU.,Consumer
17933,18701,Mentor,OH,EE. UU.,Consumer
17934,15532,Lynn,MA,EE. UU.,Consumer
17935,16149,Chicago,IL,EE. UU.,Consumer
17936,20168,Smyrna,GA,EE. UU.,Consumer
17937,20221,San Jose,CA,EE. UU.,Consumer
17938,18554,Lawrenceville,GA,EE. UU.,Consumer
17939,20220,Peoria,AZ,EE. UU.,Consumer
17940,18996,Brooklyn,NY,EE. UU.,Consumer
17941,19804,Richardson,TX,EE. UU.,Consumer
17942,17848,Michigan City,IN,EE. UU.,Consumer
17943,20271,Tucson,AZ,EE. UU.,Consumer
17944,17039,Opa Locka,FL,EE. UU.,Consumer
17945,15223,Chicago,IL,EE. UU.,Consumer
17946,20122,Buffalo,NY,EE. UU.,Consumer
17947,16120,Dallas,TX,EE. UU.,Consumer
17948,20210,Irwin,PA,EE. UU.,Consumer
17949,15198,Cleveland,OH,EE. UU.,Consumer
17950,19866,Milwaukee,WI,EE. UU.,Consumer
17951,18118,Milwaukee,WI,EE. UU.,Consumer
17952,17891,Honolulu,HI,EE. UU.,Consumer
17953,18181,Aurora,IL,EE. UU.,Consumer
17954,18090,Oxnard,CA,EE. UU.,Consumer
17955,19070,Roseville,MI,EE. UU.,Consumer
17956,19265,Powder Springs,GA,EE. UU.,Consumer
17957,18785,Los Angeles,CA,EE. UU.,Consumer
17958,15813,Columbia,SC,EE. UU.,Consumer
17959,18811,Hamtramck,MI,EE. UU.,Consumer
17960,16040,Fullerton,CA,EE. UU.,Consumer
17961,20679,Chicago,IL,EE. UU.,Consumer
17962,18479,Cupertino,CA,EE. UU.,Consumer
17963,20515,Toms River,NJ,EE. UU.,Consumer
17964,15927,San Diego,CA,EE. UU.,Consumer
17965,18010,Marietta,GA,EE. UU.,Consumer
17966,17375,New York,NY,EE. UU.,Consumer
17967,20476,Eugene,OR,EE. UU.,Consumer
17968,17407,Carlisle,PA,EE. UU.,Consumer
17969,16082,New York,NY,EE. UU.,Consumer
17970,20542,Merced,CA,EE. UU.,Consumer
17971,18306,Lancaster,PA,EE. UU.,Consumer
17972,17636,Chicago,IL,EE. UU.,Consumer
17973,17403,Goose Creek,SC,EE. UU.,Consumer
17974,17963,Kailua,HI,EE. UU.,Consumer
17975,15951,Fort Lauderdale,FL,EE. UU.,Consumer
17976,18284,Stockton,CA,EE. UU.,Consumer
17977,18646,Chicago,IL,EE. UU.,Consumer
17978,18643,Brooklyn,NY,EE. UU.,Consumer
17979,18694,Virginia Beach,VA,EE. UU.,Consumer
17980,20134,Garland,TX,EE. UU.,Consumer
17981,20098,Clearfield,UT,EE. UU.,Consumer
17982,16200,Los Angeles,CA,EE. UU.,Consumer
17983,19032,Columbus,GA,EE. UU.,Consumer
17984,19949,Cumberland,MD,EE. UU.,Consumer
17985,17183,Bakersfield,CA,EE. UU.,Consumer
17986,19963,Washington,DC,EE. UU.,Consumer
17987,19961,Greensboro,NC,EE. UU.,Consumer
17988,17248,Escondido,CA,EE. UU.,Consumer
17989,20048,Revere,MA,EE. UU.,Consumer
17990,17121,Woonsocket,RI,EE. UU.,Consumer
17991,17084,Palo Alto,CA,EE. UU.,Consumer
17992,18354,Aurora,CO,EE. UU.,Consumer
17993,17433,Philadelphia,PA,EE. UU.,Consumer
17994,15346,Mount Prospect,IL,EE. UU.,Consumer
17995,18547,Piscataway,NJ,EE. UU.,Consumer
17996,1324,Milpitas,CA,EE. UU.,Consumer
17997,8104,Taylor,MI,EE. UU.,Consumer
17998,13448,Silver Spring,MD,EE. UU.,Consumer
17999,13042,Newark,DE,EE. UU.,Consumer
18000,14699,Parkville,MD,EE. UU.,Consumer
18001,13932,Bridgeton,NJ,EE. UU.,Consumer
18002,14868,Albuquerque,NM,EE. UU.,Consumer
18003,14903,Houston,TX,EE. UU.,Consumer
18004,14028,Silver Spring,MD,EE. UU.,Consumer
18005,15126,Philadelphia,PA,EE. UU.,Consumer
18006,14239,West Haven,CT,EE. UU.,Consumer
18007,14383,Conway,AR,EE. UU.,Consumer
18008,14110,Bellflower,CA,EE. UU.,Consumer
18009,14362,Los Angeles,CA,EE. UU.,Consumer
18010,14662,Phoenix,AZ,EE. UU.,Consumer
18011,13305,Ontario,CA,EE. UU.,Consumer
18012,13142,Brighton,MA,EE. UU.,Consumer
18013,14124,San Francisco,CA,EE. UU.,Consumer
18014,14655,Gardena,CA,EE. UU.,Consumer
18015,13515,Richmond,KY,EE. UU.,Consumer
18016,14317,Mesa,AZ,EE. UU.,Consumer
18017,13405,Bakersfield,CA,EE. UU.,Consumer
18018,14634,Fort Lauderdale,FL,EE. UU.,Consumer
18019,13260,Hagerstown,MD,EE. UU.,Consumer
18020,13529,Pomona,CA,EE. UU.,Consumer
18021,14240,Howell,MI,EE. UU.,Consumer
18022,14649,Chapel Hill,NC,EE. UU.,Consumer
18023,14330,Pico Rivera,CA,EE. UU.,Consumer
18024,13752,Houston,TX,EE. UU.,Consumer
18025,13839,Bountiful,UT,EE. UU.,Consumer
18026,13605,Oxnard,CA,EE. UU.,Consumer
18027,13892,Spring,TX,EE. UU.,Consumer
18028,13801,Corona,NY,EE. UU.,Consumer
18029,13692,West Covina,CA,EE. UU.,Consumer
18030,14835,Hyattsville,MD,EE. UU.,Consumer
18031,13565,San Diego,CA,EE. UU.,Consumer
18032,13763,Chicago,IL,EE. UU.,Consumer
18033,13745,Roswell,NM,EE. UU.,Consumer
18034,13852,Atlanta,GA,EE. UU.,Consumer
18035,14870,Fayetteville,NC,EE. UU.,Consumer
18036,13743,Highland,CA,EE. UU.,Consumer
18037,14832,Phoenix,AZ,EE. UU.,Consumer
18038,13580,Brooklyn,NY,EE. UU.,Consumer
18039,13633,Houston,TX,EE. UU.,Consumer
18040,14029,Wilkes Barre,PA,EE. UU.,Consumer
18041,13846,Santa Ana,CA,EE. UU.,Consumer
18042,12647,Lawrenceville,GA,EE. UU.,Consumer
18043,12456,West New York,NJ,EE. UU.,Consumer
18044,12742,Phoenix,AZ,EE. UU.,Consumer
18045,12651,Flushing,NY,EE. UU.,Consumer
18046,12849,Potomac,MD,EE. UU.,Consumer
18047,14979,Tempe,AZ,EE. UU.,Consumer
18048,12845,Greensboro,NC,EE. UU.,Consumer
18049,12827,Saginaw,MI,EE. UU.,Consumer
18050,14939,Canyon Country,CA,EE. UU.,Consumer
18051,12880,Sunnyvale,CA,EE. UU.,Consumer
18052,14953,Cumberland,MD,EE. UU.,Consumer
18053,15078,Lindenhurst,NY,EE. UU.,Consumer
18054,12856,Round Rock,TX,EE. UU.,Consumer
18055,14983,North Richland Hills,TX,EE. UU.,Consumer
18056,12835,Las Vegas,NV,EE. UU.,Consumer
18057,14648,Des Plaines,IL,EE. UU.,Consumer
18058,13527,Tucson,AZ,EE. UU.,Consumer
18059,13310,Phoenix,AZ,EE. UU.,Consumer
18060,14363,Los Angeles,CA,EE. UU.,Consumer
18061,13415,Austin,TX,EE. UU.,Consumer
18062,12965,Chicago,IL,EE. UU.,Consumer
18063,13054,Jackson Heights,NY,EE. UU.,Consumer
18064,14252,Miami,FL,EE. UU.,Consumer
18065,14589,Bakersfield,CA,EE. UU.,Consumer
18066,13232,Tallahassee,FL,EE. UU.,Consumer
18067,13429,Fairfield,OH,EE. UU.,Consumer
18068,13105,San Jose,CA,EE. UU.,Consumer
18069,13104,Peoria,AZ,EE. UU.,Consumer
18070,14194,Bronx,NY,EE. UU.,Consumer
18071,13462,Ontario,CA,EE. UU.,Consumer
18072,14318,Bronx,NY,EE. UU.,Consumer
18073,13460,Bronx,NY,EE. UU.,Consumer
18074,14082,Miami,FL,EE. UU.,Consumer
18075,14688,Bronx,NY,EE. UU.,Consumer
18076,13477,Los Angeles,CA,EE. UU.,Consumer
18077,12973,Costa Mesa,CA,EE. UU.,Consumer
18078,13063,Honolulu,HI,EE. UU.,Consumer
18079,14261,Van Nuys,CA,EE. UU.,Consumer
18080,14332,Chicago,IL,EE. UU.,Consumer
18081,14242,El Paso,TX,EE. UU.,Consumer
18082,13044,Fairfield,OH,EE. UU.,Consumer
18083,14314,San Diego,CA,EE. UU.,Consumer
18084,14079,Staten Island,NY,EE. UU.,Consumer
18085,13627,Annandale,VA,EE. UU.,Consumer
18086,12796,Summerville,SC,EE. UU.,Consumer
18087,13804,Miami,FL,EE. UU.,Consumer
18088,14020,Miami,FL,EE. UU.,Consumer
18089,13767,Panorama City,CA,EE. UU.,Consumer
18090,13656,Muskegon,MI,EE. UU.,Consumer
18091,14015,Brighton,MA,EE. UU.,Consumer
18092,12789,San Antonio,TX,EE. UU.,Consumer
18093,14762,Chicago,IL,EE. UU.,Consumer
18094,13725,Virginia Beach,VA,EE. UU.,Consumer
18095,14922,Philadelphia,PA,EE. UU.,Consumer
18096,14741,Temecula,CA,EE. UU.,Consumer
18097,14865,Newburgh,NY,EE. UU.,Consumer
18098,12469,Norfolk,VA,EE. UU.,Consumer
18099,12546,Beaverton,OR,EE. UU.,Consumer
18100,12652,Visalia,CA,EE. UU.,Consumer
18101,15124,Irving,TX,EE. UU.,Consumer
18102,12842,Asheboro,NC,EE. UU.,Consumer
18103,15112,Bensalem,PA,EE. UU.,Consumer
18104,15111,Anaheim,CA,EE. UU.,Consumer
18105,14949,Philadelphia,PA,EE. UU.,Consumer
18106,15038,Long Beach,CA,EE. UU.,Consumer
18107,12871,Chicago,IL,EE. UU.,Consumer
18108,14927,Pico Rivera,CA,EE. UU.,Consumer
18109,13398,Saint Peters,MO,EE. UU.,Consumer
18110,14074,Crystal Lake,IL,EE. UU.,Consumer
18111,14495,Loveland,OH,EE. UU.,Consumer
18112,13265,West Orange,NJ,EE. UU.,Consumer
18113,12755,Chicago,IL,EE. UU.,Consumer
18114,13850,Oxnard,CA,EE. UU.,Consumer
18115,13973,Pompano Beach,FL,EE. UU.,Consumer
18116,14976,Indianapolis,IN,EE. UU.,Consumer
18117,14955,Hamtramck,MI,EE. UU.,Consumer
18118,14970,Morrisville,PA,EE. UU.,Consumer
18119,2122,Victorville,CA,EE. UU.,Consumer
18120,9787,Milwaukee,WI,EE. UU.,Consumer
18121,2760,Santa Ana,CA,EE. UU.,Consumer
18122,3278,Brooklyn,NY,EE. UU.,Consumer
18123,8659,Chandler,AZ,EE. UU.,Consumer
18124,12978,Caguas,PR,Puerto Rico,Corporate
18125,14196,Caguas,PR,Puerto Rico,Corporate
18126,13440,Caguas,PR,Puerto Rico,Corporate
18127,13873,Caguas,PR,Puerto Rico,Corporate
18128,1007,Caguas,PR,Puerto Rico,Corporate
18129,18265,Caguas,PR,Puerto Rico,Corporate
18130,17662,Caguas,PR,Puerto Rico,Corporate
18131,17531,Caguas,PR,Puerto Rico,Corporate
18132,15945,Caguas,PR,Puerto Rico,Corporate
18133,15596,Caguas,PR,Puerto Rico,Corporate
18134,15469,Caguas,PR,Puerto Rico,Corporate
18135,16220,Caguas,PR,Puerto Rico,Corporate
18136,9661,Caguas,PR,Puerto Rico,Corporate
18137,13818,Caguas,PR,Puerto Rico,Corporate
18138,14093,Caguas,PR,Puerto Rico,Corporate
18139,14643,Caguas,PR,Puerto Rico,Corporate
18140,13607,Caguas,PR,Puerto Rico,Corporate
18141,13798,Caguas,PR,Puerto Rico,Corporate
18142,14992,Caguas,PR,Puerto Rico,Corporate
18143,15056,Caguas,PR,Puerto Rico,Corporate
18144,14419,Caguas,PR,Puerto Rico,Corporate
18145,14842,Caguas,PR,Puerto Rico,Corporate
18146,13815,Caguas,PR,Puerto Rico,Corporate
18147,13538,Caguas,PR,Puerto Rico,Corporate
18148,12952,Caguas,PR,Puerto Rico,Corporate
18149,12764,Caguas,PR,Puerto Rico,Corporate
18150,16426,Guayama,PR,Puerto Rico,Corporate
18151,20589,Caguas,PR,Puerto Rico,Corporate
18152,19158,Caguas,PR,Puerto Rico,Corporate
18153,16504,Caguas,PR,Puerto Rico,Corporate
18154,18766,Caguas,PR,Puerto Rico,Corporate
18155,20553,Caguas,PR,Puerto Rico,Corporate
18156,20733,Caguas,PR,Puerto Rico,Corporate
18157,18459,Caguas,PR,Puerto Rico,Corporate
18158,18457,Caguas,PR,Puerto Rico,Corporate
18159,18453,Caguas,PR,Puerto Rico,Corporate
18160,20665,Caguas,PR,Puerto Rico,Corporate
18161,17962,Caguas,PR,Puerto Rico,Corporate
18162,19900,Caguas,PR,Puerto Rico,Corporate
18163,20222,Caguas,PR,Puerto Rico,Corporate
18164,18900,Caguas,PR,Puerto Rico,Corporate
18165,18162,Caguas,PR,Puerto Rico,Corporate
18166,18068,Caguas,PR,Puerto Rico,Corporate
18167,19279,Caguas,PR,Puerto Rico,Corporate
18168,15863,Caguas,PR,Puerto Rico,Corporate
18169,15835,Caguas,PR,Puerto Rico,Corporate
18170,18388,Caguas,PR,Puerto Rico,Corporate
18171,20422,Caguas,PR,Puerto Rico,Corporate
18172,17518,Caguas,PR,Puerto Rico,Corporate
18173,17387,Caguas,PR,Puerto Rico,Corporate
18174,15538,Caguas,PR,Puerto Rico,Corporate
18175,17535,Caguas,PR,Puerto Rico,Corporate
18176,19971,Caguas,PR,Puerto Rico,Corporate
18177,17131,Caguas,PR,Puerto Rico,Corporate
18178,20002,Caguas,PR,Puerto Rico,Corporate
18179,16138,Caguas,PR,Puerto Rico,Corporate
18180,15235,Caguas,PR,Puerto Rico,Corporate
18181,19920,Caguas,PR,Puerto Rico,Corporate
18182,19193,Caguas,PR,Puerto Rico,Corporate
18183,16389,Caguas,PR,Puerto Rico,Corporate
18184,16602,Caguas,PR,Puerto Rico,Corporate
18185,15777,Caguas,PR,Puerto Rico,Corporate
18186,18831,Caguas,PR,Puerto Rico,Corporate
18187,15425,Caguas,PR,Puerto Rico,Corporate
18188,18611,Caguas,PR,Puerto Rico,Corporate
18189,13084,Arecibo,PR,Puerto Rico,Corporate
18190,14547,Caguas,PR,Puerto Rico,Corporate
18191,14294,Caguas,PR,Puerto Rico,Corporate
18192,8363,Caguas,PR,Puerto Rico,Corporate
18193,12485,Caguas,PR,Puerto Rico,Corporate
18194,14522,Caguas,PR,Puerto Rico,Corporate
18195,14374,Caguas,PR,Puerto Rico,Corporate
18196,14674,Caguas,PR,Puerto Rico,Corporate
18197,14524,Caguas,PR,Puerto Rico,Corporate
18198,13492,Caguas,PR,Puerto Rico,Corporate
18199,13626,Caguas,PR,Puerto Rico,Corporate
18200,14859,Caguas,PR,Puerto Rico,Corporate
18201,14696,Caguas,PR,Puerto Rico,Corporate
18202,12774,Caguas,PR,Puerto Rico,Corporate
18203,13585,Caguas,PR,Puerto Rico,Corporate
18204,10174,Caguas,PR,Puerto Rico,Corporate
18205,13848,Caguas,PR,Puerto Rico,Corporate
18206,14045,Caguas,PR,Puerto Rico,Corporate
18207,13557,Caguas,PR,Puerto Rico,Corporate
18208,13646,Caguas,PR,Puerto Rico,Corporate
18209,8623,Caguas,PR,Puerto Rico,Corporate
18210,12532,Caguas,PR,Puerto Rico,Corporate
18211,12616,Caguas,PR,Puerto Rico,Corporate
18212,12490,Caguas,PR,Puerto Rico,Corporate
18213,15016,Caguas,PR,Puerto Rico,Corporate
18214,15061,Caguas,PR,Puerto Rico,Corporate
18215,15040,Caguas,PR,Puerto Rico,Corporate
18216,15108,Caguas,PR,Puerto Rico,Corporate
18217,14612,Caguas,PR,Puerto Rico,Corporate
18218,14219,Caguas,PR,Puerto Rico,Corporate
18219,14519,Caguas,PR,Puerto Rico,Corporate
18220,14344,Caguas,PR,Puerto Rico,Corporate
18221,14216,Caguas,PR,Puerto Rico,Corporate
18222,13520,Caguas,PR,Puerto Rico,Corporate
18223,13228,Caguas,PR,Puerto Rico,Corporate
18224,14672,Caguas,PR,Puerto Rico,Corporate
18225,14456,Caguas,PR,Puerto Rico,Corporate
18226,14225,Caguas,PR,Puerto Rico,Corporate
18227,13696,Caguas,PR,Puerto Rico,Corporate
18228,12812,Caguas,PR,Puerto Rico,Corporate
18229,14785,Caguas,PR,Puerto Rico,Corporate
18230,13568,Caguas,PR,Puerto Rico,Corporate
18231,13782,Caguas,PR,Puerto Rico,Corporate
18232,13674,Caguas,PR,Puerto Rico,Corporate
18233,13566,Caguas,PR,Puerto Rico,Corporate
18234,13724,Caguas,PR,Puerto Rico,Corporate
18235,13813,Rio Grande,PR,Puerto Rico,Corporate
18236,13542,Caguas,PR,Puerto Rico,Corporate
18237,13540,Caguas,PR,Puerto Rico,Corporate
18238,5697,Caguas,PR,Puerto Rico,Corporate
18239,5060,Caguas,PR,Puerto Rico,Corporate
18240,12483,Caguas,PR,Puerto Rico,Corporate
18241,12516,Caguas,PR,Puerto Rico,Corporate
18242,12443,Caguas,PR,Puerto Rico,Corporate
18243,12726,Caguas,PR,Puerto Rico,Corporate
18244,12579,Caguas,PR,Puerto Rico,Corporate
18245,15059,Caguas,PR,Puerto Rico,Corporate
18246,13498,Caguas,PR,Puerto Rico,Corporate
18247,14032,Caguas,PR,Puerto Rico,Corporate
18248,12552,Caguas,PR,Puerto Rico,Corporate
18249,12846,Caguas,PR,Puerto Rico,Corporate
18250,12858,Caguas,PR,Puerto Rico,Corporate
18251,16405,Vega Baja,PR,Puerto Rico,Corporate
18252,15848,Caguas,PR,Puerto Rico,Corporate
18253,20378,Caguas,PR,Puerto Rico,Corporate
18254,17244,Caguas,PR,Puerto Rico,Corporate
18255,17133,Caguas,PR,Puerto Rico,Corporate
18256,17164,Caguas,PR,Puerto Rico,Corporate
18257,16122,Caguas,PR,Puerto Rico,Corporate
18258,18097,Caguas,PR,Puerto Rico,Corporate
18259,18113,Caguas,PR,Puerto Rico,Corporate
18260,18143,Caguas,PR,Puerto Rico,Corporate
18261,19072,Caguas,PR,Puerto Rico,Corporate
18262,15861,Caguas,PR,Puerto Rico,Corporate
18263,15807,Caguas,PR,Puerto Rico,Corporate
18264,18825,Caguas,PR,Puerto Rico,Corporate
18265,15784,Caguas,PR,Puerto Rico,Corporate
18266,15850,Caguas,PR,Puerto Rico,Corporate
18267,20391,Caguas,PR,Puerto Rico,Corporate
18268,18318,Caguas,PR,Puerto Rico,Corporate
18269,17344,Caguas,PR,Puerto Rico,Corporate
18270,4685,Caguas,PR,Puerto Rico,Corporate
18271,18348,Caguas,PR,Puerto Rico,Corporate
18272,16068,Caguas,PR,Puerto Rico,Corporate
18273,18401,Caguas,PR,Puerto Rico,Corporate
18274,20563,Caguas,PR,Puerto Rico,Corporate
18275,17461,Caguas,PR,Puerto Rico,Corporate
18276,17748,Caguas,PR,Puerto Rico,Corporate
18277,17511,Caguas,PR,Puerto Rico,Corporate
18278,18465,Caguas,PR,Puerto Rico,Corporate
18279,15391,Caguas,PR,Puerto Rico,Corporate
18280,15330,Caguas,PR,Puerto Rico,Corporate
18281,18670,Caguas,PR,Puerto Rico,Corporate
18282,15363,Caguas,PR,Puerto Rico,Corporate
18283,15488,Caguas,PR,Puerto Rico,Corporate
18284,17227,Caguas,PR,Puerto Rico,Corporate
18285,17761,Caguas,PR,Puerto Rico,Corporate
18286,20058,Caguas,PR,Puerto Rico,Corporate
18287,17060,Caguas,PR,Puerto Rico,Corporate
18288,20237,Caguas,PR,Puerto Rico,Corporate
18289,18940,Caguas,PR,Puerto Rico,Corporate
18290,17757,Caguas,PR,Puerto Rico,Corporate
18291,16287,Caguas,PR,Puerto Rico,Corporate
18292,19815,Caguas,PR,Puerto Rico,Corporate
18293,19006,Carolina,PR,Puerto Rico,Corporate
18294,16101,Caguas,PR,Puerto Rico,Corporate
18295,18631,Caguas,PR,Puerto Rico,Corporate
18296,18135,Toa Baja,PR,Puerto Rico,Corporate
18297,18040,Caguas,PR,Puerto Rico,Corporate
18298,19125,Caguas,PR,Puerto Rico,Corporate
18299,19248,Caguas,PR,Puerto Rico,Corporate
18300,16481,Caguas,PR,Puerto Rico,Corporate
18301,16404,Caguas,PR,Puerto Rico,Corporate
18302,16512,Trujillo Alto,PR,Puerto Rico,Corporate
18303,18773,Caguas,PR,Puerto Rico,Corporate
18304,15841,Caguas,PR,Puerto Rico,Corporate
18305,15859,Caguas,PR,Puerto Rico,Corporate
18306,15894,Caguas,PR,Puerto Rico,Corporate
18307,15869,Caguas,PR,Puerto Rico,Corporate
18308,16004,Caguas,PR,Puerto Rico,Corporate
18309,20463,Caguas,PR,Puerto Rico,Corporate
18310,20427,Caguas,PR,Puerto Rico,Corporate
18311,17702,Caguas,PR,Puerto Rico,Corporate
18312,17305,Caguas,PR,Puerto Rico,Corporate
18313,20673,Caguas,PR,Puerto Rico,Corporate
18314,17713,Caguas,PR,Puerto Rico,Corporate
18315,20652,Caguas,PR,Puerto Rico,Corporate
18316,17515,Caguas,PR,Puerto Rico,Corporate
18317,20417,Caguas,PR,Puerto Rico,Corporate
18318,17745,Caguas,PR,Puerto Rico,Corporate
18319,20415,Caguas,PR,Puerto Rico,Corporate
18320,15603,Caguas,PR,Puerto Rico,Corporate
18321,20224,Caguas,PR,Puerto Rico,Corporate
18322,16257,Caguas,PR,Puerto Rico,Corporate
18323,17079,Caguas,PR,Puerto Rico,Corporate
18324,19842,Caguas,PR,Puerto Rico,Corporate
18325,16363,Caguas,PR,Puerto Rico,Corporate
18326,17095,Caguas,PR,Puerto Rico,Corporate
18327,20147,Caguas,PR,Puerto Rico,Corporate
18328,18954,Caguas,PR,Puerto Rico,Corporate
18329,15202,Caguas,PR,Puerto Rico,Corporate
18330,15255,Caguas,PR,Puerto Rico,Corporate
18331,17878,Caguas,PR,Puerto Rico,Corporate
18332,17176,Caguas,PR,Puerto Rico,Corporate
18333,18560,Caguas,PR,Puerto Rico,Corporate
18334,16225,Caguas,PR,Puerto Rico,Corporate
18335,19148,Caguas,PR,Puerto Rico,Corporate
18336,15732,Caguas,PR,Puerto Rico,Corporate
18337,15594,Caguas,PR,Puerto Rico,Corporate
18338,17590,Caguas,PR,Puerto Rico,Corporate
18339,16360,Caguas,PR,Puerto Rico,Corporate
18340,15258,Caguas,PR,Puerto Rico,Corporate
18341,15645,Caguas,PR,Puerto Rico,Consumer
18342,16560,Caguas,PR,Puerto Rico,Consumer
18343,10751,Caguas,PR,Puerto Rico,Consumer
18344,17452,San Juan,PR,Puerto Rico,Consumer
18345,20407,Caguas,PR,Puerto Rico,Consumer
18346,18277,Caguas,PR,Puerto Rico,Consumer
18347,17477,Caguas,PR,Puerto Rico,Consumer
18348,6133,Caguas,PR,Puerto Rico,Consumer
18349,20538,Caguas,PR,Puerto Rico,Consumer
18350,18726,Caguas,PR,Puerto Rico,Consumer
18351,19991,Caguas,PR,Puerto Rico,Consumer
18352,19968,Caguas,PR,Puerto Rico,Consumer
18353,17129,Caguas,PR,Puerto Rico,Consumer
18354,16233,Caguas,PR,Puerto Rico,Consumer
18355,18992,Caguas,PR,Puerto Rico,Consumer
18356,17863,Caguas,PR,Puerto Rico,Consumer
18357,15183,Caguas,PR,Puerto Rico,Consumer
18358,20263,Caguas,PR,Puerto Rico,Consumer
18359,1755,Bayamon,PR,Puerto Rico,Consumer
18360,5178,Caguas,PR,Puerto Rico,Consumer
18361,4448,Caguas,PR,Puerto Rico,Consumer
18362,10393,Caguas,PR,Puerto Rico,Consumer
18363,14165,Caguas,PR,Puerto Rico,Consumer
18364,14071,Caguas,PR,Puerto Rico,Consumer
18365,13053,Caguas,PR,Puerto Rico,Consumer
18366,13106,Caguas,PR,Puerto Rico,Consumer
18367,14340,Caguas,PR,Puerto Rico,Consumer
18368,13483,Caguas,PR,Puerto Rico,Consumer
18369,14514,San Juan,PR,Puerto Rico,Consumer
18370,13480,Caguas,PR,Puerto Rico,Consumer
18371,14913,Caguas,PR,Puerto Rico,Consumer
18372,14037,Caguas,PR,Puerto Rico,Consumer
18373,13893,Caguas,PR,Puerto Rico,Consumer
18374,13766,Caguas,PR,Puerto Rico,Consumer
18375,13603,Caguas,PR,Puerto Rico,Consumer
18376,14729,Caguas,PR,Puerto Rico,Consumer
18377,13996,Caguas,PR,Puerto Rico,Consumer
18378,11057,Caguas,PR,Puerto Rico,Consumer
18379,1668,Caguas,PR,Puerto Rico,Consumer
18380,12528,Caguas,PR,Puerto Rico,Consumer
18381,15030,Guaynabo,PR,Puerto Rico,Consumer
18382,15001,Caguas,PR,Puerto Rico,Consumer
18383,14965,Caguas,PR,Puerto Rico,Consumer
18384,12923,Caguas,PR,Puerto Rico,Consumer
18385,7827,Caguas,PR,Puerto Rico,Consumer
18386,20483,Caguas,PR,Puerto Rico,Consumer
18387,20169,Caguas,PR,Puerto Rico,Consumer
18388,17170,Caguas,PR,Puerto Rico,Consumer
18389,16327,Caguas,PR,Puerto Rico,Consumer
18390,17892,Caguas,PR,Puerto Rico,Consumer
18391,18066,Caguas,PR,Puerto Rico,Consumer
18392,16411,Caguas,PR,Puerto Rico,Consumer
18393,16570,Caguas,PR,Puerto Rico,Consumer
18394,19262,Caguas,PR,Puerto Rico,Consumer
18395,16567,Guayama,PR,Puerto Rico,Consumer
18396,19188,Caguas,PR,Puerto Rico,Consumer
18397,16544,Caguas,PR,Puerto Rico,Consumer
18398,19218,Caguas,PR,Puerto Rico,Consumer
18399,15782,Arecibo,PR,Puerto Rico,Consumer
18400,6715,Caguas,PR,Puerto Rico,Consumer
18401,17924,Caguas,PR,Puerto Rico,Consumer
18402,11811,Caguas,PR,Puerto Rico,Consumer
18403,20747,Caguas,PR,Puerto Rico,Consumer
18404,17358,Caguas,PR,Puerto Rico,Consumer
18405,1529,Caguas,PR,Puerto Rico,Consumer
18406,17918,Caguas,PR,Puerto Rico,Consumer
18407,17970,Caguas,PR,Puerto Rico,Consumer
18408,18344,Caguas,PR,Puerto Rico,Consumer
18409,20470,Caguas,PR,Puerto Rico,Consumer
18410,17967,Caguas,PR,Puerto Rico,Consumer
18411,17634,Caguas,PR,Puerto Rico,Consumer
18412,15412,Caguas,PR,Puerto Rico,Consumer
18413,15535,Caguas,PR,Puerto Rico,Consumer
18414,18693,Caguas,PR,Puerto Rico,Consumer
18415,18691,Caguas,PR,Puerto Rico,Consumer
18416,15618,Caguas,PR,Puerto Rico,Consumer
18417,15671,Caguas,PR,Puerto Rico,Consumer
18418,17581,Caguas,PR,Puerto Rico,Consumer
18419,16277,Caguas,PR,Puerto Rico,Consumer
18420,18556,Caguas,PR,Puerto Rico,Consumer
18421,20312,Caguas,PR,Puerto Rico,Consumer
18422,19898,Caguas,PR,Puerto Rico,Consumer
18423,17044,Caguas,PR,Puerto Rico,Consumer
18424,20113,Caguas,PR,Puerto Rico,Consumer
18425,16290,Caguas,PR,Puerto Rico,Consumer
18426,18534,Caguas,PR,Puerto Rico,Consumer
18427,18552,Caguas,PR,Puerto Rico,Consumer
18428,20129,Caguas,PR,Puerto Rico,Consumer
18429,19822,Caguas,PR,Puerto Rico,Consumer
18430,16343,Caguas,PR,Puerto Rico,Consumer
18431,20306,Caguas,PR,Puerto Rico,Consumer
18432,20053,Caguas,PR,Puerto Rico,Consumer
18433,19962,Caguas,PR,Puerto Rico,Consumer
18434,20177,Caguas,PR,Puerto Rico,Consumer
18435,19942,Caguas,PR,Puerto Rico,Consumer
18436,20049,Caguas,PR,Puerto Rico,Consumer
18437,19832,Caguas,PR,Puerto Rico,Consumer
18438,17840,Caguas,PR,Puerto Rico,Consumer
18439,17767,Caguas,PR,Puerto Rico,Consumer
18440,3014,Caguas,PR,Puerto Rico,Consumer
18441,6549,Caguas,PR,Puerto Rico,Consumer
18442,4173,Caguas,PR,Puerto Rico,Consumer
18443,1552,Caguas,PR,Puerto Rico,Consumer
18444,2976,Caguas,PR,Puerto Rico,Consumer
18445,8190,Caguas,PR,Puerto Rico,Consumer
18446,11927,Caguas,PR,Puerto Rico,Consumer
18447,6000,Caguas,PR,Puerto Rico,Consumer
18448,5610,Caguas,PR,Puerto Rico,Consumer
18449,13969,Caguas,PR,Puerto Rico,Consumer
18450,14799,Caguas,PR,Puerto Rico,Consumer
18451,12622,Caguas,PR,Puerto Rico,Consumer
18452,12513,Caguas,PR,Puerto Rico,Consumer
18453,15079,Caguas,PR,Puerto Rico,Consumer
18454,13311,Caguas,PR,Puerto Rico,Consumer
18455,14574,Caguas,PR,Puerto Rico,Consumer
18456,13524,Caguas,PR,Puerto Rico,Consumer
18457,14307,Caguas,PR,Puerto Rico,Consumer
18458,13288,Caguas,PR,Puerto Rico,Consumer
18459,14535,Caguas,PR,Puerto Rico,Consumer
18460,14499,San Juan,PR,Puerto Rico,Consumer
18461,13251,Caguas,PR,Puerto Rico,Consumer
18462,14660,Caguas,PR,Puerto Rico,Consumer
18463,14359,Caguas,PR,Puerto Rico,Consumer
18464,13214,Caguas,PR,Puerto Rico,Consumer
18465,13033,Caguas,PR,Puerto Rico,Consumer
18466,14193,Caguas,PR,Puerto Rico,Consumer
18467,13066,Caguas,PR,Puerto Rico,Consumer
18468,14600,Caguas,PR,Puerto Rico,Consumer
18469,13406,Caguas,PR,Puerto Rico,Consumer
18470,13478,Caguas,PR,Puerto Rico,Consumer
18471,14280,Caguas,PR,Puerto Rico,Consumer
18472,13045,Caguas,PR,Puerto Rico,Consumer
18473,14687,Caguas,PR,Puerto Rico,Consumer
18474,14241,Caguas,PR,Puerto Rico,Consumer
18475,13385,Caguas,PR,Puerto Rico,Consumer
18476,13259,Caguas,PR,Puerto Rico,Consumer
18477,14313,Caguas,PR,Puerto Rico,Consumer
18478,13240,Caguas,PR,Puerto Rico,Consumer
18479,13528,Caguas,PR,Puerto Rico,Consumer
18480,14258,Caguas,PR,Puerto Rico,Consumer
18481,14078,Caguas,PR,Puerto Rico,Consumer
18482,2109,Caguas,PR,Puerto Rico,Consumer
18483,13789,Caguas,PR,Puerto Rico,Consumer
18484,9339,Caguas,PR,Puerto Rico,Consumer
18485,3294,Caguas,PR,Puerto Rico,Consumer
18486,14895,Caguas,PR,Puerto Rico,Consumer
18487,2304,Caguas,PR,Puerto Rico,Consumer
18488,14857,Caguas,PR,Puerto Rico,Consumer
18489,7235,Caguas,PR,Puerto Rico,Consumer
18490,13677,Caguas,PR,Puerto Rico,Consumer
18491,13587,Caguas,PR,Puerto Rico,Consumer
18492,13891,Caguas,PR,Puerto Rico,Consumer
18493,3897,Caguas,PR,Puerto Rico,Consumer
18494,13711,Caguas,PR,Puerto Rico,Consumer
18495,14711,Caguas,PR,Puerto Rico,Consumer
18496,14016,Caguas,PR,Puerto Rico,Consumer
18497,5077,Caguas,PR,Puerto Rico,Consumer
18498,12826,Caguas,PR,Puerto Rico,Consumer
18499,9262,Caguas,PR,Puerto Rico,Consumer
18500,14853,Caguas,PR,Puerto Rico,Consumer
18501,13654,Caguas,PR,Puerto Rico,Consumer
18502,13564,Caguas,PR,Puerto Rico,Consumer
18503,12806,Caguas,PR,Puerto Rico,Consumer
18504,14049,Caguas,PR,Puerto Rico,Consumer
18505,13904,Caguas,PR,Puerto Rico,Consumer
18506,6292,Caguas,PR,Puerto Rico,Consumer
18507,6039,Caguas,PR,Puerto Rico,Consumer
18508,12749,Caguas,PR,Puerto Rico,Consumer
18509,13721,Caguas,PR,Puerto Rico,Consumer
18510,14828,Caguas,PR,Puerto Rico,Consumer
18511,12818,Caguas,PR,Puerto Rico,Consumer
18512,13971,Caguas,PR,Puerto Rico,Consumer
18513,14881,Caguas,PR,Puerto Rico,Consumer
18514,14701,Caguas,PR,Puerto Rico,Consumer
18515,13988,Caguas,PR,Puerto Rico,Consumer
18516,12422,Caguas,PR,Puerto Rico,Consumer
18517,6939,Caguas,PR,Puerto Rico,Consumer
18518,3335,Caguas,PR,Puerto Rico,Consumer
18519,8976,Caguas,PR,Puerto Rico,Consumer
18520,2036,Caguas,PR,Puerto Rico,Consumer
18521,11035,Manati,PR,Puerto Rico,Consumer
18522,12349,Caguas,PR,Puerto Rico,Consumer
18523,5444,Caguas,PR,Puerto Rico,Consumer
18524,12560,Caguas,PR,Puerto Rico,Consumer
18525,12716,Caguas,PR,Puerto Rico,Consumer
18526,12661,Caguas,PR,Puerto Rico,Consumer
18527,12571,Caguas,PR,Puerto Rico,Consumer
18528,12638,Caguas,PR,Puerto Rico,Consumer
18529,12565,Caguas,PR,Puerto Rico,Consumer
18530,12633,Caguas,PR,Puerto Rico,Consumer
18531,12829,Caguas,PR,Puerto Rico,Consumer
18532,15010,Caguas,PR,Puerto Rico,Consumer
18533,15136,Caguas,PR,Puerto Rico,Consumer
18534,12933,Caguas,PR,Puerto Rico,Consumer
18535,12929,Caguas,PR,Puerto Rico,Consumer
18536,12911,Caguas,PR,Puerto Rico,Consumer
18537,12852,Caguas,PR,Puerto Rico,Consumer
18538,12942,Caguas,PR,Puerto Rico,Consumer
18539,1752,Humacao,PR,Puerto Rico,Consumer
18540,11084,Caguas,PR,Puerto Rico,Consumer
18541,2011,Caguas,PR,Puerto Rico,Consumer
18542,2090,Caguas,PR,Puerto Rico,Consumer
18543,8438,Caguas,PR,Puerto Rico,Consumer
18544,6687,Caguas,PR,Puerto Rico,Consumer
18545,4878,Caguas,PR,Puerto Rico,Consumer
18546,2700,Caguas,PR,Puerto Rico,Consumer
18547,12252,Caguas,PR,Puerto Rico,Consumer
18548,17502,Caguas,PR,Puerto Rico,Consumer
18549,20419,Caguas,PR,Puerto Rico,Consumer
18550,15454,Caguas,PR,Puerto Rico,Consumer
18551,18155,Caguas,PR,Puerto Rico,Consumer
18552,18082,Caguas,PR,Puerto Rico,Consumer
18553,18224,Caguas,PR,Puerto Rico,Consumer
18554,18260,Caguas,PR,Puerto Rico,Consumer
18555,18253,Caguas,PR,Puerto Rico,Consumer
18556,18195,Caguas,PR,Puerto Rico,Consumer
18557,18192,Caguas,PR,Puerto Rico,Consumer
18558,16483,Caguas,PR,Puerto Rico,Consumer
18559,16627,Caguas,PR,Puerto Rico,Consumer
18560,19209,Caguas,PR,Puerto Rico,Consumer
18561,19135,Caguas,PR,Puerto Rico,Consumer
18562,16511,Caguas,PR,Puerto Rico,Consumer
18563,19061,Caguas,PR,Puerto Rico,Consumer
18564,16401,Caguas,PR,Puerto Rico,Consumer
18565,19095,Caguas,PR,Puerto Rico,Consumer
18566,16396,Caguas,PR,Puerto Rico,Consumer
18567,15737,Caguas,PR,Puerto Rico,Consumer
18568,15802,Caguas,PR,Puerto Rico,Consumer
18569,15765,Caguas,PR,Puerto Rico,Consumer
18570,18780,Caguas,PR,Puerto Rico,Consumer
18571,18797,Caguas,PR,Puerto Rico,Consumer
18572,18761,Caguas,PR,Puerto Rico,Consumer
18573,15867,Caguas,PR,Puerto Rico,Consumer
18574,15865,Caguas,PR,Puerto Rico,Consumer
18575,15883,Caguas,PR,Puerto Rico,Consumer
18576,1296,Caguas,PR,Puerto Rico,Consumer
18577,479,Caguas,PR,Puerto Rico,Consumer
18578,20625,Caguas,PR,Puerto Rico,Consumer
18579,20715,Caguas,PR,Puerto Rico,Consumer
18580,17379,Caguas,PR,Puerto Rico,Consumer
18581,16074,Caguas,PR,Puerto Rico,Consumer
18582,17414,Caguas,PR,Puerto Rico,Consumer
18583,17976,Caguas,PR,Puerto Rico,Consumer
18584,1396,Caguas,PR,Puerto Rico,Consumer
18585,1077,Caguas,PR,Puerto Rico,Consumer
18586,17700,Caguas,PR,Puerto Rico,Consumer
18587,20442,Caguas,PR,Puerto Rico,Consumer
18588,17395,Caguas,PR,Puerto Rico,Consumer
18589,17340,Bayamon,PR,Puerto Rico,Consumer
18590,17716,Caguas,PR,Puerto Rico,Consumer
18591,16088,Caguas,PR,Puerto Rico,Consumer
18592,16070,Caguas,PR,Puerto Rico,Consumer
18593,17698,Caguas,PR,Puerto Rico,Consumer
18594,18009,Caguas,PR,Puerto Rico,Consumer
18595,17625,Caguas,PR,Puerto Rico,Consumer
18596,1829,Caguas,PR,Puerto Rico,Consumer
18597,20708,Caguas,PR,Puerto Rico,Consumer
18598,18006,Caguas,PR,Puerto Rico,Consumer
18599,16066,Caguas,PR,Puerto Rico,Consumer
18600,1778,Caguas,PR,Puerto Rico,Consumer
18601,17730,Caguas,PR,Puerto Rico,Consumer
18602,4587,Caguas,PR,Puerto Rico,Consumer
18603,16029,Caguas,PR,Puerto Rico,Consumer
18604,3632,Caguas,PR,Puerto Rico,Consumer
18605,811,Caguas,PR,Puerto Rico,Consumer
18606,20687,Caguas,PR,Puerto Rico,Consumer
18607,17692,Caguas,PR,Puerto Rico,Consumer
18608,18021,Caguas,PR,Puerto Rico,Consumer
18609,18397,San Juan,PR,Puerto Rico,Consumer
18610,20614,Caguas,PR,Puerto Rico,Consumer
18611,15937,Caguas,PR,Puerto Rico,Consumer
18612,17494,Caguas,PR,Puerto Rico,Consumer
18613,17948,Caguas,PR,Puerto Rico,Consumer
18614,20577,Caguas,PR,Puerto Rico,Consumer
18615,6861,Caguas,PR,Puerto Rico,Consumer
18616,20612,Caguas,PR,Puerto Rico,Consumer
18617,20575,Caguas,PR,Puerto Rico,Consumer
18618,17330,Caguas,PR,Puerto Rico,Consumer
18619,20610,Caguas,PR,Puerto Rico,Consumer
18620,20556,Caguas,PR,Puerto Rico,Consumer
18621,18375,Caguas,PR,Puerto Rico,Consumer
18622,18357,Caguas,PR,Puerto Rico,Consumer
18623,17980,Caguas,PR,Puerto Rico,Consumer
18624,7626,Caguas,PR,Puerto Rico,Consumer
18625,15339,Caguas,PR,Puerto Rico,Consumer
18626,15607,Caguas,PR,Puerto Rico,Consumer
18627,18732,Caguas,PR,Puerto Rico,Consumer
18628,15586,Caguas,PR,Puerto Rico,Consumer
18629,15568,Caguas,PR,Puerto Rico,Consumer
18630,15638,Caguas,PR,Puerto Rico,Consumer
18631,15386,Caguas,PR,Puerto Rico,Consumer
18632,15673,Caguas,PR,Puerto Rico,Consumer
18633,15565,Caguas,PR,Puerto Rico,Consumer
18634,15401,Caguas,PR,Puerto Rico,Consumer
18635,15540,Caguas,PR,Puerto Rico,Consumer
18636,10014,Greeley,CO,EE. UU.,Consumer
18637,4947,Hialeah,FL,EE. UU.,Consumer
18638,5662,Scottsdale,AZ,EE. UU.,Consumer
18639,5794,Philadelphia,PA,EE. UU.,Consumer
18640,5912,Tampa,FL,EE. UU.,Consumer
18641,4950,Amarillo,TX,EE. UU.,Consumer
18642,6801,Caguas,PR,Puerto Rico,Consumer
18643,11709,Caguas,PR,Puerto Rico,Consumer
18644,9893,Caguas,PR,Puerto Rico,Consumer
18645,7374,Caguas,PR,Puerto Rico,Consumer
18646,2196,Pompano Beach,FL,EE. UU.,Home Office
18647,3445,Caguas,PR,Puerto Rico,Consumer
18648,10446,Cumberland,MD,EE. UU.,Home Office
18649,5975,Caguas,PR,Puerto Rico,Home Office
18650,6116,Philadelphia,PA,EE. UU.,Home Office
18651,303,Caguas,PR,Puerto Rico,Consumer
18652,7385,Phoenix,AZ,EE. UU.,Home Office
18653,10045,San Jose,CA,EE. UU.,Home Office
18654,11740,El Cajon,CA,EE. UU.,Home Office
18655,5641,Caguas,PR,Puerto Rico,Consumer
18656,2314,Caguas,PR,Puerto Rico,Consumer
18657,8779,Opa Locka,FL,EE. UU.,Home Office
18658,10520,Kent,WA,EE. UU.,Home Office
18659,11795,Philadelphia,PA,EE. UU.,Home Office
18660,1227,Brooklyn,NY,EE. UU.,Home Office
18661,10732,Hickory,NC,EE. UU.,Home Office
18662,7496,Caguas,PR,Puerto Rico,Home Office
18663,147,Hanover,PA,EE. UU.,Home Office
18664,9092,Columbia,TN,EE. UU.,Home Office
18665,18064,Peoria,AZ,EE. UU.,Consumer
18666,18222,Panorama City,CA,EE. UU.,Consumer
18667,18272,El Cajon,CA,EE. UU.,Consumer
18668,18196,Fort Lauderdale,FL,EE. UU.,Consumer
18669,16458,Garland,TX,EE. UU.,Consumer
18670,19185,Westminster,CA,EE. UU.,Consumer
18671,16453,Florissant,MO,EE. UU.,Consumer
18672,15681,Hayward,CA,EE. UU.,Consumer
18673,15986,Philadelphia,PA,EE. UU.,Consumer
18674,18406,Tonawanda,NY,EE. UU.,Consumer
18675,17691,Lawton,OK,EE. UU.,Consumer
18676,18734,Chandler,AZ,EE. UU.,Consumer
18677,18709,New York,NY,EE. UU.,Consumer
18678,17588,Modesto,CA,EE. UU.,Consumer
18679,17189,North Richland Hills,TX,EE. UU.,Consumer
18680,20365,San Francisco,CA,EE. UU.,Consumer
18681,17043,Saint Paul,MN,EE. UU.,Consumer
18682,20127,Rancho Cucamonga,CA,EE. UU.,Consumer
18683,19926,Mesa,AZ,EE. UU.,Consumer
18684,18985,Yonkers,NY,EE. UU.,Consumer
18685,18079,Bakersfield,CA,EE. UU.,Consumer
18686,18203,Daly City,CA,EE. UU.,Consumer
18687,18038,Salina,KS,EE. UU.,Consumer
18688,18254,Las Vegas,NV,EE. UU.,Consumer
18689,18124,San Jose,CA,EE. UU.,Consumer
18690,18211,Del Rio,TX,EE. UU.,Consumer
18691,19233,Portland,OR,EE. UU.,Consumer
18692,19223,Sanford,NC,EE. UU.,Consumer
18693,19222,New York,NY,EE. UU.,Consumer
18694,16400,Brooklyn,NY,EE. UU.,Consumer
18695,19147,Raleigh,NC,EE. UU.,Consumer
18696,16416,Winnetka,CA,EE. UU.,Consumer
18697,19236,Strongsville,OH,EE. UU.,Consumer
18698,19090,Greenville,NC,EE. UU.,Consumer
18699,15789,Lynn,MA,EE. UU.,Consumer
18700,15788,Chicago,IL,EE. UU.,Consumer
18701,18824,Manchester,CT,EE. UU.,Consumer
18702,15804,Las Vegas,NV,EE. UU.,Consumer
18703,15821,Placentia,CA,EE. UU.,Consumer
18704,15817,Portland,OR,EE. UU.,Consumer
18705,15744,Annandale,VA,EE. UU.,Consumer
18706,18781,Jersey City,NJ,EE. UU.,Consumer
18707,15905,Waipahu,HI,EE. UU.,Consumer
18708,18760,Norfolk,VA,EE. UU.,Consumer
18709,18793,Warren,MI,EE. UU.,Consumer
18710,17961,New Braunfels,TX,EE. UU.,Consumer
18711,18517,Findlay,OH,EE. UU.,Consumer
18712,17435,Aurora,IL,EE. UU.,Consumer
18713,17996,Lewisville,TX,EE. UU.,Consumer
18714,17308,Reynoldsburg,OH,EE. UU.,Consumer
18715,17958,Saint Paul,MN,EE. UU.,Consumer
18716,20641,Raleigh,NC,EE. UU.,Consumer
18717,20676,Granite City,IL,EE. UU.,Consumer
18718,18296,Chicago,IL,EE. UU.,Consumer
18719,16069,El Paso,TX,EE. UU.,Consumer
18720,17714,Fort Lauderdale,FL,EE. UU.,Consumer
18721,17917,Madera,CA,EE. UU.,Consumer
18722,18491,Miami,FL,EE. UU.,Consumer
18723,17372,Washington,DC,EE. UU.,Consumer
18724,15959,Fort Lauderdale,FL,EE. UU.,Consumer
18725,16030,Pomona,CA,EE. UU.,Consumer
18726,17389,Philadelphia,PA,EE. UU.,Consumer
18727,17262,Louisville,KY,EE. UU.,Consumer
18728,16083,Cumberland,MD,EE. UU.,Consumer
18729,18289,New York,NY,EE. UU.,Consumer
18730,16026,Colorado Springs,CO,EE. UU.,Consumer
18731,18466,Palatine,IL,EE. UU.,Consumer
18732,15953,Piscataway,NJ,EE. UU.,Consumer
18733,18000,Brownsville,TX,EE. UU.,Consumer
18734,17329,Phoenix,AZ,EE. UU.,Consumer
18735,20393,Bronx,NY,EE. UU.,Consumer
18736,17490,San Pablo,CA,EE. UU.,Consumer
18737,15485,Bakersfield,CA,EE. UU.,Consumer
18738,15431,Saint Paul,MN,EE. UU.,Consumer
18739,15321,New York,NY,EE. UU.,Consumer
18740,15464,North Las Vegas,NV,EE. UU.,Consumer
18741,15369,Kailua,HI,EE. UU.,Consumer
18742,15585,Dallas,TX,EE. UU.,Consumer
18743,18710,Aurora,IL,EE. UU.,Consumer
18744,15493,Chicago,IL,EE. UU.,Consumer
18745,15455,Morristown,NJ,EE. UU.,Consumer
18746,15668,Rancho Cucamonga,CA,EE. UU.,Consumer
18747,15379,Salt Lake City,UT,EE. UU.,Consumer
18748,17585,Costa Mesa,CA,EE. UU.,Consumer
18749,17619,Wayne,NJ,EE. UU.,Consumer
18750,15214,Chicago,IL,EE. UU.,Consumer
18751,17820,Santa Ana,CA,EE. UU.,Consumer
18752,15250,Chicago,IL,EE. UU.,Consumer
18753,17047,Perth Amboy,NJ,EE. UU.,Consumer
18754,17154,Toms River,NJ,EE. UU.,Consumer
18755,17081,Philadelphia,PA,EE. UU.,Consumer
18756,20204,Alpharetta,GA,EE. UU.,Consumer
18757,20131,New Orleans,LA,EE. UU.,Consumer
18758,18590,Sandusky,OH,EE. UU.,Consumer
18759,20311,Lawton,OK,EE. UU.,Consumer
18760,15174,Phoenix,AZ,EE. UU.,Consumer
18761,17186,Livermore,CA,EE. UU.,Consumer
18762,17150,Brooklyn,NY,EE. UU.,Consumer
18763,20075,Mission Viejo,CA,EE. UU.,Consumer
18764,17059,San Diego,CA,EE. UU.,Consumer
18765,20056,Orange Park,FL,EE. UU.,Consumer
18766,17255,San Diego,CA,EE. UU.,Consumer
18767,17111,Rio Rancho,NM,EE. UU.,Consumer
18768,17792,Cleveland,OH,EE. UU.,Consumer
18769,17109,Bend,OR,EE. UU.,Consumer
18770,17810,Tallahassee,FL,EE. UU.,Consumer
18771,20052,Michigan City,IN,EE. UU.,Consumer
18772,20178,Dallas,TX,EE. UU.,Consumer
18773,18601,Harlingen,TX,EE. UU.,Consumer
18774,20376,Hagerstown,MD,EE. UU.,Consumer
18775,16194,Salt Lake City,UT,EE. UU.,Consumer
18776,19997,Fort Washington,MD,EE. UU.,Consumer
18777,15273,Roswell,GA,EE. UU.,Consumer
18778,16373,Santa Ana,CA,EE. UU.,Consumer
18779,16355,Fontana,CA,EE. UU.,Consumer
18780,17232,Mesquite,TX,EE. UU.,Consumer
18781,19023,Valrico,FL,EE. UU.,Consumer
18782,17157,Honolulu,HI,EE. UU.,Consumer
18783,15215,Mentor,OH,EE. UU.,Consumer
18784,16189,Fresno,CA,EE. UU.,Consumer
18785,18101,San Jose,CA,EE. UU.,Consumer
18786,18205,Tucson,AZ,EE. UU.,Consumer
18787,18219,Atlanta,GA,EE. UU.,Consumer
18788,18107,Santa Ana,CA,EE. UU.,Consumer
18789,18213,Buffalo,NY,EE. UU.,Consumer
18790,17900,El Paso,TX,EE. UU.,Consumer
18791,18120,Middletown,CT,EE. UU.,Consumer
18792,16395,Fort Lauderdale,FL,EE. UU.,Consumer
18793,19087,Aurora,CO,EE. UU.,Consumer
18794,16573,Tucson,AZ,EE. UU.,Consumer
18795,19211,Ventura,CA,EE. UU.,Consumer
18796,16621,Saint Paul,MN,EE. UU.,Consumer
18797,16583,Dorchester Center,MA,EE. UU.,Consumer
18798,19060,Aurora,CO,EE. UU.,Consumer
18799,16436,Memphis,TN,EE. UU.,Consumer
18800,19039,Elgin,IL,EE. UU.,Consumer
18801,19037,Murfreesboro,TN,EE. UU.,Consumer
18802,19180,Madera,CA,EE. UU.,Consumer
18803,15766,Hagerstown,MD,EE. UU.,Consumer
18804,16058,Brooklyn,NY,EE. UU.,Consumer
18805,20697,Columbus,OH,EE. UU.,Consumer
18806,17378,El Paso,TX,EE. UU.,Consumer
18807,18876,Ontario,CA,EE. UU.,Consumer
18808,17306,Bowling Green,KY,EE. UU.,Consumer
18809,17269,Silver Spring,MD,EE. UU.,Consumer
18810,17503,Palatine,IL,EE. UU.,Consumer
18811,17993,Los Angeles,CA,EE. UU.,Consumer
18812,17412,Bronx,NY,EE. UU.,Consumer
18813,17974,Salinas,CA,EE. UU.,Consumer
18814,18493,Greensboro,NC,EE. UU.,Consumer
18815,17410,Springfield,MO,EE. UU.,Consumer
18816,17338,Austin,TX,EE. UU.,Consumer
18817,17373,Lawton,OK,EE. UU.,Consumer
18818,18275,Hayward,CA,EE. UU.,Consumer
18819,20744,Washington,PA,EE. UU.,Consumer
18820,17405,Bronx,NY,EE. UU.,Consumer
18821,18468,Mililani,HI,EE. UU.,Consumer
18822,20523,Douglasville,GA,EE. UU.,Consumer
18823,17277,Laredo,TX,EE. UU.,Consumer
18824,17726,Memphis,TN,EE. UU.,Consumer
18825,20377,Aurora,CO,EE. UU.,Consumer
18826,20611,Jacksonville,FL,EE. UU.,Consumer
18827,17652,Fayetteville,NC,EE. UU.,Consumer
18828,18464,Greensboro,NC,EE. UU.,Consumer
18829,17651,Philadelphia,PA,EE. UU.,Consumer
18830,15628,Panorama City,CA,EE. UU.,Consumer
18831,15502,Baltimore,MD,EE. UU.,Consumer
18832,18663,El Paso,TX,EE. UU.,Consumer
18833,15625,Atlanta,GA,EE. UU.,Consumer
18834,15589,Grand Prairie,TX,EE. UU.,Consumer
18835,18733,Baldwin Park,CA,EE. UU.,Consumer
18836,15372,Visalia,CA,EE. UU.,Consumer
18837,15390,Martinsburg,WV,EE. UU.,Consumer
18838,15371,Knoxville,TN,EE. UU.,Consumer
18839,15639,Rego Park,NY,EE. UU.,Consumer
18840,15674,Brooklyn,NY,EE. UU.,Consumer
18841,15544,Houston,TX,EE. UU.,Consumer
18842,15399,Los Angeles,CA,EE. UU.,Consumer
18843,15361,Houston,TX,EE. UU.,Consumer
18844,17589,Orlando,FL,EE. UU.,Consumer
18845,17550,Woonsocket,RI,EE. UU.,Consumer
18846,20368,Miami,FL,EE. UU.,Consumer
18847,15177,Long Beach,CA,EE. UU.,Consumer
18848,18575,Rochester,NY,EE. UU.,Consumer
18849,18538,Escondido,CA,EE. UU.,Consumer
18850,18574,Bismarck,ND,EE. UU.,Consumer
18851,17151,Virginia Beach,VA,EE. UU.,Consumer
18852,16292,Laredo,TX,EE. UU.,Consumer
18853,17851,Santa Ana,CA,EE. UU.,Consumer
18854,17833,Portland,OR,EE. UU.,Consumer
18855,18961,Chicago,IL,EE. UU.,Consumer
18856,18979,Philadelphia,PA,EE. UU.,Consumer
18857,16254,Tempe,AZ,EE. UU.,Consumer
18858,15280,Greenville,NC,EE. UU.,Consumer
18859,17795,Woodbridge,VA,EE. UU.,Consumer
18860,16199,Warren,MI,EE. UU.,Consumer
18861,20362,Las Vegas,NV,EE. UU.,Consumer
18862,16234,Toms River,NJ,EE. UU.,Consumer
18863,17793,Mesa,AZ,EE. UU.,Consumer
18864,15241,Houston,TX,EE. UU.,Consumer
18865,17056,Colorado Springs,CO,EE. UU.,Consumer
18866,20126,Joliet,IL,EE. UU.,Consumer
18867,16269,Greeley,CO,EE. UU.,Consumer
18868,17128,Raleigh,NC,EE. UU.,Consumer
18869,17809,Mentor,OH,EE. UU.,Consumer
18870,17879,Houston,TX,EE. UU.,Consumer
18871,17124,Portland,OR,EE. UU.,Consumer
18872,18935,South San Francisco,CA,EE. UU.,Consumer
18873,18989,Fort Lauderdale,FL,EE. UU.,Consumer
18874,20230,Amarillo,TX,EE. UU.,Consumer
18875,20265,Moreno Valley,CA,EE. UU.,Consumer
18876,16264,El Paso,TX,EE. UU.,Consumer
18877,18898,Chandler,AZ,EE. UU.,Consumer
18878,20211,Greenville,NC,EE. UU.,Consumer
18879,20084,Sugar Land,TX,EE. UU.,Consumer
18880,17841,Tinley Park,IL,EE. UU.,Consumer
18881,17230,Fort Worth,TX,EE. UU.,Consumer
18882,15288,Lenoir,NC,EE. UU.,Consumer
18883,17067,Rancho Cordova,CA,EE. UU.,Consumer
18884,20227,Greensboro,NC,EE. UU.,Consumer
18885,17210,Stockbridge,GA,EE. UU.,Consumer
18886,17192,Decatur,GA,EE. UU.,Consumer
18887,18967,Santa Ana,CA,EE. UU.,Consumer
18888,15161,Stone Mountain,GA,EE. UU.,Consumer
18889,18142,Milwaukee,WI,EE. UU.,Consumer
18890,16502,Bronx,NY,EE. UU.,Consumer
18891,16435,Bronx,NY,EE. UU.,Consumer
18892,18746,San Jose,CA,EE. UU.,Consumer
18893,17960,Perth Amboy,NJ,EE. UU.,Consumer
18894,16021,Chicago,IL,EE. UU.,Consumer
18895,20637,Frankfort,KY,EE. UU.,Consumer
18896,18362,Stockton,CA,EE. UU.,Consumer
18897,18503,Hialeah,FL,EE. UU.,Consumer
18898,15419,Chillicothe,OH,EE. UU.,Consumer
18899,15380,Salinas,CA,EE. UU.,Consumer
18900,17045,San Antonio,TX,EE. UU.,Consumer
18901,19844,Columbus,OH,EE. UU.,Consumer
18902,15175,Crystal Lake,IL,EE. UU.,Consumer
18903,19916,Tulare,CA,EE. UU.,Consumer
18904,18536,Phoenix,AZ,EE. UU.,Consumer
18905,19778,Oxnard,CA,EE. UU.,Consumer
18906,1526,Brooklyn,NY,EE. UU.,Consumer
18907,2012,Fond Du Lac,WI,EE. UU.,Consumer
18908,6548,San Diego,CA,EE. UU.,Consumer
18909,3842,Palatine,IL,EE. UU.,Consumer
18910,8359,Sacramento,CA,EE. UU.,Consumer
18911,9922,Milford,CT,EE. UU.,Consumer
18912,7168,Tallahassee,FL,EE. UU.,Consumer
18913,10904,Caguas,PR,Puerto Rico,Home Office
18914,8985,Wyoming,MI,EE. UU.,Home Office
18915,9982,Caguas,PR,Puerto Rico,Home Office
18916,4146,Caguas,PR,Puerto Rico,Consumer
18917,539,Ventura,CA,EE. UU.,Home Office
18918,3698,Caguas,PR,Puerto Rico,Consumer
18919,11237,Caguas,PR,Puerto Rico,Consumer
18920,992,New York,NY,EE. UU.,Home Office
18921,6063,Caguas,PR,Puerto Rico,Home Office
18922,12356,Caguas,PR,Puerto Rico,Consumer
18923,10919,San Marcos,CA,EE. UU.,Home Office
18924,2428,Carmichael,CA,EE. UU.,Home Office
18925,795,Caguas,PR,Puerto Rico,Consumer
18926,292,Columbus,OH,EE. UU.,Home Office
18927,9093,Hamilton,OH,EE. UU.,Home Office
18928,1536,Fountain Valley,CA,EE. UU.,Home Office
18929,825,Aurora,CO,EE. UU.,Home Office
18930,1238,Caguas,PR,Puerto Rico,Home Office
18931,1888,Ypsilanti,MI,EE. UU.,Home Office
18932,4007,Murfreesboro,TN,EE. UU.,Home Office
18933,13221,Caguas,PR,Puerto Rico,Home Office
18934,13148,Vega Baja,PR,Puerto Rico,Home Office
18935,13468,Caguas,PR,Puerto Rico,Home Office
18936,8176,Caguas,PR,Puerto Rico,Home Office
18937,12695,Caguas,PR,Puerto Rico,Home Office
18938,3958,Caguas,PR,Puerto Rico,Home Office
18939,16444,Caguas,PR,Puerto Rico,Home Office
18940,15854,Caguas,PR,Puerto Rico,Home Office
18941,15792,Caguas,PR,Puerto Rico,Home Office
18942,17719,Caguas,PR,Puerto Rico,Home Office
18943,18455,Caguas,PR,Puerto Rico,Home Office
18944,18678,Caguas,PR,Puerto Rico,Home Office
18945,16366,Caguas,PR,Puerto Rico,Home Office
18946,14568,Caguas,PR,Puerto Rico,Home Office
18947,20510,Caguas,PR,Puerto Rico,Home Office
18948,17593,Caguas,PR,Puerto Rico,Home Office
18949,16382,Caguas,PR,Puerto Rico,Home Office
18950,16250,Caguas,PR,Puerto Rico,Home Office
18951,14772,Caguas,PR,Puerto Rico,Home Office
18952,12901,Caguas,PR,Puerto Rico,Home Office
18953,18188,Caguas,PR,Puerto Rico,Home Office
18954,18054,Caguas,PR,Puerto Rico,Home Office
18955,16412,Carolina,PR,Puerto Rico,Home Office
18956,16590,Caguas,PR,Puerto Rico,Home Office
18957,20389,Caguas,PR,Puerto Rico,Home Office
18958,18477,Caguas,PR,Puerto Rico,Home Office
18959,20622,Caguas,PR,Puerto Rico,Home Office
18960,17483,Caguas,PR,Puerto Rico,Home Office
18961,17418,Caguas,PR,Puerto Rico,Home Office
18962,15531,Caguas,PR,Puerto Rico,Home Office
18963,15512,Caguas,PR,Puerto Rico,Home Office
18964,17250,Caguas,PR,Puerto Rico,Home Office
18965,10531,Caguas,PR,Puerto Rico,Home Office
18966,8465,Caguas,PR,Puerto Rico,Home Office
18967,13145,Caguas,PR,Puerto Rico,Home Office
18968,13335,Caguas,PR,Puerto Rico,Home Office
18969,14227,Caguas,PR,Puerto Rico,Home Office
18970,14878,Caguas,PR,Puerto Rico,Home Office
18971,13715,Caguas,PR,Puerto Rico,Home Office
18972,14893,Caguas,PR,Puerto Rico,Home Office
18973,14018,Caguas,PR,Puerto Rico,Home Office
18974,9870,Caguas,PR,Puerto Rico,Home Office
18975,13744,Caguas,PR,Puerto Rico,Home Office
18976,14740,Caguas,PR,Puerto Rico,Home Office
18977,14900,Caguas,PR,Puerto Rico,Home Office
18978,13718,Caguas,PR,Puerto Rico,Home Office
18979,12676,Caguas,PR,Puerto Rico,Home Office
18980,2248,Caguas,PR,Puerto Rico,Home Office
18981,19105,Caguas,PR,Puerto Rico,Home Office
18982,19253,Caguas,PR,Puerto Rico,Home Office
18983,18365,Caguas,PR,Puerto Rico,Home Office
18984,18378,Caguas,PR,Puerto Rico,Home Office
18985,17707,Caguas,PR,Puerto Rico,Home Office
18986,18034,Caguas,PR,Puerto Rico,Home Office
18987,15460,Caguas,PR,Puerto Rico,Home Office
18988,19937,Caguas,PR,Puerto Rico,Home Office
18989,16206,San Sebastian,PR,Puerto Rico,Home Office
18990,19882,Caguas,PR,Puerto Rico,Home Office
18991,17062,Caguas,PR,Puerto Rico,Home Office
18992,16380,Caguas,PR,Puerto Rico,Home Office
18993,20200,Arecibo,PR,Puerto Rico,Home Office
18994,20199,Caguas,PR,Puerto Rico,Home Office
18995,17147,Caguas,PR,Puerto Rico,Home Office
18996,19009,Caguas,PR,Puerto Rico,Home Office
18997,17107,Caguas,PR,Puerto Rico,Home Office
18998,16103,Caguas,PR,Puerto Rico,Home Office
18999,15165,Caguas,PR,Puerto Rico,Home Office
19000,17034,Guaynabo,PR,Puerto Rico,Home Office
19001,17104,Caguas,PR,Puerto Rico,Home Office
19002,19849,Caguas,PR,Puerto Rico,Home Office
19003,20352,Caguas,PR,Puerto Rico,Home Office
19004,7860,Caguas,PR,Puerto Rico,Home Office
19005,9013,Caguas,PR,Puerto Rico,Home Office
19006,2474,Caguas,PR,Puerto Rico,Home Office
19007,14572,Caguas,PR,Puerto Rico,Home Office
19008,13940,Caguas,PR,Puerto Rico,Home Office
19009,13631,Caguas,PR,Puerto Rico,Home Office
19010,4934,Caguas,PR,Puerto Rico,Home Office
19011,5743,Caguas,PR,Puerto Rico,Home Office
19012,12463,Caguas,PR,Puerto Rico,Home Office
19013,14582,Caguas,PR,Puerto Rico,Home Office
19014,14528,Caguas,PR,Puerto Rico,Home Office
19015,14205,Caguas,PR,Puerto Rico,Home Office
19016,14889,Caguas,PR,Puerto Rico,Home Office
19017,14932,Caguas,PR,Puerto Rico,Home Office
19018,16473,Caguas,PR,Puerto Rico,Home Office
19019,19038,Caguas,PR,Puerto Rico,Home Office
19020,16577,Caguas,PR,Puerto Rico,Home Office
19021,15794,Caguas,PR,Puerto Rico,Home Office
19022,15982,Caguas,PR,Puerto Rico,Home Office
19023,17935,Caguas,PR,Puerto Rico,Home Office
19024,15978,Caguas,PR,Puerto Rico,Home Office
19025,15940,Caguas,PR,Puerto Rico,Home Office
19026,17743,Caguas,PR,Puerto Rico,Home Office
19027,15529,Caguas,PR,Puerto Rico,Home Office
19028,18655,Caguas,PR,Puerto Rico,Home Office
19029,17544,Caguas,PR,Puerto Rico,Home Office
19030,20151,Caguas,PR,Puerto Rico,Home Office
19031,19011,Caguas,PR,Puerto Rico,Home Office
19032,17180,Caguas,PR,Puerto Rico,Home Office
19033,18564,Caguas,PR,Puerto Rico,Home Office
19034,9797,Caguas,PR,Puerto Rico,Home Office
19035,4418,Caguas,PR,Puerto Rico,Home Office
19036,4692,Caguas,PR,Puerto Rico,Home Office
19037,13101,Caguas,PR,Puerto Rico,Home Office
19038,13842,Caguas,PR,Puerto Rico,Home Office
19039,13704,Caguas,PR,Puerto Rico,Home Office
19040,12607,Caguas,PR,Puerto Rico,Home Office
19041,16536,Caguas,PR,Puerto Rico,Home Office
19042,18864,Caguas,PR,Puerto Rico,Home Office
19043,15466,Caguas,PR,Puerto Rico,Home Office
19044,17198,Caguas,PR,Puerto Rico,Home Office
19045,886,Caguas,PR,Puerto Rico,Home Office
19046,12969,Caguas,PR,Puerto Rico,Home Office
19047,13037,Caguas,PR,Puerto Rico,Home Office
19048,13270,Caguas,PR,Puerto Rico,Home Office
19049,13048,Caguas,PR,Puerto Rico,Home Office
19050,14137,Caguas,PR,Puerto Rico,Home Office
19051,14690,Caguas,PR,Puerto Rico,Home Office
19052,14352,Caguas,PR,Puerto Rico,Home Office
19053,13132,Caguas,PR,Puerto Rico,Home Office
19054,13770,Caguas,PR,Puerto Rico,Home Office
19055,14055,Caguas,PR,Puerto Rico,Home Office
19056,12823,Caguas,PR,Puerto Rico,Home Office
19057,13884,Caguas,PR,Puerto Rico,Home Office
19058,13827,Caguas,PR,Puerto Rico,Home Office
19059,12613,Caguas,PR,Puerto Rico,Home Office
19060,12502,Caguas,PR,Puerto Rico,Home Office
19061,15065,Caguas,PR,Puerto Rico,Home Office
19062,14367,Caguas,PR,Puerto Rico,Home Office
19063,8219,Caguas,PR,Puerto Rico,Home Office
19064,19116,Caguas,PR,Puerto Rico,Home Office
19065,16384,Caguas,PR,Puerto Rico,Home Office
19066,17398,Caguas,PR,Puerto Rico,Home Office
19067,20535,Caguas,PR,Puerto Rico,Home Office
19068,17487,Caguas,PR,Puerto Rico,Home Office
19069,20750,Caguas,PR,Puerto Rico,Home Office
19070,20568,Caguas,PR,Puerto Rico,Home Office
19071,2745,Caguas,PR,Puerto Rico,Home Office
19072,20549,Caguas,PR,Puerto Rico,Home Office
19073,20581,Caguas,PR,Puerto Rico,Home Office
19074,20742,Caguas,PR,Puerto Rico,Home Office
19075,15309,Caguas,PR,Puerto Rico,Home Office
19076,17537,Caguas,PR,Puerto Rico,Home Office
19077,19775,Caguas,PR,Puerto Rico,Home Office
19078,18927,Caguas,PR,Puerto Rico,Home Office
19079,16246,Caguas,PR,Puerto Rico,Home Office
19080,20241,Caguas,PR,Puerto Rico,Home Office
19081,19802,Caguas,PR,Puerto Rico,Home Office
19082,5342,San Jose,CA,EE. UU.,Home Office
19083,5768,Caguas,PR,Puerto Rico,Consumer
19084,10795,Caguas,PR,Puerto Rico,Home Office
19085,5357,Caguas,PR,Puerto Rico,Consumer
19086,244,Long Beach,CA,EE. UU.,Home Office
19087,6869,Wayne,NJ,EE. UU.,Home Office
19088,7351,Caguas,PR,Puerto Rico,Consumer
19089,7808,Plano,TX,EE. UU.,Home Office
19090,536,Caguas,PR,Puerto Rico,Consumer
19091,3093,Caguas,PR,Puerto Rico,Home Office
19092,6717,Caguas,PR,Puerto Rico,Consumer
19093,3654,Caguas,PR,Puerto Rico,Home Office
19094,860,Houston,TX,EE. UU.,Home Office
19095,8222,Caguas,PR,Puerto Rico,Consumer
19096,8594,Massillon,OH,EE. UU.,Home Office
19097,6832,Saint Louis,MO,EE. UU.,Consumer
19098,3507,Caguas,PR,Puerto Rico,Home Office
19099,6112,Riverside,CA,EE. UU.,Home Office
19100,4075,Caguas,PR,Puerto Rico,Consumer
19101,8826,Greensboro,NC,EE. UU.,Home Office
19102,2672,Caguas,PR,Puerto Rico,Consumer
19103,4222,Beloit,WI,EE. UU.,Home Office
19104,2396,Phoenix,AZ,EE. UU.,Corporate
19105,11815,Caguas,PR,Puerto Rico,Home Office
19106,9696,Caguas,PR,Puerto Rico,Home Office
19107,14203,Caguas,PR,Puerto Rico,Home Office
19108,14412,Caguas,PR,Puerto Rico,Home Office
19109,14146,Caguas,PR,Puerto Rico,Home Office
19110,14254,Caguas,PR,Puerto Rico,Home Office
19111,13069,Caguas,PR,Puerto Rico,Home Office
19112,13050,Caguas,PR,Puerto Rico,Home Office
19113,13427,Caguas,PR,Puerto Rico,Home Office
19114,14175,Caguas,PR,Puerto Rico,Home Office
19115,14336,Caguas,PR,Puerto Rico,Home Office
19116,14173,Caguas,PR,Puerto Rico,Home Office
19117,13459,Caguas,PR,Puerto Rico,Home Office
19118,14063,Caguas,PR,Puerto Rico,Home Office
19119,13224,Caguas,PR,Puerto Rico,Home Office
19120,13170,Caguas,PR,Puerto Rico,Home Office
19121,14260,Caguas,PR,Puerto Rico,Home Office
19122,14543,Caguas,PR,Puerto Rico,Home Office
19123,14596,Caguas,PR,Puerto Rico,Home Office
19124,14734,Caguas,PR,Puerto Rico,Home Office
19125,14715,Caguas,PR,Puerto Rico,Home Office
19126,13984,Caguas,PR,Puerto Rico,Home Office
19127,13658,Caguas,PR,Puerto Rico,Home Office
19128,9794,Caguas,PR,Puerto Rico,Home Office
19129,13599,Caguas,PR,Puerto Rico,Home Office
19130,14797,Caguas,PR,Puerto Rico,Home Office
19131,13652,Caguas,PR,Puerto Rico,Home Office
19132,13773,Caguas,PR,Puerto Rico,Home Office
19133,13755,Caguas,PR,Puerto Rico,Home Office
19134,14007,Caguas,PR,Puerto Rico,Home Office
19135,5188,Toa Baja,PR,Puerto Rico,Home Office
19136,12733,Caguas,PR,Puerto Rico,Home Office
19137,12674,Caguas,PR,Puerto Rico,Home Office
19138,12526,Caguas,PR,Puerto Rico,Home Office
19139,12937,Caguas,PR,Puerto Rico,Home Office
19140,12879,Caguas,PR,Puerto Rico,Home Office
19141,15133,Caguas,PR,Puerto Rico,Home Office
19142,14637,Caguas,PR,Puerto Rico,Home Office
19143,14402,Guayama,PR,Puerto Rico,Home Office
19144,13693,Caguas,PR,Puerto Rico,Home Office
19145,8828,Caguas,PR,Puerto Rico,Home Office
19146,18190,Caguas,PR,Puerto Rico,Home Office
19147,18257,Caguas,PR,Puerto Rico,Home Office
19148,18182,Caguas,PR,Puerto Rico,Home Office
19149,18177,Caguas,PR,Puerto Rico,Home Office
19150,16574,Caguas,PR,Puerto Rico,Home Office
19151,16520,Caguas,PR,Puerto Rico,Home Office
19152,16518,Caguas,PR,Puerto Rico,Home Office
19153,16423,Caguas,PR,Puerto Rico,Home Office
19154,19041,Caguas,PR,Puerto Rico,Home Office
19155,16615,Caguas,PR,Puerto Rico,Home Office
19156,19108,Caguas,PR,Puerto Rico,Home Office
19157,15896,Caguas,PR,Puerto Rico,Home Office
19158,18801,Caguas,PR,Puerto Rico,Home Office
19159,15724,Caguas,PR,Puerto Rico,Home Office
19160,15900,Caguas,PR,Puerto Rico,Home Office
19161,15846,Caguas,PR,Puerto Rico,Home Office
19162,20608,Caguas,PR,Puerto Rico,Home Office
19163,20499,Caguas,PR,Puerto Rico,Home Office
19164,20660,Caguas,PR,Puerto Rico,Home Office
19165,18423,Caguas,PR,Puerto Rico,Home Office
19166,20658,Caguas,PR,Puerto Rico,Home Office
19167,17733,Caguas,PR,Puerto Rico,Home Office
19168,18384,Caguas,PR,Puerto Rico,Home Office
19169,17409,Caguas,PR,Puerto Rico,Home Office
19170,20384,Caguas,PR,Puerto Rico,Home Office
19171,5961,Caguas,PR,Puerto Rico,Home Office
19172,18504,Caguas,PR,Puerto Rico,Home Office
19173,20738,Caguas,PR,Puerto Rico,Home Office
19174,20503,Caguas,PR,Puerto Rico,Home Office
19175,18321,Caguas,PR,Puerto Rico,Home Office
19176,15987,Caguas,PR,Puerto Rico,Home Office
19177,20429,Caguas,PR,Puerto Rico,Home Office
19178,18662,Caguas,PR,Puerto Rico,Home Office
19179,15312,Caguas,PR,Puerto Rico,Home Office
19180,17608,Caguas,PR,Puerto Rico,Home Office
19181,19002,Caguas,PR,Puerto Rico,Home Office
19182,17046,Caguas,PR,Puerto Rico,Home Office
19183,16205,Caguas,PR,Puerto Rico,Home Office
19184,19845,Caguas,PR,Puerto Rico,Home Office
19185,16186,Caguas,PR,Puerto Rico,Home Office
19186,15157,Caguas,PR,Puerto Rico,Home Office
19187,16237,Caguas,PR,Puerto Rico,Home Office
19188,20292,Caguas,PR,Puerto Rico,Home Office
19189,16183,Caguas,PR,Puerto Rico,Home Office
19190,17185,Caguas,PR,Puerto Rico,Home Office
19191,17149,Caguas,PR,Puerto Rico,Home Office
19192,19840,San Juan,PR,Puerto Rico,Home Office
19193,16181,Caguas,PR,Puerto Rico,Home Office
19194,16127,Caguas,PR,Puerto Rico,Home Office
19195,18976,Caguas,PR,Puerto Rico,Home Office
19196,19911,Caguas,PR,Puerto Rico,Home Office
19197,16143,Caguas,PR,Puerto Rico,Home Office
19198,17865,Caguas,PR,Puerto Rico,Home Office
19199,18921,Caguas,PR,Puerto Rico,Home Office
19200,20143,Caguas,PR,Puerto Rico,Home Office
19201,19981,Caguas,PR,Puerto Rico,Home Office
19202,17145,Caguas,PR,Puerto Rico,Home Office
19203,17215,Caguas,PR,Puerto Rico,Home Office
19204,19924,Caguas,PR,Puerto Rico,Home Office
19205,19870,Caguas,PR,Puerto Rico,Home Office
19206,17070,Caguas,PR,Puerto Rico,Home Office
19207,17196,Caguas,PR,Puerto Rico,Home Office
19208,18970,Caguas,PR,Puerto Rico,Home Office
19209,17141,Caguas,PR,Puerto Rico,Home Office
19210,18950,Caguas,PR,Puerto Rico,Home Office
19211,17139,Caguas,PR,Puerto Rico,Home Office
19212,16369,Caguas,PR,Puerto Rico,Home Office
19213,16207,Caguas,PR,Puerto Rico,Home Office
19214,19974,Caguas,PR,Puerto Rico,Home Office
19215,18931,Caguas,PR,Puerto Rico,Home Office
19216,19171,Caguas,PR,Puerto Rico,Home Office
19217,19077,Caguas,PR,Puerto Rico,Home Office
19218,18777,Caguas,PR,Puerto Rico,Home Office
19219,18508,Caguas,PR,Puerto Rico,Home Office
19220,20522,Caguas,PR,Puerto Rico,Home Office
19221,17292,Caguas,PR,Puerto Rico,Home Office
19222,826,Caguas,PR,Puerto Rico,Home Office
19223,17618,Caguas,PR,Puerto Rico,Home Office
19224,19847,Caguas,PR,Puerto Rico,Home Office
19225,16311,Caguas,PR,Puerto Rico,Home Office
19226,17058,Caguas,PR,Puerto Rico,Home Office
19227,17770,Caguas,PR,Puerto Rico,Home Office
19228,19868,Caguas,PR,Puerto Rico,Home Office
19229,18913,Caguas,PR,Puerto Rico,Home Office
19230,17066,Caguas,PR,Puerto Rico,Home Office
19231,8318,Caguas,PR,Puerto Rico,Home Office
19232,955,Caguas,PR,Puerto Rico,Home Office
19233,4616,Caguas,PR,Puerto Rico,Home Office
19234,14444,Caguas,PR,Puerto Rico,Home Office
19235,13735,Caguas,PR,Puerto Rico,Home Office
19236,13590,Caguas,PR,Puerto Rico,Home Office
19237,13551,Caguas,PR,Puerto Rico,Home Office
19238,13544,Caguas,PR,Puerto Rico,Home Office
19239,15771,Caguas,PR,Puerto Rico,Home Office
19240,15694,Caguas,PR,Puerto Rico,Home Office
19241,18314,Caguas,PR,Puerto Rico,Home Office
19242,20494,Caguas,PR,Puerto Rico,Home Office
19243,18889,Caguas,PR,Puerto Rico,Home Office
19244,17481,Caguas,PR,Puerto Rico,Home Office
19245,18417,Caguas,PR,Puerto Rico,Home Office
19246,15919,Caguas,PR,Puerto Rico,Home Office
19247,20541,Caguas,PR,Puerto Rico,Home Office
19248,17402,Caguas,PR,Puerto Rico,Home Office
19249,20501,Caguas,PR,Puerto Rico,Home Office
19250,20063,Caguas,PR,Puerto Rico,Home Office
19251,19013,Caguas,PR,Puerto Rico,Home Office
19252,19904,Caguas,PR,Puerto Rico,Home Office
19253,13058,Caguas,PR,Puerto Rico,Home Office
19254,14474,Caguas,PR,Puerto Rico,Home Office
19255,12672,Caguas,PR,Puerto Rico,Home Office
19256,16554,Caguas,PR,Puerto Rico,Home Office
19257,17451,Caguas,PR,Puerto Rico,Home Office
19258,17659,Caguas,PR,Puerto Rico,Home Office
19259,11940,Caguas,PR,Puerto Rico,Consumer
19260,6749,Sheboygan,WI,EE. UU.,Home Office
19261,4131,Guayama,PR,Puerto Rico,Consumer
19262,665,Caguas,PR,Puerto Rico,Consumer
19263,7311,Caguas,PR,Puerto Rico,Consumer
19264,402,Caguas,PR,Puerto Rico,Consumer
19265,10209,Brooklyn,NY,EE. UU.,Home Office
19266,6207,Houston,TX,EE. UU.,Consumer
19267,12181,Caguas,PR,Puerto Rico,Consumer
19268,3312,Forest Hills,NY,EE. UU.,Consumer
19269,7155,Lawrence,MA,EE. UU.,Home Office
19270,7818,Caguas,PR,Puerto Rico,Consumer
19271,7184,Caguas,PR,Puerto Rico,Consumer
19272,18576,Caguas,PR,Puerto Rico,Consumer
19273,15213,Caguas,PR,Puerto Rico,Consumer
19274,18593,Caguas,PR,Puerto Rico,Consumer
19275,16259,Caguas,PR,Puerto Rico,Consumer
19276,15284,Caguas,PR,Puerto Rico,Consumer
19277,19827,Caguas,PR,Puerto Rico,Consumer
19278,18609,Caguas,PR,Puerto Rico,Consumer
19279,20276,Caguas,PR,Puerto Rico,Consumer
19280,17852,Caguas,PR,Puerto Rico,Consumer
19281,20310,Caguas,PR,Puerto Rico,Consumer
19282,19896,Caguas,PR,Puerto Rico,Consumer
19283,20328,Caguas,PR,Puerto Rico,Consumer
19284,20004,Caguas,PR,Puerto Rico,Consumer
19285,17220,Caguas,PR,Puerto Rico,Consumer
19286,20037,Caguas,PR,Puerto Rico,Consumer
19287,17038,Caguas,PR,Puerto Rico,Consumer
19288,17254,Caguas,PR,Puerto Rico,Consumer
19289,18621,Caguas,PR,Puerto Rico,Consumer
19290,17811,Caguas,PR,Puerto Rico,Consumer
19291,17846,Caguas,PR,Puerto Rico,Consumer
19292,17108,San Juan,PR,Puerto Rico,Consumer
19293,17162,Caguas,PR,Puerto Rico,Consumer
19294,17881,Caguas,PR,Puerto Rico,Consumer
19295,20214,Caguas,PR,Puerto Rico,Consumer
19296,18546,Caguas,PR,Puerto Rico,Consumer
19297,18990,Caguas,PR,Puerto Rico,Consumer
19298,20266,Caguas,PR,Puerto Rico,Consumer
19299,20248,Caguas,PR,Puerto Rico,Consumer
19300,20194,Caguas,PR,Puerto Rico,Consumer
19301,17789,Caguas,PR,Puerto Rico,Consumer
19302,17052,Caguas,PR,Puerto Rico,Consumer
19303,19024,Caguas,PR,Puerto Rico,Consumer
19304,20013,Caguas,PR,Puerto Rico,Consumer
19305,16155,Caguas,PR,Puerto Rico,Consumer
19306,15163,Caguas,PR,Puerto Rico,Consumer
19307,19022,Caguas,PR,Puerto Rico,Consumer
19308,20191,Caguas,PR,Puerto Rico,Consumer
19309,20065,Caguas,PR,Puerto Rico,Consumer
19310,19777,Caguas,PR,Puerto Rico,Consumer
19311,17085,Caguas,PR,Puerto Rico,Consumer
19312,17821,Caguas,PR,Puerto Rico,Consumer
19313,5101,Caguas,PR,Puerto Rico,Consumer
19314,135,Caguas,PR,Puerto Rico,Consumer
19315,7325,Caguas,PR,Puerto Rico,Consumer
19316,2331,San Sebastian,PR,Puerto Rico,Consumer
19317,5141,Caguas,PR,Puerto Rico,Consumer
19318,7691,Caguas,PR,Puerto Rico,Consumer
19319,6128,Caguas,PR,Puerto Rico,Consumer
19320,12987,Caguas,PR,Puerto Rico,Consumer
19321,4895,Caguas,PR,Puerto Rico,Consumer
19322,13147,Caguas,PR,Puerto Rico,Consumer
19323,13093,Caguas,PR,Puerto Rico,Consumer
19324,12984,Caguas,PR,Puerto Rico,Consumer
19325,14482,Caguas,PR,Puerto Rico,Consumer
19326,13285,Caguas,PR,Puerto Rico,Consumer
19327,12997,Caguas,PR,Puerto Rico,Consumer
19328,13463,Caguas,PR,Puerto Rico,Consumer
19329,12793,Caguas,PR,Puerto Rico,Consumer
19330,13977,Caguas,PR,Puerto Rico,Consumer
19331,11944,Caguas,PR,Puerto Rico,Consumer
19332,12641,Caguas,PR,Puerto Rico,Consumer
19333,12479,Caguas,PR,Puerto Rico,Consumer
19334,13291,Caguas,PR,Puerto Rico,Consumer
19335,14069,Caguas,PR,Puerto Rico,Consumer
19336,14140,Caguas,PR,Puerto Rico,Consumer
19337,13121,Caguas,PR,Puerto Rico,Consumer
19338,9330,Caguas,PR,Puerto Rico,Consumer
19339,14035,Caguas,PR,Puerto Rico,Consumer
19340,13738,Caguas,PR,Puerto Rico,Consumer
19341,14917,Caguas,PR,Puerto Rico,Consumer
19342,12921,Caguas,PR,Puerto Rico,Consumer
19343,12918,Caguas,PR,Puerto Rico,Consumer
19344,13509,Caguas,PR,Puerto Rico,Consumer
19345,13344,Caguas,PR,Puerto Rico,Consumer
19346,14191,Bayamon,PR,Puerto Rico,Consumer
19347,14963,Caguas,PR,Puerto Rico,Consumer
19348,8022,Caguas,PR,Puerto Rico,Consumer
19349,18166,Caguas,PR,Puerto Rico,Consumer
19350,18355,Caguas,PR,Puerto Rico,Consumer
19351,17959,Caguas,PR,Puerto Rico,Consumer
19352,18307,Caguas,PR,Puerto Rico,Consumer
19353,18502,Caguas,PR,Puerto Rico,Consumer
19354,17886,Caguas,PR,Puerto Rico,Consumer
19355,15189,Caguas,PR,Puerto Rico,Consumer
19356,19114,Caguas,PR,Puerto Rico,Consumer
19357,19164,Caguas,PR,Puerto Rico,Consumer
19358,15916,Caguas,PR,Puerto Rico,Consumer
19359,17738,Caguas,PR,Puerto Rico,Consumer
19360,7341,Caguas,PR,Puerto Rico,Consumer
19361,15354,Caguas,PR,Puerto Rico,Consumer
19362,20045,Caguas,PR,Puerto Rico,Consumer
19363,16169,Caguas,PR,Puerto Rico,Consumer
19364,18999,Vega Baja,PR,Puerto Rico,Consumer
19365,18905,Caguas,PR,Puerto Rico,Consumer
19366,15683,Caguas,PR,Puerto Rico,Consumer
19367,15826,Caguas,PR,Puerto Rico,Consumer
19368,15892,Caguas,PR,Puerto Rico,Consumer
19369,18853,Caguas,PR,Puerto Rico,Consumer
19370,15759,Caguas,PR,Puerto Rico,Consumer
19371,15962,Caguas,PR,Puerto Rico,Consumer
19372,18328,Caguas,PR,Puerto Rico,Consumer
19373,18884,Caguas,PR,Puerto Rico,Consumer
19374,20701,Caguas,PR,Puerto Rico,Consumer
19375,19017,Caguas,PR,Puerto Rico,Consumer
19376,16252,Caguas,PR,Puerto Rico,Consumer
19377,16212,Caguas,PR,Puerto Rico,Consumer
19378,18635,Caguas,PR,Puerto Rico,Consumer
19379,17843,Caguas,PR,Puerto Rico,Consumer
19380,20083,Caguas,PR,Puerto Rico,Consumer
19381,19956,Caguas,PR,Puerto Rico,Consumer
19382,15685,Caguas,PR,Puerto Rico,Consumer
19383,17303,Caguas,PR,Puerto Rico,Consumer
19384,16192,Caguas,PR,Puerto Rico,Consumer
19385,14579,Caguas,PR,Puerto Rico,Consumer
19386,14551,Caguas,PR,Puerto Rico,Consumer
19387,13787,Caguas,PR,Puerto Rico,Consumer
19388,14694,Caguas,PR,Puerto Rico,Consumer
19389,14564,Caguas,PR,Puerto Rico,Consumer
19390,13786,Guaynabo,PR,Puerto Rico,Consumer
19391,12541,Caguas,PR,Puerto Rico,Consumer
19392,12538,Caguas,PR,Puerto Rico,Consumer
19393,12844,Caguas,PR,Puerto Rico,Consumer
19394,12897,Caguas,PR,Puerto Rico,Consumer
19395,15754,Caguas,PR,Puerto Rico,Consumer
19396,15968,Caguas,PR,Puerto Rico,Consumer
19397,17263,Caguas,PR,Puerto Rico,Consumer
19398,17055,Caguas,PR,Puerto Rico,Consumer
19399,16231,Caguas,PR,Puerto Rico,Consumer
19400,18226,Caguas,PR,Puerto Rico,Consumer
19401,19067,Caguas,PR,Puerto Rico,Consumer
19402,16562,Caguas,PR,Puerto Rico,Consumer
19403,18844,Caguas,PR,Puerto Rico,Consumer
19404,18806,Caguas,PR,Puerto Rico,Consumer
19405,18860,Caguas,PR,Puerto Rico,Consumer
19406,17453,Caguas,PR,Puerto Rico,Consumer
19407,17313,Caguas,PR,Puerto Rico,Consumer
19408,15442,Caguas,PR,Puerto Rico,Consumer
19409,15450,Caguas,PR,Puerto Rico,Consumer
19410,17831,Caguas,PR,Puerto Rico,Consumer
19411,18993,Caguas,PR,Puerto Rico,Consumer
19412,20103,Caguas,PR,Puerto Rico,Consumer
19413,15926,Caguas,PR,Puerto Rico,Consumer
19414,16080,Caguas,PR,Puerto Rico,Consumer
19415,5160,Caguas,PR,Puerto Rico,Consumer
19416,14447,Caguas,PR,Puerto Rico,Consumer
19417,14588,Caguas,PR,Puerto Rico,Consumer
19418,14476,Caguas,PR,Puerto Rico,Consumer
19419,13188,Caguas,PR,Puerto Rico,Consumer
19420,14723,Caguas,PR,Puerto Rico,Consumer
19421,14450,Caguas,PR,Puerto Rico,Consumer
19422,12967,Caguas,PR,Puerto Rico,Consumer
19423,14555,Caguas,PR,Puerto Rico,Consumer
19424,13158,Caguas,PR,Puerto Rico,Consumer
19425,13140,Caguas,PR,Puerto Rico,Consumer
19426,13408,Caguas,PR,Puerto Rico,Consumer
19427,12762,Caguas,PR,Puerto Rico,Consumer
19428,13823,Caguas,PR,Puerto Rico,Consumer
19429,14838,Caguas,PR,Puerto Rico,Consumer
19430,13549,Caguas,PR,Puerto Rico,Consumer
19431,13868,Caguas,PR,Puerto Rico,Consumer
19432,15034,Caguas,PR,Puerto Rico,Consumer
19433,12904,Caguas,PR,Puerto Rico,Consumer
19434,15098,Caguas,PR,Puerto Rico,Consumer
19435,15096,Caguas,PR,Puerto Rico,Consumer
19436,13091,Caguas,PR,Puerto Rico,Consumer
19437,14669,Caguas,PR,Puerto Rico,Consumer
19438,12704,Caguas,PR,Puerto Rico,Consumer
19439,12630,Caguas,PR,Puerto Rico,Consumer
19440,12543,Caguas,PR,Puerto Rico,Consumer
19441,13518,Caguas,PR,Puerto Rico,Consumer
19442,14767,San Sebastian,PR,Puerto Rico,Consumer
19443,5703,Caguas,PR,Puerto Rico,Consumer
19444,5649,Caguas,PR,Puerto Rico,Consumer
19445,322,Caguas,PR,Puerto Rico,Consumer
19446,7433,Caguas,PR,Puerto Rico,Consumer
19447,18700,Caguas,PR,Puerto Rico,Consumer
19448,18983,Caguas,PR,Puerto Rico,Consumer
19449,19833,Juana Diaz,PR,Puerto Rico,Consumer
19450,18157,Caguas,PR,Puerto Rico,Consumer
19451,16550,Caguas,PR,Puerto Rico,Consumer
19452,18770,Caguas,PR,Puerto Rico,Consumer
19453,15932,Caguas,PR,Puerto Rico,Consumer
19454,10660,Caguas,PR,Puerto Rico,Consumer
19455,20565,Caguas,PR,Puerto Rico,Consumer
19456,17637,Caguas,PR,Puerto Rico,Consumer
19457,18359,Caguas,PR,Puerto Rico,Consumer
19458,15663,Caguas,PR,Puerto Rico,Consumer
19459,15572,Caguas,PR,Puerto Rico,Consumer
19460,15570,Caguas,PR,Puerto Rico,Consumer
19461,18911,Caguas,PR,Puerto Rico,Consumer
19462,19950,Caguas,PR,Puerto Rico,Consumer
19463,19834,Caguas,PR,Puerto Rico,Consumer
19464,19960,Caguas,PR,Puerto Rico,Consumer
19465,15803,San Juan,PR,Puerto Rico,Consumer
19466,20680,Caguas,PR,Puerto Rico,Consumer
19467,17361,San Sebastian,PR,Puerto Rico,Consumer
19468,20386,Caguas,PR,Puerto Rico,Consumer
19469,16043,Caguas,PR,Puerto Rico,Consumer
19470,15541,Toa Baja,PR,Puerto Rico,Consumer
19471,16346,Caguas,PR,Puerto Rico,Consumer
19472,15154,Caguas,PR,Puerto Rico,Consumer
19473,20272,Caguas,PR,Puerto Rico,Consumer
19474,19945,Caguas,PR,Puerto Rico,Consumer
19475,17213,Caguas,PR,Puerto Rico,Consumer
19476,15739,Caguas,PR,Puerto Rico,Consumer
19477,15551,Caguas,PR,Puerto Rico,Consumer
19478,20174,Caguas,PR,Puerto Rico,Consumer
19479,6097,Caguas,PR,Puerto Rico,Consumer
19480,12386,Caguas,PR,Puerto Rico,Consumer
19481,13397,Caguas,PR,Puerto Rico,Consumer
19482,13152,Caguas,PR,Puerto Rico,Consumer
19483,13800,Caguas,PR,Puerto Rico,Consumer
19484,14706,Caguas,PR,Puerto Rico,Consumer
19485,12547,Caguas,PR,Puerto Rico,Consumer
19486,14311,Caguas,PR,Puerto Rico,Consumer
19487,13255,Carolina,PR,Puerto Rico,Consumer
19488,14425,Caguas,PR,Puerto Rico,Consumer
19489,14423,Caguas,PR,Puerto Rico,Consumer
19490,13282,Caguas,PR,Puerto Rico,Consumer
19491,13156,Caguas,PR,Puerto Rico,Consumer
19492,13007,Caguas,PR,Puerto Rico,Consumer
19493,13861,Caguas,PR,Puerto Rico,Consumer
19494,14897,Caguas,PR,Puerto Rico,Consumer
19495,13878,Caguas,PR,Puerto Rico,Consumer
19496,14804,Caguas,PR,Puerto Rico,Consumer
19497,13803,Caguas,PR,Puerto Rico,Consumer
19498,7689,Caguas,PR,Puerto Rico,Consumer
19499,12808,Caguas,PR,Puerto Rico,Consumer
19500,14921,Caguas,PR,Puerto Rico,Consumer
19501,13974,Caguas,PR,Puerto Rico,Consumer
19502,14027,Caguas,PR,Puerto Rico,Consumer
19503,14883,Caguas,PR,Puerto Rico,Consumer
19504,13917,Caguas,PR,Puerto Rico,Consumer
19505,14826,Caguas,PR,Puerto Rico,Consumer
19506,6519,Caguas,PR,Puerto Rico,Consumer
19507,12664,Caguas,PR,Puerto Rico,Consumer
19508,12644,Bayamon,PR,Puerto Rico,Consumer
19509,12715,Bayamon,PR,Puerto Rico,Consumer
19510,12886,Caguas,PR,Puerto Rico,Consumer
19511,14954,Caguas,PR,Puerto Rico,Consumer
19512,14952,Caguas,PR,Puerto Rico,Consumer
19513,14130,Caguas,PR,Puerto Rico,Consumer
19514,13452,Caguas,PR,Puerto Rico,Consumer
19515,13308,Caguas,PR,Puerto Rico,Consumer
19516,14127,Caguas,PR,Puerto Rico,Consumer
19517,13487,Caguas,PR,Puerto Rico,Consumer
19518,13449,Caguas,PR,Puerto Rico,Consumer
19519,14408,Caguas,PR,Puerto Rico,Consumer
19520,13322,Caguas,PR,Puerto Rico,Consumer
19521,13303,Caguas,PR,Puerto Rico,Consumer
19522,14658,Caguas,PR,Puerto Rico,Consumer
19523,13357,Caguas,PR,Puerto Rico,Consumer
19524,14123,Caguas,PR,Puerto Rico,Consumer
19525,13500,Caguas,PR,Puerto Rico,Consumer
19526,14104,Caguas,PR,Puerto Rico,Consumer
19527,14283,Caguas,PR,Puerto Rico,Consumer
19528,13103,Caguas,PR,Puerto Rico,Consumer
19529,14372,Caguas,PR,Puerto Rico,Consumer
19530,13154,Caguas,PR,Puerto Rico,Consumer
19531,14454,Caguas,PR,Puerto Rico,Consumer
19532,14452,Caguas,PR,Puerto Rico,Consumer
19533,14060,Caguas,PR,Puerto Rico,Consumer
19534,13915,Caguas,PR,Puerto Rico,Consumer
19535,13698,Caguas,PR,Puerto Rico,Consumer
19536,12797,Caguas,PR,Puerto Rico,Consumer
19537,14750,Caguas,PR,Puerto Rico,Consumer
19538,13728,Caguas,PR,Puerto Rico,Consumer
19539,14871,Caguas,PR,Puerto Rico,Consumer
19540,14869,Caguas,PR,Puerto Rico,Consumer
19541,14011,Caguas,PR,Puerto Rico,Consumer
19542,14867,Caguas,PR,Puerto Rico,Consumer
19543,12802,Caguas,PR,Puerto Rico,Consumer
19544,13900,Caguas,PR,Puerto Rico,Consumer
19545,12799,Caguas,PR,Puerto Rico,Consumer
19546,13952,Caguas,PR,Puerto Rico,Consumer
19547,14754,Caguas,PR,Puerto Rico,Consumer
19548,12449,Caguas,PR,Puerto Rico,Consumer
19549,12519,Caguas,PR,Puerto Rico,Consumer
19550,12643,Caguas,PR,Puerto Rico,Consumer
19551,12455,Caguas,PR,Puerto Rico,Consumer
19552,12868,Caguas,PR,Puerto Rico,Consumer
19553,15122,Caguas,PR,Puerto Rico,Consumer
19554,14977,Caguas,PR,Puerto Rico,Consumer
19555,15043,Caguas,PR,Puerto Rico,Consumer
19556,15131,Caguas,PR,Puerto Rico,Consumer
19557,12836,Caguas,PR,Puerto Rico,Consumer
19558,15072,Caguas,PR,Puerto Rico,Consumer
19559,12834,Caguas,PR,Puerto Rico,Consumer
19560,13417,Caguas,PR,Puerto Rico,Consumer
19561,14073,Caguas,PR,Puerto Rico,Consumer
19562,13375,Caguas,PR,Puerto Rico,Consumer
19563,14120,Caguas,PR,Puerto Rico,Consumer
19564,14858,San Juan,PR,Puerto Rico,Consumer
19565,14851,Caguas,PR,Puerto Rico,Consumer
19566,14760,Caguas,PR,Puerto Rico,Consumer
19567,13579,Caguas,PR,Puerto Rico,Consumer
19568,13847,Guaynabo,PR,Puerto Rico,Consumer
19569,14756,Caguas,PR,Puerto Rico,Consumer
19570,14937,Caguas,PR,Puerto Rico,Consumer
19571,14985,Caguas,PR,Puerto Rico,Consumer
19572,12888,Caguas,PR,Puerto Rico,Consumer
19573,593,Caguas,PR,Puerto Rico,Consumer
19574,5380,Caguas,PR,Puerto Rico,Consumer
19575,10714,Caguas,PR,Puerto Rico,Consumer
19576,2273,Caguas,PR,Puerto Rico,Consumer
19577,6712,Caguas,PR,Puerto Rico,Consumer
19578,4385,Caguas,PR,Puerto Rico,Consumer
19579,4389,Caguas,PR,Puerto Rico,Consumer
19580,18237,Caguas,PR,Puerto Rico,Consumer
19581,18212,Caguas,PR,Puerto Rico,Consumer
19582,18048,Caguas,PR,Puerto Rico,Consumer
19583,15730,Caguas,PR,Puerto Rico,Consumer
19584,15910,Caguas,PR,Puerto Rico,Consumer
19585,17642,Caguas,PR,Puerto Rico,Consumer
19586,18467,Caguas,PR,Puerto Rico,Consumer
19587,15356,Caguas,PR,Puerto Rico,Consumer
19588,18666,Caguas,PR,Puerto Rico,Consumer
19589,18909,Caguas,PR,Puerto Rico,Consumer
19590,20290,Caguas,PR,Puerto Rico,Consumer
19591,20324,Caguas,PR,Puerto Rico,Consumer
19592,19026,Caguas,PR,Puerto Rico,Consumer
19593,19795,Caguas,PR,Puerto Rico,Consumer
19594,18119,Caguas,PR,Puerto Rico,Consumer
19595,18063,Caguas,PR,Puerto Rico,Consumer
19596,18045,Rio Grande,PR,Puerto Rico,Consumer
19597,18197,Caguas,PR,Puerto Rico,Consumer
19598,16394,Caguas,PR,Puerto Rico,Consumer
19599,16528,Caguas,PR,Puerto Rico,Consumer
19600,15790,Caguas,PR,Puerto Rico,Consumer
19601,18804,Caguas,PR,Puerto Rico,Consumer
19602,15691,Caguas,PR,Puerto Rico,Consumer
19603,18739,Caguas,PR,Puerto Rico,Consumer
19604,16076,Caguas,PR,Puerto Rico,Consumer
19605,17291,Aguadilla,PR,Puerto Rico,Consumer
19606,20695,Caguas,PR,Puerto Rico,Consumer
19607,20605,Caguas,PR,Puerto Rico,Consumer
19608,16090,Caguas,PR,Puerto Rico,Consumer
19609,20640,Caguas,PR,Puerto Rico,Consumer
19610,18875,Caguas,PR,Puerto Rico,Consumer
19611,20603,Caguas,PR,Puerto Rico,Consumer
19612,18475,Caguas,PR,Puerto Rico,Consumer
19613,17447,Caguas,PR,Puerto Rico,Consumer
19614,17371,Caguas,PR,Puerto Rico,Consumer
19615,18469,Caguas,PR,Puerto Rico,Consumer
19616,18376,Arecibo,PR,Puerto Rico,Consumer
19617,18339,Caguas,PR,Puerto Rico,Consumer
19618,18017,Caguas,PR,Puerto Rico,Consumer
19619,17926,Caguas,PR,Puerto Rico,Consumer
19620,18664,Caguas,PR,Puerto Rico,Consumer
19621,15376,Caguas,PR,Puerto Rico,Consumer
19622,18735,Caguas,PR,Puerto Rico,Consumer
19623,15320,Caguas,PR,Puerto Rico,Consumer
19624,15298,Caguas,PR,Puerto Rico,Consumer
19625,15657,Caguas,PR,Puerto Rico,Consumer
19626,15495,Caguas,PR,Puerto Rico,Consumer
19627,15543,Caguas,PR,Puerto Rico,Consumer
19628,18668,Caguas,PR,Puerto Rico,Consumer
19629,15415,Caguas,PR,Puerto Rico,Consumer
19630,15343,Caguas,PR,Puerto Rico,Consumer
19631,17548,Caguas,PR,Puerto Rico,Consumer
19632,20314,Caguas,PR,Puerto Rico,Consumer
19633,16293,Caguas,PR,Puerto Rico,Consumer
19634,17224,Caguas,PR,Puerto Rico,Consumer
19635,17834,Caguas,PR,Puerto Rico,Consumer
19636,19878,Caguas,PR,Puerto Rico,Consumer
19637,20256,Caguas,PR,Puerto Rico,Consumer
19638,17222,Caguas,PR,Puerto Rico,Consumer
19639,16308,Caguas,PR,Puerto Rico,Consumer
19640,19769,Caguas,PR,Puerto Rico,Consumer
19641,20326,Caguas,PR,Puerto Rico,Consumer
19642,19894,Caguas,PR,Puerto Rico,Consumer
19643,20020,Caguas,PR,Puerto Rico,Consumer
19644,16270,Caguas,PR,Puerto Rico,Consumer
19645,17794,Caguas,PR,Puerto Rico,Consumer
19646,20361,Caguas,PR,Puerto Rico,Consumer
19647,20270,Caguas,PR,Puerto Rico,Consumer
19648,19028,Caguas,PR,Puerto Rico,Consumer
19649,16195,Caguas,PR,Puerto Rico,Consumer
19650,16159,Humacao,PR,Puerto Rico,Consumer
19651,20159,Caguas,PR,Puerto Rico,Consumer
19652,18600,Caguas,PR,Puerto Rico,Consumer
19653,15274,Caguas,PR,Puerto Rico,Consumer
19654,20015,Caguas,PR,Puerto Rico,Consumer
19655,17088,Caguas,PR,Puerto Rico,Consumer
19656,19887,Caguas,PR,Puerto Rico,Consumer
19657,16263,Caguas,PR,Puerto Rico,Consumer
19658,20120,Caguas,PR,Puerto Rico,Consumer
19659,18897,Caguas,PR,Puerto Rico,Consumer
19660,20209,Caguas,PR,Puerto Rico,Consumer
19661,18209,Caguas,PR,Puerto Rico,Consumer
19662,18204,Caguas,PR,Puerto Rico,Consumer
19663,18075,Caguas,PR,Puerto Rico,Consumer
19664,16430,Caguas,PR,Puerto Rico,Consumer
19665,19231,Caguas,PR,Puerto Rico,Consumer
19666,19227,Caguas,PR,Puerto Rico,Consumer
19667,19260,Caguas,PR,Puerto Rico,Consumer
19668,16584,Caguas,PR,Puerto Rico,Consumer
19669,19234,Caguas,PR,Puerto Rico,Consumer
19670,15898,Caguas,PR,Puerto Rico,Consumer
19671,15750,Caguas,PR,Puerto Rico,Consumer
19672,18814,Caguas,PR,Puerto Rico,Consumer
19673,18516,Caguas,PR,Puerto Rico,Consumer
19674,17272,Caguas,PR,Puerto Rico,Consumer
19675,17469,Caguas,PR,Puerto Rico,Consumer
19676,18371,Caguas,PR,Puerto Rico,Consumer
19677,18351,Caguas,PR,Puerto Rico,Consumer
19678,20530,Caguas,PR,Puerto Rico,Consumer
19679,20404,Caguas,PR,Puerto Rico,Consumer
19680,20656,Caguas,PR,Puerto Rico,Consumer
19681,20745,Caguas,PR,Puerto Rico,Consumer
19682,20528,Caguas,PR,Puerto Rico,Consumer
19683,20654,Caguas,PR,Puerto Rico,Consumer
19684,17694,Caguas,PR,Puerto Rico,Consumer
19685,18887,Caguas,PR,Puerto Rico,Consumer
19686,16084,Caguas,PR,Puerto Rico,Consumer
19687,17914,Caguas,PR,Puerto Rico,Consumer
19688,18290,Caguas,PR,Puerto Rico,Consumer
19689,17985,Caguas,PR,Puerto Rico,Consumer
19690,20434,Caguas,PR,Puerto Rico,Consumer
19691,17727,Caguas,PR,Puerto Rico,Consumer
19692,16027,Caguas,PR,Puerto Rico,Consumer
19693,17475,Caguas,PR,Puerto Rico,Consumer
19694,17259,Caguas,PR,Puerto Rico,Consumer
19695,17456,Caguas,PR,Puerto Rico,Consumer
19696,15989,Caguas,PR,Puerto Rico,Consumer
19697,16078,Caguas,PR,Puerto Rico,Consumer
19698,20753,Caguas,PR,Puerto Rico,Consumer
19699,15647,Caguas,PR,Puerto Rico,Consumer
19700,18718,Caguas,PR,Puerto Rico,Consumer
19701,15555,Caguas,PR,Puerto Rico,Consumer
19702,15627,Caguas,PR,Puerto Rico,Consumer
19703,15605,Caguas,PR,Puerto Rico,Consumer
19704,15388,Caguas,PR,Puerto Rico,Consumer
19705,15315,Caguas,PR,Puerto Rico,Consumer
19706,15382,Caguas,PR,Puerto Rico,Consumer
19707,15632,Caguas,PR,Puerto Rico,Consumer
19708,15451,Rio Grande,PR,Puerto Rico,Consumer
19709,15360,Caguas,PR,Puerto Rico,Consumer
19710,17540,Caguas,PR,Puerto Rico,Consumer
19711,17568,Caguas,PR,Puerto Rico,Consumer
19712,17604,Caguas,PR,Puerto Rico,Consumer
19713,16151,Caguas,PR,Puerto Rico,Consumer
19714,17190,Caguas,PR,Puerto Rico,Consumer
19715,17765,Caguas,PR,Puerto Rico,Consumer
19716,15176,Caguas,PR,Puerto Rico,Consumer
19717,17099,Caguas,PR,Puerto Rico,Consumer
19718,16167,Caguas,PR,Puerto Rico,Consumer
19719,17241,Caguas,PR,Puerto Rico,Consumer
19720,15282,Caguas,PR,Puerto Rico,Consumer
19721,15246,Caguas,PR,Puerto Rico,Consumer
19722,16201,Caguas,PR,Puerto Rico,Consumer
19723,18960,Caguas,PR,Puerto Rico,Consumer
19724,18924,Caguas,PR,Puerto Rico,Consumer
19725,18570,Caguas,PR,Puerto Rico,Consumer
19726,16376,Caguas,PR,Puerto Rico,Consumer
19727,19909,Caguas,PR,Puerto Rico,Consumer
19728,20268,Caguas,PR,Puerto Rico,Consumer
19729,20340,Caguas,PR,Puerto Rico,Consumer
19730,17252,Caguas,PR,Puerto Rico,Consumer
19731,17233,Caguas,PR,Puerto Rico,Consumer
19732,18934,Caguas,PR,Puerto Rico,Consumer
19733,17231,Caguas,PR,Puerto Rico,Consumer
19734,19005,Caguas,PR,Puerto Rico,Consumer
19735,17158,Caguas,PR,Puerto Rico,Consumer
19736,17211,Caguas,PR,Puerto Rico,Consumer
19737,19885,Caguas,PR,Puerto Rico,Consumer
19738,18541,Caguas,PR,Puerto Rico,Consumer
19739,15179,Caguas,PR,Puerto Rico,Consumer
19740,18232,Caguas,PR,Puerto Rico,Consumer
19741,18838,Caguas,PR,Puerto Rico,Consumer
19742,20642,Caguas,PR,Puerto Rico,Consumer
19743,18369,Caguas,PR,Puerto Rico,Consumer
19744,17690,Caguas,PR,Puerto Rico,Consumer
19745,15409,Caguas,PR,Puerto Rico,Consumer
19746,15636,Caguas,PR,Puerto Rico,Consumer
19747,17624,Guaynabo,PR,Puerto Rico,Consumer
19748,17620,Caguas,PR,Puerto Rico,Consumer
19749,17561,Caguas,PR,Puerto Rico,Consumer
19750,16188,Caguas,PR,Puerto Rico,Consumer
19751,15263,Caguas,PR,Puerto Rico,Consumer
19752,18957,Caguas,PR,Puerto Rico,Consumer
19753,20161,Caguas,PR,Puerto Rico,Consumer
19754,20106,Caguas,PR,Puerto Rico,Consumer
19755,7494,Caguas,PR,Puerto Rico,Consumer
19756,832,Caguas,PR,Puerto Rico,Consumer
19757,5258,Caguas,PR,Puerto Rico,Consumer
19758,1319,Caguas,PR,Puerto Rico,Consumer
19759,668,Peoria,AZ,EE. UU.,Home Office
19760,8783,Buena Park,CA,EE. UU.,Home Office
19761,12506,Los Angeles,CA,EE. UU.,Home Office
19762,12467,Albuquerque,NM,EE. UU.,Home Office
19763,12725,Morristown,NJ,EE. UU.,Home Office
19764,12617,Irwin,PA,EE. UU.,Home Office
19765,12507,Philadelphia,PA,EE. UU.,Home Office
19766,12867,Columbus,OH,EE. UU.,Home Office
19767,15049,Chicago,IL,EE. UU.,Home Office
19768,12914,Plainfield,IL,EE. UU.,Home Office
19769,12877,Brooklyn,NY,EE. UU.,Home Office
19770,12925,Portland,OR,EE. UU.,Home Office
19771,15053,Santa Ana,CA,EE. UU.,Home Office
19772,14532,Bronx,NY,EE. UU.,Home Office
19773,14492,Chicago Heights,IL,EE. UU.,Home Office
19774,14654,Escondido,CA,EE. UU.,Home Office
19775,13100,Holland,MI,EE. UU.,Home Office
19776,13333,Aurora,IL,EE. UU.,Home Office
19777,14735,Phoenix,AZ,EE. UU.,Home Office
19778,14821,Costa Mesa,CA,EE. UU.,Home Office
19779,13864,Frankfort,KY,EE. UU.,Home Office
19780,13898,Los Angeles,CA,EE. UU.,Home Office
19781,12740,New Haven,CT,EE. UU.,Home Office
19782,12678,Mililani,HI,EE. UU.,Home Office
19783,12615,Los Angeles,CA,EE. UU.,Home Office
19784,3588,La Mesa,CA,EE. UU.,Home Office
19785,10054,Chicago,IL,EE. UU.,Home Office
19786,12395,Provo,UT,EE. UU.,Home Office
19787,2280,Portland,OR,EE. UU.,Home Office
19788,7592,Detroit,MI,EE. UU.,Home Office
19789,3777,Los Angeles,CA,EE. UU.,Home Office
19790,7264,Fresno,CA,EE. UU.,Home Office
19791,6091,Massillon,OH,EE. UU.,Home Office
19792,8223,Warren,MI,EE. UU.,Home Office
19793,11994,Madison,WI,EE. UU.,Home Office
19794,18198,Chicago,IL,EE. UU.,Home Office
19795,18178,Lynwood,CA,EE. UU.,Home Office
19796,19251,Los Angeles,CA,EE. UU.,Home Office
19797,19107,Los Angeles,CA,EE. UU.,Home Office
19798,16575,Antioch,CA,EE. UU.,Home Office
19799,16521,Panorama City,CA,EE. UU.,Home Office
19800,16610,San Francisco,CA,EE. UU.,Home Office
19801,19172,Wheaton,IL,EE. UU.,Home Office
19802,15751,Woodbridge,VA,EE. UU.,Home Office
19803,18859,El Paso,TX,EE. UU.,Home Office
19804,18803,Tempe,AZ,EE. UU.,Home Office
19805,18802,Brooklyn,NY,EE. UU.,Home Office
19806,15800,Martinez,CA,EE. UU.,Home Office
19807,15852,Houston,TX,EE. UU.,Home Office
19808,15723,Kailua,HI,EE. UU.,Home Office
19809,1683,Dallas,TX,EE. UU.,Home Office
19810,4287,Bakersfield,CA,EE. UU.,Home Office
19811,20392,Sylmar,CA,EE. UU.,Home Office
19812,17363,Malden,MA,EE. UU.,Home Office
19813,17345,Weslaco,TX,EE. UU.,Home Office
19814,2432,Albuquerque,NM,EE. UU.,Home Office
19815,18368,Taunton,MA,EE. UU.,Home Office
19816,15963,Hesperia,CA,EE. UU.,Home Office
19817,16071,San Jose,CA,EE. UU.,Home Office
19818,20620,Bristol,CT,EE. UU.,Home Office
19819,18383,Lynn,MA,EE. UU.,Home Office
19820,18310,Pawtucket,RI,EE. UU.,Home Office
19821,20437,Chesapeake,VA,EE. UU.,Home Office
19822,18309,Bronx,NY,EE. UU.,Home Office
19823,20724,Waukegan,IL,EE. UU.,Home Office
19824,17280,New York,NY,EE. UU.,Home Office
19825,16046,Stafford,VA,EE. UU.,Home Office
19826,17279,Los Angeles,CA,EE. UU.,Home Office
19827,20668,Warren,MI,EE. UU.,Home Office
19828,20505,Philadelphia,PA,EE. UU.,Home Office
19829,20666,El Paso,TX,EE. UU.,Home Office
19830,17744,Gilroy,CA,EE. UU.,Home Office
19831,20630,Los Angeles,CA,EE. UU.,Home Office
19832,17474,Moline,IL,EE. UU.,Home Office
19833,20502,Las Vegas,NV,EE. UU.,Home Office
19834,17945,Mission Viejo,CA,EE. UU.,Home Office
19835,18016,Chicago,IL,EE. UU.,Home Office
19836,15557,Los Angeles,CA,EE. UU.,Home Office
19837,18661,Laredo,TX,EE. UU.,Home Office
19838,15480,Colorado Springs,CO,EE. UU.,Home Office
19839,15406,Brownsville,TX,EE. UU.,Home Office
19840,18712,Philadelphia,PA,EE. UU.,Home Office
19841,15313,Toms River,NJ,EE. UU.,Home Office
19842,15385,Philadelphia,PA,EE. UU.,Home Office
19843,15492,Philadelphia,PA,EE. UU.,Home Office
19844,18667,Bronx,NY,EE. UU.,Home Office
19845,9959,Opelousas,LA,EE. UU.,Home Office
19846,8561,Tucson,AZ,EE. UU.,Home Office
19847,17539,Tampa,FL,EE. UU.,Home Office
19848,17615,Brooklyn,NY,EE. UU.,Home Office
19849,18540,San Jose,CA,EE. UU.,Home Office
19850,19973,San Ramon,CA,EE. UU.,Home Office
19851,16187,Jersey City,NJ,EE. UU.,Home Office
19852,19828,West Covina,CA,EE. UU.,Home Office
19853,17100,La Crosse,WI,EE. UU.,Home Office
19854,17764,Valrico,FL,EE. UU.,Home Office
19855,15230,Pittsburg,CA,EE. UU.,Home Office
19856,16095,Philadelphia,PA,EE. UU.,Home Office
19857,20203,Santa Fe,NM,EE. UU.,Home Office
19858,17869,Stockbridge,GA,EE. UU.,Home Office
19859,20003,Asheboro,NC,EE. UU.,Home Office
19860,16307,Joliet,IL,EE. UU.,Home Office
19861,18923,Los Angeles,CA,EE. UU.,Home Office
19862,16217,Hamtramck,MI,EE. UU.,Home Office
19863,18532,Antioch,CA,EE. UU.,Home Office
19864,18975,Portland,OR,EE. UU.,Home Office
19865,19982,Porterville,CA,EE. UU.,Home Office
19866,15205,Honolulu,HI,EE. UU.,Home Office
19867,19910,San Antonio,TX,EE. UU.,Home Office
19868,20252,Chula Vista,CA,EE. UU.,Home Office
19869,16142,Columbus,OH,EE. UU.,Home Office
19870,17217,Westminster,CA,EE. UU.,Home Office
19871,20341,San Diego,CA,EE. UU.,Home Office
19872,19872,Chicago,IL,EE. UU.,Home Office
19873,19871,Chicago,IL,EE. UU.,Home Office
19874,16140,Chandler,AZ,EE. UU.,Home Office
19875,19008,Walnut,CA,EE. UU.,Home Office
19876,17197,Los Angeles,CA,EE. UU.,Home Office
19877,17771,Long Beach,CA,EE. UU.,Home Office
19878,16283,Columbia,MO,EE. UU.,Home Office
19879,17106,Hamilton,OH,EE. UU.,Home Office
19880,16102,Princeton,NJ,EE. UU.,Home Office
19881,20247,Roswell,NM,EE. UU.,Home Office
19882,19869,Wayne,NJ,EE. UU.,Home Office
19883,19923,San Antonio,TX,EE. UU.,Home Office
19884,15164,Miami,FL,EE. UU.,Home Office
19885,17769,Crystal Lake,IL,EE. UU.,Home Office
19886,16245,Lakewood,NJ,EE. UU.,Home Office
19887,18969,North Las Vegas,NV,EE. UU.,Home Office
19888,16227,Levittown,NY,EE. UU.,Home Office
19889,17140,Fullerton,CA,EE. UU.,Home Office
19890,18968,Albuquerque,NM,EE. UU.,Home Office
19891,17193,Irving,TX,EE. UU.,Home Office
19892,20208,Pomona,CA,EE. UU.,Home Office
19893,16598,Brooklyn,NY,EE. UU.,Home Office
19894,15855,Flushing,NY,EE. UU.,Home Office
19895,18817,Columbia,MO,EE. UU.,Home Office
19896,20583,Cypress,CA,EE. UU.,Home Office
19897,18382,Chicago,IL,EE. UU.,Home Office
19898,17401,Baytown,TX,EE. UU.,Home Office
19899,15327,Lake Forest,CA,EE. UU.,Home Office
19900,17617,Bensalem,PA,EE. UU.,Home Office
19901,20206,Orange Park,FL,EE. UU.,Home Office
19902,17873,Sugar Land,TX,EE. UU.,Home Office
19903,17763,Chicago,IL,EE. UU.,Home Office
19904,17169,Los Angeles,CA,EE. UU.,Home Office
19905,20183,Brooklyn,NY,EE. UU.,Home Office
19906,17216,Los Angeles,CA,EE. UU.,Home Office
19907,19907,Carmichael,CA,EE. UU.,Home Office
19908,78,Parkville,MD,EE. UU.,Home Office
19909,12078,Moline,IL,EE. UU.,Home Office
19910,8945,San Jose,CA,EE. UU.,Home Office
19911,1287,Methuen,MA,EE. UU.,Home Office
19912,2226,Phoenix,AZ,EE. UU.,Home Office
19913,14683,Laredo,TX,EE. UU.,Home Office
19914,13219,Broomfield,CO,EE. UU.,Home Office
19915,13146,Seattle,WA,EE. UU.,Home Office
19916,13272,Dearborn,MI,EE. UU.,Home Office
19917,13290,Del Rio,TX,EE. UU.,Home Office
19918,14497,Memphis,TN,EE. UU.,Home Office
19919,14407,Seattle,WA,EE. UU.,Home Office
19920,13211,College Station,TX,EE. UU.,Home Office
19921,14920,Apex,NC,EE. UU.,Home Office
19922,14043,Piscataway,NJ,EE. UU.,Home Office
19923,14845,Chicago,IL,EE. UU.,Home Office
19924,12465,Fort Worth,TX,EE. UU.,Home Office
19925,12462,Glenview,IL,EE. UU.,Home Office
19926,12478,Duluth,GA,EE. UU.,Home Office
19927,9983,North Hollywood,CA,EE. UU.,Home Office
19928,20493,Modesto,CA,EE. UU.,Home Office
19929,15424,Folsom,CA,EE. UU.,Home Office
19930,19015,Chillicothe,OH,EE. UU.,Home Office
19931,17895,Wichita,KS,EE. UU.,Home Office
19932,16498,Oceanside,CA,EE. UU.,Home Office
19933,19127,Aurora,CO,EE. UU.,Home Office
19934,15749,Ballwin,MO,EE. UU.,Home Office
19935,20587,Milford,CT,EE. UU.,Home Office
19936,17735,Hanover,PA,EE. UU.,Home Office
19937,17355,Antioch,CA,EE. UU.,Home Office
19938,15977,Atlanta,GA,EE. UU.,Home Office
19939,18679,Union City,CA,EE. UU.,Home Office
19940,15403,Hollywood,FL,EE. UU.,Home Office
19941,18690,Del Rio,TX,EE. UU.,Home Office
19942,17543,Philadelphia,PA,EE. UU.,Home Office
19943,17850,Chicago,IL,EE. UU.,Home Office
19944,19010,Winnetka,CA,EE. UU.,Home Office
19945,19817,Dubuque,IA,EE. UU.,Home Office
19946,20032,Austin,TX,EE. UU.,Home Office
19947,19905,San Antonio,TX,EE. UU.,Home Office
19948,20082,Newark,NJ,EE. UU.,Home Office
19949,8131,Massapequa,NY,EE. UU.,Home Office
19950,6124,Houston,TX,EE. UU.,Home Office
19951,19274,Glendale,AZ,EE. UU.,Home Office
19952,16470,Fontana,CA,EE. UU.,Home Office
19953,17708,Simi Valley,CA,EE. UU.,Home Office
19954,18863,Greeley,CO,EE. UU.,Home Office
19955,20009,Brooklyn,NY,EE. UU.,Home Office
19956,16381,Portland,OR,EE. UU.,Home Office
19957,17200,Troy,MI,EE. UU.,Home Office
19958,17199,San Marcos,CA,EE. UU.,Home Office
19959,20334,Dallas,TX,EE. UU.,Home Office
19960,14558,Victorville,CA,EE. UU.,Home Office
19961,12966,Newark,NJ,EE. UU.,Home Office
19962,13047,El Cajon,CA,EE. UU.,Home Office
19963,14353,Moreno Valley,CA,EE. UU.,Home Office
19964,14668,Louisville,KY,EE. UU.,Home Office
19965,14771,Riverside,CA,EE. UU.,Home Office
19966,13894,Philadelphia,PA,EE. UU.,Home Office
19967,14906,Los Angeles,CA,EE. UU.,Home Office
19968,12612,Dundalk,MD,EE. UU.,Home Office
19969,12476,Long Beach,CA,EE. UU.,Home Office
19970,12902,Bronx,NY,EE. UU.,Home Office
19971,19819,Columbus,OH,EE. UU.,Home Office
19972,18187,West Jordan,UT,EE. UU.,Home Office
19973,18184,Chicago,IL,EE. UU.,Home Office
19974,16443,Murfreesboro,TN,EE. UU.,Home Office
19975,16442,Clementon,NJ,EE. UU.,Home Office
19976,16565,Brooklyn,NY,EE. UU.,Home Office
19977,16527,New York,NY,EE. UU.,Home Office
19978,18776,Kent,WA,EE. UU.,Home Office
19979,15774,Taunton,MA,EE. UU.,Home Office
19980,20518,Los Angeles,CA,EE. UU.,Home Office
19981,17739,New York,NY,EE. UU.,Home Office
19982,15930,Montebello,CA,EE. UU.,Home Office
19983,20569,Jackson Heights,NY,EE. UU.,Home Office
19984,20387,Santee,CA,EE. UU.,Home Office
19985,15979,Reseda,CA,EE. UU.,Home Office
19986,17929,Honolulu,HI,EE. UU.,Home Office
19987,15310,Los Angeles,CA,EE. UU.,Home Office
19988,17838,Memphis,TN,EE. UU.,Home Office
19989,16185,San Bernardino,CA,EE. UU.,Home Office
19990,16131,Portland,OR,EE. UU.,Home Office
19991,19860,South Ozone Park,NY,EE. UU.,Home Office
19992,18624,Pomona,CA,EE. UU.,Home Office
19993,19821,Chicago,IL,EE. UU.,Home Office
19994,20251,Houston,TX,EE. UU.,Home Office
19995,16105,San Bernardino,CA,EE. UU.,Home Office
19996,17161,Annandale,VA,EE. UU.,Home Office
19997,18932,Oceanside,CA,EE. UU.,Home Office
19998,20118,Dayton,OH,EE. UU.,Home Office
19999,10465,San Diego,CA,EE. UU.,Home Office
20000,13030,Lynnwood,WA,EE. UU.,Home Office
20001,12677,Hamilton,OH,EE. UU.,Home Office
20002,15051,Garden Grove,CA,EE. UU.,Home Office
20003,12985,Sugar Land,TX,EE. UU.,Home Office
20004,14290,Folsom,CA,EE. UU.,Home Office
20005,14397,Cleveland,OH,EE. UU.,Home Office
20006,14375,Tracy,CA,EE. UU.,Home Office
20007,13336,Holland,MI,EE. UU.,Home Office
20008,14174,Detroit,MI,EE. UU.,Home Office
20009,14335,Norfolk,VA,EE. UU.,Home Office
20010,14689,Memphis,TN,EE. UU.,Home Office
20011,14206,Philadelphia,PA,EE. UU.,Home Office
20012,13169,Amarillo,TX,EE. UU.,Home Office
20013,13717,Modesto,CA,EE. UU.,Home Office
20014,14716,Portland,OR,EE. UU.,Home Office
20015,14021,Dubuque,IA,EE. UU.,Home Office
20016,14019,Sugar Land,TX,EE. UU.,Home Office
20017,13851,Long Beach,CA,EE. UU.,Home Office
20018,13923,Virginia Beach,VA,EE. UU.,Home Office
20019,13616,Wyandotte,MI,EE. UU.,Home Office
20020,13614,Hialeah,FL,EE. UU.,Home Office
20021,14901,Diamond Bar,CA,EE. UU.,Home Office
20022,13630,Riverside,CA,EE. UU.,Home Office
20023,14008,Yuma,AZ,EE. UU.,Home Office
20024,12734,Chicago,IL,EE. UU.,Home Office
20025,12514,Parkville,MD,EE. UU.,Home Office
20026,12710,San Antonio,TX,EE. UU.,Home Office
20027,12673,San Jose,CA,EE. UU.,Home Office
20028,12489,Roswell,GA,EE. UU.,Home Office
20029,12938,South Richmond Hill,NY,EE. UU.,Home Office
20030,15047,South Richmond Hill,NY,EE. UU.,Home Office
20031,15062,Oceanside,CA,EE. UU.,Home Office
20032,12876,Brooklyn,NY,EE. UU.,Home Office
20033,12869,Las Vegas,NV,EE. UU.,Home Office
20034,3108,Houston,TX,EE. UU.,Home Office
20035,18056,Augusta,GA,EE. UU.,Home Office
20036,18015,Hampton,VA,EE. UU.,Home Office
20037,20498,La Mesa,CA,EE. UU.,Home Office
20038,20388,Dearborn,MI,EE. UU.,Home Office
20039,20521,Bakersfield,CA,EE. UU.,Home Office
20040,19838,Santa Cruz,CA,EE. UU.,Home Office
20041,20342,Honolulu,HI,EE. UU.,Home Office
20042,17898,Atlanta,GA,EE. UU.,Home Office
20043,18208,Middletown,OH,EE. UU.,Home Office
20044,18136,Las Cruces,NM,EE. UU.,Home Office
20045,18099,Elk Grove,CA,EE. UU.,Home Office
20046,18035,San Diego,CA,EE. UU.,Home Office
20047,17901,Marietta,GA,EE. UU.,Home Office
20048,19123,Brockton,MA,EE. UU.,Home Office
20049,16552,Elgin,IL,EE. UU.,Home Office
20050,16623,Augusta,GA,EE. UU.,Home Office
20051,16533,Aurora,CO,EE. UU.,Home Office
20052,16586,Madera,CA,EE. UU.,Home Office
20053,19208,Miami,FL,EE. UU.,Home Office
20054,19170,Hamilton,OH,EE. UU.,Home Office
20055,16422,Ewa Beach,HI,EE. UU.,Home Office
20056,19096,Bronx,NY,EE. UU.,Home Office
20057,19042,Roswell,GA,EE. UU.,Home Office
20058,16491,Levittown,NY,EE. UU.,Home Office
20059,19252,Beloit,WI,EE. UU.,Home Office
20060,18836,Upland,CA,EE. UU.,Home Office
20061,15851,Daly City,CA,EE. UU.,Home Office
20062,15725,Rialto,CA,EE. UU.,Home Office
20063,15901,Santa Clara,CA,EE. UU.,Home Office
20064,17488,Honolulu,HI,EE. UU.,Home Office
20065,17289,Bronx,NY,EE. UU.,Home Office
20066,20585,Miami,FL,EE. UU.,Home Office
20067,18366,Brooklyn,NY,EE. UU.,Home Office
20068,20619,Littleton,CO,EE. UU.,Home Office
20069,20439,Reseda,CA,EE. UU.,Home Office
20070,17732,Honolulu,HI,EE. UU.,Home Office
20071,17731,Elyria,OH,EE. UU.,Home Office
20072,17426,Phoenix,AZ,EE. UU.,Home Office
20073,18507,Wheeling,WV,EE. UU.,Home Office
20074,20598,San Antonio,TX,EE. UU.,Home Office
20075,18379,San Diego,CA,EE. UU.,Home Office
20076,18505,Augusta,GA,EE. UU.,Home Office
20077,16045,Hollywood,FL,EE. UU.,Home Office
20078,20504,Hesperia,CA,EE. UU.,Home Office
20079,16007,Harlingen,TX,EE. UU.,Home Office
20080,17706,Bensalem,PA,EE. UU.,Home Office
20081,17346,West Orange,NJ,EE. UU.,Home Office
20082,15556,Denver,CO,EE. UU.,Home Office
20083,15465,Winnetka,CA,EE. UU.,Home Office
20084,15429,Atlanta,GA,EE. UU.,Home Office
20085,18658,Elgin,IL,EE. UU.,Home Office
20086,18724,Dearborn,MI,EE. UU.,Home Office
20087,15558,Augusta,GA,EE. UU.,Home Office
20088,16098,Troy,NY,EE. UU.,Home Office
20089,17065,Lockport,NY,EE. UU.,Home Office
20090,17874,Greenville,NC,EE. UU.,Home Office
20091,18612,New York,NY,EE. UU.,Home Office
20092,19883,Tempe,AZ,EE. UU.,Home Office
20093,15231,Salinas,CA,EE. UU.,Home Office
20094,16096,Del Rio,TX,EE. UU.,Home Office
20095,17800,Fremont,CA,EE. UU.,Home Office
20096,16094,Huntington Beach,CA,EE. UU.,Home Office
20097,20184,Grand Prairie,TX,EE. UU.,Home Office
20098,16272,Chesapeake,VA,EE. UU.,Home Office
20099,15208,San Bernardino,CA,EE. UU.,Home Office
20100,15279,Sugar Land,TX,EE. UU.,Home Office
20101,19912,Summerville,SC,EE. UU.,Home Office
20102,17148,Lakewood,NJ,EE. UU.,Home Office
20103,16144,Westerville,OH,EE. UU.,Home Office
20104,15206,Fremont,CA,EE. UU.,Home Office
20105,16162,Simi Valley,CA,EE. UU.,Home Office
20106,17866,Chapel Hill,NC,EE. UU.,Home Office
20107,20234,Salinas,CA,EE. UU.,Home Office
20108,16305,Los Angeles,CA,EE. UU.,Home Office
20109,19856,New Haven,CT,EE. UU.,Home Office
20110,16286,El Paso,TX,EE. UU.,Home Office
20111,18920,Aurora,CO,EE. UU.,Home Office
20112,16196,Pico Rivera,CA,EE. UU.,Home Office
20113,18918,Miami,FL,EE. UU.,Home Office
20114,20033,Los Angeles,CA,EE. UU.,Home Office
20115,20087,Bronx,NY,EE. UU.,Home Office
20116,16157,Mount Pleasant,MI,EE. UU.,Home Office
20117,16228,Garden Grove,CA,EE. UU.,Home Office
20118,17105,Lansdale,PA,EE. UU.,Home Office
20119,16226,Powder Springs,GA,EE. UU.,Home Office
20120,19776,Wheeling,WV,EE. UU.,Home Office
20121,17785,Longmont,CO,EE. UU.,Home Office
20122,17138,Elgin,IL,EE. UU.,Home Office
20123,20226,Morrisville,PA,EE. UU.,Home Office
20124,2178,Grove City,OH,EE. UU.,Home Office
20125,2849,Houston,TX,EE. UU.,Home Office
20126,14945,Tampa,FL,EE. UU.,Home Office
20127,13327,Beaverton,OR,EE. UU.,Home Office
20128,13545,Marrero,LA,EE. UU.,Home Office
20129,12556,Bronx,NY,EE. UU.,Home Office
20130,12474,Opelousas,LA,EE. UU.,Home Office
20131,15055,Warren,MI,EE. UU.,Home Office
20132,13434,Anaheim,CA,EE. UU.,Home Office
20133,13218,Dallas,TX,EE. UU.,Home Office
20134,14571,El Centro,CA,EE. UU.,Home Office
20135,14394,Lancaster,PA,EE. UU.,Home Office
20136,13372,Winnetka,CA,EE. UU.,Home Office
20137,13942,Hagerstown,MD,EE. UU.,Home Office
20138,13941,Santa Ana,CA,EE. UU.,Home Office
20139,14044,Fort Lauderdale,FL,EE. UU.,Home Office
20140,5517,Bloomfield,NJ,EE. UU.,Home Office
20141,12464,Longview,WA,EE. UU.,Home Office
20142,13015,New Orleans,LA,EE. UU.,Home Office
20143,19889,New Haven,CT,EE. UU.,Home Office
20144,19102,Eugene,OR,EE. UU.,Home Office
20145,16474,Waukegan,IL,EE. UU.,Home Office
20146,19255,Los Angeles,CA,EE. UU.,Home Office
20147,17955,Houston,TX,EE. UU.,Home Office
20148,15920,Bay Shore,NY,EE. UU.,Home Office
20149,20397,Carlsbad,CA,EE. UU.,Home Office
20150,18680,Pompano Beach,FL,EE. UU.,Home Office
20151,17555,Chicago,IL,EE. UU.,Home Office
20152,20150,Paramount,CA,EE. UU.,Home Office
20153,15224,Las Vegas,NV,EE. UU.,Home Office
20154,19169,Antioch,CA,EE. UU.,Home Office
20155,19256,Hialeah,FL,EE. UU.,Home Office
20156,16576,Hamilton,OH,EE. UU.,Home Office
20157,15769,East Lansing,MI,EE. UU.,Home Office
20158,17720,Philadelphia,PA,EE. UU.,Home Office
20159,20748,Bronx,NY,EE. UU.,Home Office
20160,17265,Albuquerque,NM,EE. UU.,Home Office
20161,20152,Bend,OR,EE. UU.,Home Office
20162,19888,New York,NY,EE. UU.,Home Office
20163,17179,Tucson,AZ,EE. UU.,Home Office
20164,519,Ogden,UT,EE. UU.,Home Office
20165,6821,Los Angeles,CA,EE. UU.,Home Office
20166,13102,Orange Park,FL,EE. UU.,Home Office
20167,14195,Astoria,NY,EE. UU.,Home Office
20168,14567,Annandale,VA,EE. UU.,Home Office
20169,13841,Strongsville,OH,EE. UU.,Home Office
20170,13934,Houston,TX,EE. UU.,Home Office
20171,12624,Los Angeles,CA,EE. UU.,Home Office
20172,16232,Pompano Beach,FL,EE. UU.,Home Office
20173,20508,Bronx,NY,EE. UU.,Home Office
20174,15422,Chicago,IL,EE. UU.,Home Office
20175,17596,Merced,CA,EE. UU.,Home Office
20176,16538,Marrero,LA,EE. UU.,Home Office
20177,16471,Dallas,TX,EE. UU.,Home Office
20178,18805,Mentor,OH,EE. UU.,Home Office
20179,17524,Reynoldsburg,OH,EE. UU.,Home Office
20180,20532,San Jose,CA,EE. UU.,Home Office
20181,20511,Tempe,AZ,EE. UU.,Home Office
20182,1370,Highland Park,MI,EE. UU.,Home Office
20183,17594,Amarillo,TX,EE. UU.,Home Office
20184,17028,Greeley,CO,EE. UU.,Home Office
20185,20335,Broomfield,CO,EE. UU.,Home Office
20186,18861,Bakersfield,CA,EE. UU.,Home Office
20187,13870,Loveland,OH,EE. UU.,Home Office
20188,13070,Riverside,CA,EE. UU.,Home Office
20189,14366,Saint Paul,MN,EE. UU.,Home Office
20190,13653,Chicago,IL,EE. UU.,Home Office
20191,12602,Florissant,MO,EE. UU.,Home Office
20192,15120,Fort Lauderdale,FL,EE. UU.,Home Office
20193,15028,San Marcos,TX,EE. UU.,Home Office
20194,13271,Santee,CA,EE. UU.,Home Office
20195,14086,Princeton,NJ,EE. UU.,Home Office
20196,14005,San Diego,CA,EE. UU.,Home Office
20197,13666,Ventura,CA,EE. UU.,Home Office
20198,12599,Rio Rancho,NM,EE. UU.,Home Office
20199,12473,Norfolk,VA,EE. UU.,Home Office
20200,13535,Washington,DC,EE. UU.,Home Office
20201,13930,Bend,OR,EE. UU.,Home Office
20202,16130,Dearborn,MI,EE. UU.,Home Office
20203,18186,Virginia Beach,VA,EE. UU.,Home Office
20204,16566,Williamsport,PA,EE. UU.,Home Office
20205,17397,Columbus,OH,EE. UU.,Home Office
20206,17635,Livermore,CA,EE. UU.,Home Office
20207,15550,Billings,MT,EE. UU.,Home Office
20208,18656,Oceanside,CA,EE. UU.,Home Office
20209,18654,Lutz,FL,EE. UU.,Home Office
20210,16368,Asheboro,NC,EE. UU.,Home Office
20211,19773,Columbus,OH,EE. UU.,Home Office
20212,18926,Orlando,FL,EE. UU.,Home Office
20213,19034,Pacoima,CA,EE. UU.,Home Office
20214,16184,Lake Forest,CA,EE. UU.,Home Office
20215,20139,Ogden,UT,EE. UU.,Home Office
20216,20373,Piscataway,NJ,EE. UU.,Home Office
20217,16585,Ithaca,NY,EE. UU.,Home Office
20218,19202,Aurora,CO,EE. UU.,Home Office
20219,15773,Baltimore,MD,EE. UU.,Home Office
20220,17934,Mesa,AZ,EE. UU.,Home Office
20221,15921,San Bernardino,CA,EE. UU.,Home Office
20222,20735,Phoenix,AZ,EE. UU.,Home Office
20223,18681,San Antonio,TX,EE. UU.,Home Office
20224,19803,Saint Paul,MN,EE. UU.,Home Office
20225,16341,South San Francisco,CA,EE. UU.,Home Office
20226,19837,Lancaster,CA,EE. UU.,Home Office
20227,16139,Baldwin Park,CA,EE. UU.,Home Office
20228,5963,Elk Grove,CA,EE. UU.,Home Office
20229,12435,Summerville,SC,EE. UU.,Home Office
20230,13151,Dubuque,IA,EE. UU.,Home Office
20231,13005,Meridian,ID,EE. UU.,Home Office
20232,13113,Waukegan,IL,EE. UU.,Home Office
20233,13144,Phoenix,AZ,EE. UU.,Home Office
20234,13392,Bronx,NY,EE. UU.,Home Office
20235,13281,Carlsbad,CA,EE. UU.,Home Office
20236,13227,Canton,MI,EE. UU.,Home Office
20237,13223,Piscataway,NJ,EE. UU.,Home Office
20238,13006,Buffalo,NY,EE. UU.,Home Office
20239,14204,Las Vegas,NV,EE. UU.,Home Office
20240,13987,Newark,NJ,EE. UU.,Home Office
20241,12779,San Antonio,TX,EE. UU.,Home Office
20242,13914,Rome,NY,EE. UU.,Home Office
20243,14733,Long Beach,CA,EE. UU.,Home Office
20244,13695,Everett,WA,EE. UU.,Home Office
20245,13694,Houston,TX,EE. UU.,Home Office
20246,13872,Lewisville,TX,EE. UU.,Home Office
20247,14014,Fort Lauderdale,FL,EE. UU.,Home Office
20248,13978,New Orleans,LA,EE. UU.,Home Office
20249,13883,Newark,DE,EE. UU.,Home Office
20250,13882,Memphis,TN,EE. UU.,Home Office
20251,14718,West Covina,CA,EE. UU.,Home Office
20252,12712,West Covina,CA,EE. UU.,Home Office
20253,12477,Brooklyn,NY,EE. UU.,Home Office
20254,12675,Mcallen,TX,EE. UU.,Home Office
20255,14931,Webster,NY,EE. UU.,Home Office
20256,13166,Bronx,NY,EE. UU.,Home Office
20257,14148,Lansdale,PA,EE. UU.,Home Office
20258,13021,New York,NY,EE. UU.,Home Office
20259,14360,Tucson,AZ,EE. UU.,Home Office
20260,14396,Newark,DE,EE. UU.,Home Office
20261,13051,El Paso,TX,EE. UU.,Home Office
20262,14638,Mesquite,TX,EE. UU.,Home Office
20263,14636,Fort Worth,TX,EE. UU.,Home Office
20264,14207,Bridgeton,NJ,EE. UU.,Home Office
20265,14597,Bellflower,CA,EE. UU.,Home Office
20266,14259,Jacksonville,FL,EE. UU.,Home Office
20267,13543,Waipahu,HI,EE. UU.,Home Office
20268,12488,Chicago,IL,EE. UU.,Home Office
20269,12627,Portland,OR,EE. UU.,Home Office
20270,12728,Columbus,OH,EE. UU.,Home Office
20271,12601,Antioch,CA,EE. UU.,Home Office
20272,15121,La Crosse,WI,EE. UU.,Home Office
20273,15013,Katy,TX,EE. UU.,Home Office
20274,15077,Carrollton,TX,EE. UU.,Home Office
20275,14081,New York,NY,EE. UU.,Home Office
20276,13771,Winter Park,FL,EE. UU.,Home Office
20277,11168,Plainfield,NJ,EE. UU.,Home Office
20278,104,Saint Paul,MN,EE. UU.,Home Office
20279,18183,Grand Prairie,TX,EE. UU.,Home Office
20280,19254,Brooklyn,NY,EE. UU.,Home Office
20281,17473,Stone Mountain,GA,EE. UU.,Home Office
20282,15322,Yuma,AZ,EE. UU.,Home Office
20283,17766,Mount Pleasant,MI,EE. UU.,Home Office
20284,18076,Hyattsville,MD,EE. UU.,Home Office
20285,18158,Edison,NJ,EE. UU.,Home Office
20286,16553,Raleigh,NC,EE. UU.,Home Office
20287,18835,Quincy,MA,EE. UU.,Home Office
20288,18778,Lake Forest,CA,EE. UU.,Home Office
20289,20421,Ontario,CA,EE. UU.,Home Office
20290,20492,El Paso,TX,EE. UU.,Home Office
20291,18377,El Paso,TX,EE. UU.,Home Office
20292,15954,Clovis,CA,EE. UU.,Home Office
20293,15637,Forest Hills,NY,EE. UU.,Home Office
20294,15384,Los Angeles,CA,EE. UU.,Home Office
20295,15308,Bronx,NY,EE. UU.,Home Office
20296,16242,Upland,CA,EE. UU.,Home Office
20297,17101,Los Angeles,CA,EE. UU.,Home Office
20298,16240,Hagerstown,MD,EE. UU.,Home Office
20299,16239,San Francisco,CA,EE. UU.,Home Office
20300,20293,Brooklyn,NY,EE. UU.,Home Office
20301,16359,Albuquerque,NM,EE. UU.,Home Office
20302,16197,Hayward,CA,EE. UU.,Home Office
20303,19925,Union City,NJ,EE. UU.,Home Office
20304,17142,Virginia Beach,VA,EE. UU.,Home Office
20305,17249,Gardena,CA,EE. UU.,Home Office
20306,19850,Chicago,IL,EE. UU.,Home Office
20307,16135,La Habra,CA,EE. UU.,Home Office
20308,18613,Goleta,CA,EE. UU.,Home Office
20309,18151,Los Angeles,CA,EE. UU.,Home Office
20310,18105,Algonquin,IL,EE. UU.,Home Office
20311,17902,Bronx,NY,EE. UU.,Home Office
20312,19249,Hamilton,OH,EE. UU.,Home Office
20313,16519,Wyandotte,MI,EE. UU.,Home Office
20314,16532,Brooklyn,NY,EE. UU.,Home Office
20315,15845,Philadelphia,PA,EE. UU.,Home Office
20316,15899,Greensboro,NC,EE. UU.,Home Office
20317,15842,El Paso,TX,EE. UU.,Home Office
20318,20428,Aurora,CO,EE. UU.,Home Office
20319,15967,Aurora,CO,EE. UU.,Home Office
20320,20659,Waipahu,HI,EE. UU.,Home Office
20321,18380,Loveland,OH,EE. UU.,Home Office
20322,16005,West Jordan,UT,EE. UU.,Home Office
20323,15482,Hyattsville,MD,EE. UU.,Home Office
20324,15366,Perth Amboy,NJ,EE. UU.,Home Office
20325,15383,Hayward,CA,EE. UU.,Home Office
20326,17613,Mchenry,IL,EE. UU.,Home Office
20327,17552,York,PA,EE. UU.,Home Office
20328,17560,Peabody,MA,EE. UU.,Home Office
20329,16241,Quincy,MA,EE. UU.,Home Office
20330,16133,Ypsilanti,MI,EE. UU.,Home Office
20331,19846,Newark,DE,EE. UU.,Home Office
20332,16238,Miami,FL,EE. UU.,Home Office
20333,16182,Kent,WA,EE. UU.,Home Office
20334,17867,Roswell,GA,EE. UU.,Home Office
20335,20235,Harlingen,TX,EE. UU.,Home Office
20336,18922,Waukegan,IL,EE. UU.,Home Office
20337,19873,Ann Arbor,MI,EE. UU.,Home Office
20338,15166,Brooklyn,NY,EE. UU.,Home Office
20339,16156,Los Angeles,CA,EE. UU.,Home Office
20340,19976,Carlisle,PA,EE. UU.,Home Office
20341,19975,Huntington Beach,CA,EE. UU.,Home Office
20342,20262,Seattle,WA,EE. UU.,Home Office
20343,18098,Lansdale,PA,EE. UU.,Home Office
20344,20730,Hialeah,FL,EE. UU.,Home Office
20345,20635,Dorchester Center,MA,EE. UU.,Home Office
20346,20670,Paramount,CA,EE. UU.,Home Office
20347,17609,Citrus Heights,CA,EE. UU.,Home Office
20348,17545,Apopka,FL,EE. UU.,Home Office
20349,15156,Ypsilanti,MI,EE. UU.,Home Office
20350,18587,Las Vegas,NV,EE. UU.,Home Office
20351,18956,Fullerton,CA,EE. UU.,Home Office
20352,19848,Detroit,MI,EE. UU.,Home Office
20353,12275,Modesto,CA,EE. UU.,Home Office
20354,7154,Chicago,IL,EE. UU.,Home Office
20355,3779,Madera,CA,EE. UU.,Home Office
20356,13506,Caguas,PR,Puerto Rico,Consumer
20357,14498,Caguas,PR,Puerto Rico,Consumer
20358,14160,Caguas,PR,Puerto Rico,Consumer
20359,14268,Caguas,PR,Puerto Rico,Consumer
20360,14840,Caguas,PR,Puerto Rico,Consumer
20361,493,Caguas,PR,Puerto Rico,Consumer
20362,12460,Caguas,PR,Puerto Rico,Consumer
20363,12459,San Juan,PR,Puerto Rico,Consumer
20364,14941,Caguas,PR,Puerto Rico,Consumer
20365,18149,Caguas,PR,Puerto Rico,Consumer
20366,16439,Caguas,PR,Puerto Rico,Consumer
20367,16618,Caguas,PR,Puerto Rico,Consumer
20368,18812,Caguas,PR,Puerto Rico,Consumer
20369,16037,Caguas,PR,Puerto Rico,Consumer
20370,17639,Caguas,PR,Puerto Rico,Consumer
20371,15336,Caguas,PR,Puerto Rico,Consumer
20372,15630,Caguas,PR,Puerto Rico,Consumer
20373,20061,Caguas,PR,Puerto Rico,Consumer
20374,20347,Caguas,PR,Puerto Rico,Consumer
20375,18907,Caguas,PR,Puerto Rico,Consumer
20376,17076,Caguas,PR,Puerto Rico,Consumer
20377,18995,Caguas,PR,Puerto Rico,Consumer
20378,17884,Caguas,PR,Puerto Rico,Consumer
20379,17120,Caguas,PR,Puerto Rico,Consumer
20380,13502,Caguas,PR,Puerto Rico,Consumer
20381,13061,Caguas,PR,Puerto Rico,Consumer
20382,12720,Caguas,PR,Puerto Rico,Consumer
20383,16557,Caguas,PR,Puerto Rico,Consumer
20384,19273,Caguas,PR,Puerto Rico,Consumer
20385,18846,Caguas,PR,Puerto Rico,Consumer
20386,14647,Caguas,PR,Puerto Rico,Consumer
20387,13340,Caguas,PR,Puerto Rico,Consumer
20388,14641,Caguas,PR,Puerto Rico,Consumer
20389,13999,Caguas,PR,Puerto Rico,Consumer
20390,13889,Caguas,PR,Puerto Rico,Consumer
20391,13853,Caguas,PR,Puerto Rico,Consumer
20392,18247,Caguas,PR,Puerto Rico,Consumer
20393,19196,Caguas,PR,Puerto Rico,Consumer
20394,19212,Caguas,PR,Puerto Rico,Consumer
20395,16547,Caguas,PR,Puerto Rico,Consumer
20396,15908,Caguas,PR,Puerto Rico,Consumer
20397,18481,Caguas,PR,Puerto Rico,Consumer
20398,15949,Caguas,PR,Puerto Rico,Consumer
20399,18390,Caguas,PR,Puerto Rico,Consumer
20400,20571,Caguas,PR,Puerto Rico,Consumer
20401,15929,Caguas,PR,Puerto Rico,Consumer
20402,18513,Caguas,PR,Puerto Rico,Consumer
20403,17377,Caguas,PR,Puerto Rico,Consumer
20404,17427,Caguas,PR,Puerto Rico,Consumer
20405,15588,Caguas,PR,Puerto Rico,Consumer
20406,18695,Caguas,PR,Puerto Rico,Consumer
20407,15407,Caguas,PR,Puerto Rico,Consumer
20408,17599,Caguas,PR,Puerto Rico,Consumer
20409,18981,Caguas,PR,Puerto Rico,Consumer
20410,20185,Caguas,PR,Puerto Rico,Consumer
20411,17849,Caguas,PR,Puerto Rico,Consumer
20412,19836,Caguas,PR,Puerto Rico,Consumer
20413,16279,Caguas,PR,Puerto Rico,Consumer
20414,13004,Caguas,PR,Puerto Rico,Consumer
20415,14346,Caguas,PR,Puerto Rico,Consumer
20416,14238,Caguas,PR,Puerto Rico,Consumer
20417,14328,Caguas,PR,Puerto Rico,Consumer
20418,14539,Caguas,PR,Puerto Rico,Consumer
20419,14464,Caguas,PR,Puerto Rico,Consumer
20420,13522,Caguas,PR,Puerto Rico,Consumer
20421,13143,Caguas,PR,Puerto Rico,Consumer
20422,14158,Caguas,PR,Puerto Rico,Consumer
20423,14390,Caguas,PR,Puerto Rico,Consumer
20424,14101,Caguas,PR,Puerto Rico,Consumer
20425,13513,Caguas,PR,Puerto Rico,Consumer
20426,13027,Caguas,PR,Puerto Rico,Consumer
20427,14436,Caguas,PR,Puerto Rico,Consumer
20428,13730,Caguas,PR,Puerto Rico,Consumer
20429,13637,Caguas,PR,Puerto Rico,Consumer
20430,13582,Caguas,PR,Puerto Rico,Consumer
20431,14030,Guaynabo,PR,Puerto Rico,Consumer
20432,14831,Caguas,PR,Puerto Rico,Consumer
20433,14902,Caguas,PR,Puerto Rico,Consumer
20434,13809,Caguas,PR,Puerto Rico,Consumer
20435,12650,Caguas,PR,Puerto Rico,Consumer
20436,12646,Caguas,PR,Puerto Rico,Consumer
20437,12447,Caguas,PR,Puerto Rico,Consumer
20438,12497,Caguas,PR,Puerto Rico,Consumer
20439,12568,Caguas,PR,Puerto Rico,Consumer
20440,12729,Caguas,PR,Puerto Rico,Consumer
20441,12691,Caguas,PR,Puerto Rico,Consumer
20442,12492,Caguas,PR,Puerto Rico,Consumer
20443,12850,Caguas,PR,Puerto Rico,Consumer
20444,12848,Caguas,PR,Puerto Rico,Consumer
20445,14974,Caguas,PR,Puerto Rico,Consumer
20446,15008,Caguas,PR,Puerto Rico,Consumer
20447,14971,Caguas,PR,Puerto Rico,Consumer
20448,12870,Caguas,PR,Puerto Rico,Consumer
20449,14982,Caguas,PR,Puerto Rico,Consumer
20450,7909,Caguas,PR,Puerto Rico,Consumer
20451,1047,Caguas,PR,Puerto Rico,Consumer
20452,18117,Caguas,PR,Puerto Rico,Consumer
20453,18170,Caguas,PR,Puerto Rico,Consumer
20454,18201,Caguas,PR,Puerto Rico,Consumer
20455,18141,Caguas,PR,Puerto Rico,Consumer
20456,18103,Caguas,PR,Puerto Rico,Consumer
20457,19063,Caguas,PR,Puerto Rico,Consumer
20458,19203,Caguas,PR,Puerto Rico,Consumer
20459,16417,Caguas,PR,Puerto Rico,Consumer
20460,19075,Caguas,PR,Puerto Rico,Consumer
20461,15761,Caguas,PR,Puerto Rico,Consumer
20462,15743,Caguas,PR,Puerto Rico,Consumer
20463,18759,Caguas,PR,Puerto Rico,Consumer
20464,15722,Caguas,PR,Puerto Rico,Consumer
20465,18829,Caguas,PR,Puerto Rico,Consumer
20466,17362,Caguas,PR,Puerto Rico,Consumer
20467,17941,Caguas,PR,Puerto Rico,Consumer
20468,17307,Caguas,PR,Puerto Rico,Consumer
20469,20713,Caguas,PR,Puerto Rico,Consumer
20470,18333,Caguas,PR,Puerto Rico,Consumer
20471,8329,Caguas,PR,Puerto Rico,Consumer
20472,18405,Caguas,PR,Puerto Rico,Consumer
20473,18440,Caguas,PR,Puerto Rico,Consumer
20474,17339,Caguas,PR,Puerto Rico,Consumer
20475,18295,Caguas,PR,Puerto Rico,Consumer
20476,17374,Caguas,PR,Puerto Rico,Consumer
20477,18026,Caguas,PR,Puerto Rico,Consumer
20478,16032,Caguas,PR,Puerto Rico,Consumer
20479,18472,Caguas,PR,Puerto Rico,Consumer
20480,18024,Caguas,PR,Puerto Rico,Consumer
20481,20398,Caguas,PR,Puerto Rico,Consumer
20482,17278,Caguas,PR,Puerto Rico,Consumer
20483,20647,Caguas,PR,Puerto Rico,Consumer
20484,20431,Caguas,PR,Puerto Rico,Consumer
20485,15934,Caguas,PR,Puerto Rico,Consumer
20486,15358,Caguas,PR,Puerto Rico,Consumer
20487,15370,Caguas,PR,Puerto Rico,Consumer
20488,9929,Caguas,PR,Puerto Rico,Consumer
20489,15622,Caguas,PR,Puerto Rico,Consumer
20490,18711,Caguas,PR,Puerto Rico,Consumer
20491,15296,Caguas,PR,Puerto Rico,Consumer
20492,15559,Caguas,PR,Puerto Rico,Consumer
20493,15666,Caguas,PR,Puerto Rico,Consumer
20494,15576,Caguas,PR,Puerto Rico,Consumer
20495,17557,Caguas,PR,Puerto Rico,Consumer
20496,17584,Caguas,PR,Puerto Rico,Consumer
20497,17565,Caguas,PR,Puerto Rico,Consumer
20498,19020,Guayama,PR,Puerto Rico,Consumer
20499,18539,Caguas,PR,Puerto Rico,Consumer
20500,15159,Caguas,PR,Puerto Rico,Consumer
20501,15266,Caguas,PR,Puerto Rico,Consumer
20502,20042,Caguas,PR,Puerto Rico,Consumer
20503,20077,Caguas,PR,Puerto Rico,Consumer
20504,16145,Caguas,PR,Puerto Rico,Consumer
20505,20074,Caguas,PR,Puerto Rico,Consumer
20506,20344,Caguas,PR,Puerto Rico,Consumer
20507,17072,Caguas,PR,Puerto Rico,Consumer
20508,15149,Caguas,PR,Puerto Rico,Consumer
20509,18617,Caguas,PR,Puerto Rico,Consumer
20510,20085,Caguas,PR,Puerto Rico,Consumer
20511,18543,Caguas,PR,Puerto Rico,Consumer
20512,20228,Caguas,PR,Puerto Rico,Consumer
20513,8213,Caguas,PR,Puerto Rico,Consumer
20514,3657,Caguas,PR,Puerto Rico,Consumer
20515,13473,Caguas,PR,Puerto Rico,Consumer
20516,13201,Caguas,PR,Puerto Rico,Consumer
20517,13326,Caguas,PR,Puerto Rico,Consumer
20518,13342,Caguas,PR,Puerto Rico,Consumer
20519,13465,Caguas,PR,Puerto Rico,Consumer
20520,13373,Caguas,PR,Puerto Rico,Consumer
20521,14265,Caguas,PR,Puerto Rico,Consumer
20522,14491,Caguas,PR,Puerto Rico,Consumer
20523,13315,Caguas,PR,Puerto Rico,Consumer
20524,13313,Caguas,PR,Puerto Rico,Consumer
20525,14505,Caguas,PR,Puerto Rico,Consumer
20526,14887,Caguas,PR,Puerto Rico,Consumer
20527,14793,Caguas,PR,Puerto Rico,Consumer
20528,13936,Caguas,PR,Puerto Rico,Consumer
20529,14810,Caguas,PR,Puerto Rico,Consumer
20530,14042,Caguas,PR,Puerto Rico,Consumer
20531,12739,Caguas,PR,Puerto Rico,Consumer
20532,12666,Caguas,PR,Puerto Rico,Consumer
20533,12683,Caguas,PR,Puerto Rico,Consumer
20534,12693,Humacao,PR,Puerto Rico,Consumer
20535,12958,Caguas,PR,Puerto Rico,Consumer
20536,12956,Caguas,PR,Puerto Rico,Consumer
20537,12899,Caguas,PR,Puerto Rico,Consumer
20538,15020,Caguas,PR,Puerto Rico,Consumer
20539,15018,Caguas,PR,Puerto Rico,Consumer
20540,13212,Caguas,PR,Puerto Rico,Consumer
20541,6647,Caguas,PR,Puerto Rico,Consumer
20542,14943,Caguas,PR,Puerto Rico,Consumer
20543,7014,Caguas,PR,Puerto Rico,Consumer
20544,18164,Caguas,PR,Puerto Rico,Consumer
20545,18180,Caguas,PR,Puerto Rico,Consumer
20546,19141,Caguas,PR,Puerto Rico,Consumer
20547,16497,Caguas,PR,Puerto Rico,Consumer
20548,19083,Caguas,PR,Puerto Rico,Consumer
20549,19168,Caguas,PR,Puerto Rico,Consumer
20550,16509,Caguas,PR,Puerto Rico,Consumer
20551,16507,Caguas,PR,Puerto Rico,Consumer
20552,19110,Caguas,PR,Puerto Rico,Consumer
20553,19216,Caguas,PR,Puerto Rico,Consumer
20554,18755,Caguas,PR,Puerto Rico,Consumer
20555,15734,Caguas,PR,Puerto Rico,Consumer
20556,15912,Caguas,PR,Puerto Rico,Consumer
20557,18763,Caguas,PR,Puerto Rico,Consumer
20558,18757,Caguas,PR,Puerto Rico,Consumer
20559,18444,Caguas,PR,Puerto Rico,Consumer
20560,18372,Rio Grande,PR,Puerto Rico,Consumer
20561,17957,Caguas,PR,Puerto Rico,Consumer
20562,17268,Caguas,PR,Puerto Rico,Consumer
20563,18311,Caguas,PR,Puerto Rico,Consumer
20564,20453,Caguas,PR,Puerto Rico,Consumer
20565,20632,Caguas,PR,Puerto Rico,Consumer
20566,20596,Caguas,PR,Puerto Rico,Consumer
20567,17384,Caguas,PR,Puerto Rico,Consumer
20568,17723,Caguas,PR,Puerto Rico,Consumer
20569,17382,Caguas,PR,Puerto Rico,Consumer
20570,17436,Caguas,PR,Puerto Rico,Consumer
20571,15305,Caguas,PR,Puerto Rico,Consumer
20572,18682,Caguas,PR,Puerto Rico,Consumer
20573,18644,Caguas,PR,Puerto Rico,Consumer
20574,15499,Caguas,PR,Puerto Rico,Consumer
20575,15404,Caguas,PR,Puerto Rico,Consumer
20576,15294,Caguas,PR,Puerto Rico,Consumer
20577,18707,Caguas,PR,Puerto Rico,Consumer
20578,15578,Caguas,PR,Puerto Rico,Consumer
20579,20189,Caguas,PR,Puerto Rico,Consumer
20580,20080,Caguas,PR,Puerto Rico,Consumer
20581,17871,Caguas,PR,Puerto Rico,Consumer
20582,20006,Caguas,PR,Puerto Rico,Consumer
20583,16148,Caguas,PR,Puerto Rico,Consumer
20584,17041,Caguas,PR,Puerto Rico,Consumer
20585,19031,Caguas,PR,Puerto Rico,Consumer
20586,17885,Carolina,PR,Puerto Rico,Consumer
20587,15185,Caguas,PR,Puerto Rico,Consumer
20588,17178,Caguas,PR,Puerto Rico,Consumer
20589,19995,Caguas,PR,Puerto Rico,Consumer
20590,20264,Vega Baja,PR,Puerto Rico,Consumer
20591,19166,Caguas,PR,Puerto Rico,Consumer
20592,18808,Caguas,PR,Puerto Rico,Consumer
20593,20684,Caguas,PR,Puerto Rico,Consumer
20594,17982,Caguas,PR,Puerto Rico,Consumer
20595,15352,Caguas,PR,Puerto Rico,Consumer
20596,16319,Caguas,PR,Puerto Rico,Consumer
20597,16335,Caguas,PR,Puerto Rico,Consumer
20598,4525,Caguas,PR,Puerto Rico,Consumer
20599,14537,Caguas,PR,Puerto Rico,Consumer
20600,14615,Caguas,PR,Puerto Rico,Consumer
20601,13660,Caguas,PR,Puerto Rico,Consumer
20602,12786,Caguas,PR,Puerto Rico,Consumer
20603,13956,Caguas,PR,Puerto Rico,Consumer
20604,14808,Caguas,PR,Puerto Rico,Consumer
20605,12718,Caguas,PR,Puerto Rico,Consumer
20606,12588,Caguas,PR,Puerto Rico,Consumer
20607,12584,Caguas,PR,Puerto Rico,Consumer
20608,14999,Caguas,PR,Puerto Rico,Consumer
20609,12604,Caguas,PR,Puerto Rico,Consumer
20610,18263,Caguas,PR,Puerto Rico,Consumer
20611,19098,Caguas,PR,Puerto Rico,Consumer
20612,19276,Caguas,PR,Puerto Rico,Consumer
20613,15727,Caguas,PR,Puerto Rico,Consumer
20614,18847,Toa Alta,PR,Puerto Rico,Consumer
20615,18012,Caguas,PR,Puerto Rico,Consumer
20616,15943,Caguas,PR,Puerto Rico,Consumer
20617,17657,Caguas,PR,Puerto Rico,Consumer
20618,17675,Caguas,PR,Puerto Rico,Consumer
20619,17315,Caguas,PR,Puerto Rico,Consumer
20620,15643,Caguas,PR,Puerto Rico,Consumer
20621,17529,Caguas,PR,Puerto Rico,Consumer
20622,20094,Caguas,PR,Puerto Rico,Consumer
20623,19913,Caguas,PR,Puerto Rico,Consumer
20624,20092,Caguas,PR,Puerto Rico,Consumer
20625,19890,Caguas,PR,Puerto Rico,Consumer
20626,15271,Caguas,PR,Puerto Rico,Consumer
20627,20008,Caguas,PR,Puerto Rico,Consumer
20628,12466,Caguas,PR,Puerto Rico,Home Office
20629,14626,Caguas,PR,Puerto Rico,Home Office
20630,13071,Caguas,PR,Puerto Rico,Home Office
20631,14586,Caguas,PR,Puerto Rico,Home Office
20632,14656,Caguas,PR,Puerto Rico,Home Office
20633,13078,Caguas,PR,Puerto Rico,Home Office
20634,13536,Caguas,PR,Puerto Rico,Home Office
20635,13871,Caguas,PR,Puerto Rico,Home Office
20636,1642,Caguas,PR,Puerto Rico,Home Office
20637,12724,San Juan,PR,Puerto Rico,Home Office
20638,18218,Caguas,PR,Puerto Rico,Home Office
20639,16495,Caguas,PR,Puerto Rico,Home Office
20640,16132,Caguas,PR,Puerto Rico,Home Office
20641,17894,Caguas,PR,Puerto Rico,Home Office
20642,19046,Caguas,PR,Puerto Rico,Home Office
20643,15875,Caguas,PR,Puerto Rico,Home Office
20644,17288,Caguas,PR,Puerto Rico,Home Office
20645,17465,Caguas,PR,Puerto Rico,Home Office
20646,18412,Caguas,PR,Puerto Rico,Home Office
20647,17206,Caguas,PR,Puerto Rico,Home Office
20648,18586,Caguas,PR,Puerto Rico,Home Office
20649,16322,Caguas,PR,Puerto Rico,Home Office
20650,18579,Caguas,PR,Puerto Rico,Home Office
20651,16244,Caguas,PR,Puerto Rico,Home Office
20652,2677,Caguas,PR,Puerto Rico,Home Office
